entrez_gene_id,hugo_symbol,average_expression,number_of_tumour_samples,cancer_type,dataset_name,is_oncogene,is_tumor_suppressor_gene
10376,TUBA1B,47332.988489,139,GBM,cBioPortal,,
3106,HLA-B,34387.455848,300,OV,cBioPortal,No,Yes
5315,PKM2,31869.128333,78,ACC,cBioPortal,,
2512,FTL,42111.574157,178,PCPG,cBioPortal,,
189,AGXT,33263.123968,366,LIHC,cBioPortal,,
6171,RPL41,32044.589260,300,OV,cBioPortal,,
6175,RPLP0,48741.598658,149,TGCT,cBioPortal,,
1278,COL1A2,268695.359680,253,SARC,cBioPortal,,
1586,CYP17A1,150245.165679,78,ACC,cBioPortal,No,No
6137,RPL13,97569.496250,80,UVM,cBioPortal,,
348,APOE,43824.708958,48,DLBC,cBioPortal,,
1191,CLU,58660.621474,300,OV,cBioPortal,,
6137,RPL13,31243.143255,493,PRAD,cBioPortal,,
6138,RPL15,30849.063452,300,OV,cBioPortal,,
6187,RPS2,36601.872708,48,DLBC,cBioPortal,,
6229,RPS24,45669.816667,48,DLBC,cBioPortal,,
10399,GNB2L1,35544.140337,300,OV,cBioPortal,,
6194,RPS6,63521.632500,80,UVM,cBioPortal,,
6222,RPS18,66320.637500,48,DLBC,cBioPortal,,
1915,EEF1A1,95707.328251,592,COADREAD,cBioPortal,,
3105,HLA-A,55497.358026,76,SKCM,cBioPortal,No,Yes
1938,EEF2,96923.374933,493,PRAD,cBioPortal,,
3486,IGFBP3,57447.030941,510,KIRC,cBioPortal,,
6132,RPL8,51589.397479,119,THYM,cBioPortal,,
6124,RPL4,51493.917647,119,THYM,cBioPortal,,
4069,LYZ,66534.015764,412,STAD,cBioPortal,,
7117,TMSL3,33272.762273,484,LUSC,cBioPortal,,
6194,RPS6,32953.613662,497,THCA,cBioPortal,,
7178,TPT1,66257.761404,57,UCS,cBioPortal,,
2495,FTH1,47989.863750,80,UVM,cBioPortal,,
2512,FTL,36602.510765,497,THCA,cBioPortal,,
3880,KRT19,63935.556679,407,BLCA,cBioPortal,,
5315,PKM2,38317.363808,407,BLCA,cBioPortal,,
3698,ITIH2,62075.722511,366,LIHC,cBioPortal,,
6194,RPS6,30955.227721,294,CESC,cBioPortal,,
7431,VIM,31344.565679,78,ACC,cBioPortal,,
6206,RPS12,39177.560586,173,LAML,cBioPortal,,
1191,CLU,41935.511839,510,KIRC,cBioPortal,,
3326,HSP90AB1,48046.062921,178,PCPG,cBioPortal,No,No
6124,RPL4,71965.952083,48,DLBC,cBioPortal,,
6222,RPS18,41068.971065,592,COADREAD,cBioPortal,,
3106,HLA-B,31718.060331,484,LUSC,cBioPortal,No,Yes
7178,TPT1,40717.163684,76,SKCM,cBioPortal,,
6175,RPLP0,39984.904156,527,UCEC,cBioPortal,,
6122,RPL3,69568.914583,48,DLBC,cBioPortal,,
1938,EEF2,217300.500000,80,UVM,cBioPortal,,
6217,RPS16,46239.125000,48,DLBC,cBioPortal,,
6171,RPL41,36411.444375,48,DLBC,cBioPortal,,
6202,RPS8,40708.191930,57,UCS,cBioPortal,,
4627,MYH9,41925.178877,181,ESCA,cBioPortal,No,No
9168,TMSB10,48722.945833,48,DLBC,cBioPortal,,
8788,DLK1,257907.406449,78,ACC,cBioPortal,,
3105,HLA-A,73010.677083,48,DLBC,cBioPortal,No,Yes
1938,EEF2,40900.182064,407,BLCA,cBioPortal,,
213,ALB,118020.220567,36,CHOL,cBioPortal,No,No
60,ACTB,133372.587770,139,GBM,cBioPortal,No,No
2778,GNAS,39402.253424,527,UCEC,cBioPortal,Yes,No
2495,FTH1,33924.313889,36,CHOL,cBioPortal,,
5317,PKP1,42593.410317,515,HNSC,cBioPortal,,
6176,RPLP1,67595.291667,48,DLBC,cBioPortal,,
6122,RPL3,50837.741722,527,UCEC,cBioPortal,,
3106,HLA-B,41773.915526,76,SKCM,cBioPortal,No,Yes
283120,H19,84502.030892,407,BLCA,cBioPortal,,
1281,COL3A1,59658.781060,181,ESCA,cBioPortal,,
6277,S100A6,48892.386117,497,THCA,cBioPortal,,
967,CD63,35500.112179,78,ACC,cBioPortal,,
351,APP,32926.271353,510,KIRC,cBioPortal,,
4680,CEACAM6,40543.725977,510,LUAD,cBioPortal,,
1509,CTSD,53344.821612,366,LIHC,cBioPortal,,
567,B2M,64471.589549,510,LUAD,cBioPortal,No,Yes
7178,TPT1,45248.987961,515,HNSC,cBioPortal,,
6122,RPL3,34320.317949,78,ACC,cBioPortal,,
3106,HLA-B,31161.608752,1082,BRCA,cBioPortal,No,Yes
2512,FTL,321304.611749,366,LIHC,cBioPortal,,
1191,CLU,59690.797026,78,ACC,cBioPortal,,
2597,GAPDH,77516.567361,592,COADREAD,cBioPortal,,
1191,CLU,56717.031236,178,PCPG,cBioPortal,,
378938,MALAT1,30802.195142,173,LAML,cBioPortal,,
7316,UBC,31075.923529,119,THYM,cBioPortal,,
1938,EEF2,65827.436975,119,THYM,cBioPortal,,
6157,RPL27A,47371.481667,48,DLBC,cBioPortal,,
28959,TMEM176B,32187.199790,366,LIHC,cBioPortal,,
6141,RPL18,44106.384375,48,DLBC,cBioPortal,,
6279,S100A8,58306.538321,515,HNSC,cBioPortal,,
7431,VIM,51480.808772,57,UCS,cBioPortal,,
7009,TMBIM6,37464.682213,366,LIHC,cBioPortal,,
71,ACTG1,86001.149698,497,THCA,cBioPortal,No,Yes
79026,AHNAK,53093.633401,173,LAML,cBioPortal,,
8755,ADAM6,146540.015641,510,LUAD,cBioPortal,,
2778,GNAS,54853.124615,65,KICH,cBioPortal,Yes,No
6122,RPL3,58799.236226,173,LAML,cBioPortal,,
2512,FTL,49622.922222,36,CHOL,cBioPortal,,
972,CD74,100042.804059,510,KIRC,cBioPortal,Yes,No
2512,FTL,38980.616724,181,ESCA,cBioPortal,,
6181,RPLP2,42907.738750,80,UVM,cBioPortal,,
60,ACTB,78514.557198,514,LGG,cBioPortal,No,No
229,ALDOB,108337.766077,366,LIHC,cBioPortal,,
1915,EEF1A1,77897.754510,510,LUAD,cBioPortal,,
5225,PGC,32296.324688,412,STAD,cBioPortal,,
3488,IGFBP5,38245.790237,253,SARC,cBioPortal,,
5037,PEBP1,53637.501410,78,ACC,cBioPortal,,
949,SCARB1,55230.464231,78,ACC,cBioPortal,,
1401,CRP,61869.230865,366,LIHC,cBioPortal,,
1291,COL6A1,70597.920751,253,SARC,cBioPortal,,
3872,KRT17,103724.524463,294,CESC,cBioPortal,,
3107,HLA-C,37424.371843,510,KIRC,cBioPortal,No,Yes
11151,CORO1A,41886.193750,48,DLBC,cBioPortal,,
1278,COL1A2,47211.842050,300,OV,cBioPortal,,
2810,SFN,80212.759087,515,HNSC,cBioPortal,,
10399,GNB2L1,32068.815132,76,SKCM,cBioPortal,,
2810,SFN,41327.706544,294,CESC,cBioPortal,,
60,ACTB,98464.604251,1082,BRCA,cBioPortal,No,No
5660,PSAP,39495.195798,119,THYM,cBioPortal,,
715,C1R,34851.117816,87,MESO,cBioPortal,,
2597,GAPDH,52778.448454,412,STAD,cBioPortal,,
64065,PERP,31545.523492,484,LUSC,cBioPortal,,
6224,RPS20,51202.562982,57,UCS,cBioPortal,,
6370,CCL25,42356.148542,119,THYM,cBioPortal,,
972,CD74,41483.633983,1082,BRCA,cBioPortal,Yes,No
6490,SILV,340169.438750,80,UVM,cBioPortal,,
71,ACTG1,42674.964508,366,LIHC,cBioPortal,No,Yes
6176,RPLP1,32455.661921,484,LUSC,cBioPortal,,
972,CD74,37432.286925,173,LAML,cBioPortal,Yes,No
9168,TMSB10,31492.598975,283,KIRP,cBioPortal,,
7316,UBC,45458.403162,253,SARC,cBioPortal,,
1277,COL1A1,294243.242759,87,MESO,cBioPortal,Yes,No
71,ACTG1,45438.250389,514,LGG,cBioPortal,No,Yes
2335,FN1,44078.410470,149,TGCT,cBioPortal,,
6122,RPL3,44442.167105,76,SKCM,cBioPortal,,
682,BSG,38812.896410,78,ACC,cBioPortal,,
26986,PABPC1,50449.167982,181,ESCA,cBioPortal,,
3481,IGF2,72764.260058,300,OV,cBioPortal,Yes,No
2597,GAPDH,58298.230588,510,LUAD,cBioPortal,,
5803,PTPRZ1,35882.952410,139,GBM,cBioPortal,,
6132,RPL8,46078.184078,515,HNSC,cBioPortal,,
4313,MMP2,36711.374652,253,SARC,cBioPortal,,
3481,IGF2,399392.089782,78,ACC,cBioPortal,Yes,No
71,ACTG1,58215.503328,493,PRAD,cBioPortal,No,Yes
8490,RGS5,53744.844631,510,KIRC,cBioPortal,,
6124,RPL4,40210.389217,527,UCEC,cBioPortal,,
5315,PKM2,43969.050620,484,LUSC,cBioPortal,,
183,AGT,80003.674852,366,LIHC,cBioPortal,,
2512,FTL,37157.949689,515,HNSC,cBioPortal,,
5005,ORM2,35190.176528,366,LIHC,cBioPortal,,
2597,GAPDH,57619.492090,177,PAAD,cBioPortal,,
10399,GNB2L1,40199.087719,57,UCS,cBioPortal,,
3868,KRT16,202126.280376,515,HNSC,cBioPortal,,
1278,COL1A2,51067.473079,484,LUSC,cBioPortal,,
6176,RPLP1,49302.155034,149,TGCT,cBioPortal,,
6141,RPL18,55419.588750,80,UVM,cBioPortal,,
3875,KRT18,30874.522527,592,COADREAD,cBioPortal,,
682,BSG,66878.409231,65,KICH,cBioPortal,,
4629,MYH11,65449.291459,493,PRAD,cBioPortal,No,Yes
3728,JUP,34745.846528,181,ESCA,cBioPortal,,
1915,EEF1A1,81517.666102,177,PAAD,cBioPortal,,
3106,HLA-B,34477.493459,181,ESCA,cBioPortal,No,Yes
7316,UBC,39499.054834,181,ESCA,cBioPortal,,
6203,RPS9,51607.321875,48,DLBC,cBioPortal,,
6277,S100A6,54878.184068,177,PAAD,cBioPortal,,
6124,RPL4,31151.842235,592,COADREAD,cBioPortal,,
1281,COL3A1,66419.691936,484,LUSC,cBioPortal,,
682,BSG,63449.038750,80,UVM,cBioPortal,,
10376,TUBA1B,35680.196644,149,TGCT,cBioPortal,,
2495,FTH1,43859.198627,510,KIRC,cBioPortal,,
5315,PKM2,30900.977396,181,ESCA,cBioPortal,,
1508,CTSB,42164.069752,484,LUSC,cBioPortal,,
8878,SQSTM1,43790.722678,366,LIHC,cBioPortal,Yes,No
4629,MYH11,80307.596858,253,SARC,cBioPortal,No,Yes
7178,TPT1,76722.497917,48,DLBC,cBioPortal,,
1915,EEF1A1,55068.802718,515,HNSC,cBioPortal,,
6386,SDCBP,31797.563750,80,UVM,cBioPortal,,
1938,EEF2,58220.963889,36,CHOL,cBioPortal,,
26986,PABPC1,43407.138255,149,TGCT,cBioPortal,,
8404,SPARCL1,36337.462323,65,KICH,cBioPortal,,
200958,MUC20,31994.954172,65,KICH,cBioPortal,,
2495,FTH1,43806.507353,510,LUAD,cBioPortal,,
348,APOE,33014.009196,283,KIRP,cBioPortal,,
2597,GAPDH,79865.603448,87,MESO,cBioPortal,,
6193,RPS5,38842.496042,48,DLBC,cBioPortal,,
7431,VIM,84123.893529,510,KIRC,cBioPortal,,
567,B2M,50598.884888,300,OV,cBioPortal,No,Yes
3106,HLA-B,38085.614113,592,COADREAD,cBioPortal,No,Yes
1281,COL3A1,77140.134631,149,TGCT,cBioPortal,,
1056,CEL,64964.121016,177,PAAD,cBioPortal,,
60,ACTB,122450.683230,412,STAD,cBioPortal,No,No
7306,TYRP1,118185.089125,80,UVM,cBioPortal,,
8490,RGS5,159386.029213,178,PCPG,cBioPortal,,
2778,GNAS,231746.486517,178,PCPG,cBioPortal,Yes,No
6188,RPS3,67653.683333,48,DLBC,cBioPortal,,
567,B2M,61666.898934,366,LIHC,cBioPortal,No,Yes
3106,HLA-B,41914.860833,36,CHOL,cBioPortal,No,Yes
1509,CTSD,42614.015227,510,KIRC,cBioPortal,,
2495,FTH1,36532.775889,253,SARC,cBioPortal,,
2023,ENO1,53191.987500,48,DLBC,cBioPortal,,
1915,EEF1A1,93721.846043,527,UCEC,cBioPortal,,
567,B2M,58243.560580,181,ESCA,cBioPortal,No,Yes
10631,POSTN,33766.596703,253,SARC,cBioPortal,,
2266,FGG,172637.448495,366,LIHC,cBioPortal,,
716,C1S,46357.140230,87,MESO,cBioPortal,,
811,CALR,31967.298851,87,MESO,cBioPortal,Yes,No
3105,HLA-A,33702.670516,407,BLCA,cBioPortal,No,Yes
203068,TUBB,45864.546309,149,TGCT,cBioPortal,,
6135,RPL11,34367.426050,119,THYM,cBioPortal,,
6122,RPL3,45758.396844,300,OV,cBioPortal,,
336,APOA2,328551.578537,366,LIHC,cBioPortal,,
293,SLC25A6,51781.147500,80,UVM,cBioPortal,,
972,CD74,55347.192925,294,CESC,cBioPortal,Yes,No
10136,CELA3A,82205.985683,177,PAAD,cBioPortal,,
567,B2M,32517.106309,149,TGCT,cBioPortal,No,Yes
972,CD74,51426.647127,283,KIRP,cBioPortal,Yes,No
6223,RPS19,31070.292116,527,UCEC,cBioPortal,,
6175,RPLP0,35558.747222,36,CHOL,cBioPortal,,
1281,COL3A1,281357.010905,253,SARC,cBioPortal,,
6202,RPS8,43573.199496,119,THYM,cBioPortal,,
71,ACTG1,74392.039804,510,LUAD,cBioPortal,No,Yes
3326,HSP90AB1,45938.879945,181,ESCA,cBioPortal,No,No
1938,EEF2,47595.223164,177,PAAD,cBioPortal,,
6194,RPS6,32094.864368,87,MESO,cBioPortal,,
1915,EEF1A1,132299.672917,48,DLBC,cBioPortal,,
7117,TMSL3,53275.183529,119,THYM,cBioPortal,,
1509,CTSD,45299.387632,76,SKCM,cBioPortal,,
6191,RPS4X,32921.206614,493,PRAD,cBioPortal,,
2202,EFEMP1,33701.875172,87,MESO,cBioPortal,,
1508,CTSB,32315.874724,181,ESCA,cBioPortal,,
3105,HLA-A,51159.935500,80,UVM,cBioPortal,No,Yes
6678,SPARC,33528.197244,300,OV,cBioPortal,,
1915,EEF1A1,72147.553542,181,ESCA,cBioPortal,,
2335,FN1,62564.639605,76,SKCM,cBioPortal,,
6138,RPL15,37167.389583,48,DLBC,cBioPortal,,
6122,RPL3,35767.020197,407,BLCA,cBioPortal,,
682,BSG,32030.146579,76,SKCM,cBioPortal,,
6175,RPLP0,37666.770115,87,MESO,cBioPortal,,
9168,TMSB10,31650.272457,407,BLCA,cBioPortal,,
1508,CTSB,31603.737157,510,LUAD,cBioPortal,,
6222,RPS18,33135.807335,484,LUSC,cBioPortal,,
3326,HSP90AB1,36064.483333,36,CHOL,cBioPortal,No,No
3105,HLA-A,38659.027235,510,LUAD,cBioPortal,No,Yes
8755,ADAM6,33194.016685,87,MESO,cBioPortal,,
6160,RPL31,32027.928750,80,UVM,cBioPortal,,
1938,EEF2,86984.088591,149,TGCT,cBioPortal,,
1915,EEF1A1,62468.752809,178,PCPG,cBioPortal,,
51109,RDH11,36088.599435,493,PRAD,cBioPortal,,
567,B2M,74296.967264,497,THCA,cBioPortal,No,Yes
1915,EEF1A1,63088.272368,76,SKCM,cBioPortal,,
2316,FLNA,36713.441184,515,HNSC,cBioPortal,,
967,CD63,52195.773947,76,SKCM,cBioPortal,,
10216,PRG4,39436.531079,87,MESO,cBioPortal,,
3291,HSD11B2,38094.667460,65,KICH,cBioPortal,,
7178,TPT1,49348.192490,253,SARC,cBioPortal,,
9168,TMSB10,36998.781389,36,CHOL,cBioPortal,,
1356,CP,36722.324551,366,LIHC,cBioPortal,,
6277,S100A6,31438.262551,294,CESC,cBioPortal,,
5098,PCDHGC3,31141.902004,514,LGG,cBioPortal,,
6191,RPS4X,34543.070018,1082,BRCA,cBioPortal,,
720,C4A,32521.643874,1082,BRCA,cBioPortal,,
60,ACTB,69648.389537,497,THCA,cBioPortal,No,No
1277,COL1A1,37255.286944,36,CHOL,cBioPortal,Yes,No
1718,DHCR24,69740.942436,78,ACC,cBioPortal,,
2597,GAPDH,130931.767500,80,UVM,cBioPortal,,
6222,RPS18,31394.625930,181,ESCA,cBioPortal,,
6122,RPL3,32641.935331,484,LUSC,cBioPortal,,
7178,TPT1,78100.100222,300,OV,cBioPortal,,
2597,GAPDH,56737.784104,1082,BRCA,cBioPortal,,
3854,KRT6B,39613.425893,181,ESCA,cBioPortal,,
6194,RPS6,54727.889076,119,THYM,cBioPortal,,
226,ALDOA,32880.034963,1082,BRCA,cBioPortal,,
5967,REG1A,63256.545256,177,PAAD,cBioPortal,,
226,ALDOA,37175.521892,407,BLCA,cBioPortal,,
6158,RPL28,35886.330877,57,UCS,cBioPortal,,
4069,LYZ,123022.848418,173,LAML,cBioPortal,,
5660,PSAP,56559.896552,87,MESO,cBioPortal,,
1281,COL3A1,43535.712271,300,OV,cBioPortal,,
1509,CTSD,42538.178098,510,LUAD,cBioPortal,,
2512,FTL,94705.428824,510,LUAD,cBioPortal,,
71,ACTG1,80614.701342,149,TGCT,cBioPortal,No,Yes
1509,CTSD,54321.829167,48,DLBC,cBioPortal,,
10279,PRSS16,51942.238204,119,THYM,cBioPortal,,
2813,GP2,42898.050693,177,PAAD,cBioPortal,,
6319,SCD,53399.174000,366,LIHC,cBioPortal,,
8755,ADAM6,119589.533333,48,DLBC,cBioPortal,,
3105,HLA-A,37186.538889,36,CHOL,cBioPortal,No,Yes
286887,KRT6C,34047.050141,76,SKCM,cBioPortal,,
10376,TUBA1B,38655.985042,119,THYM,cBioPortal,,
8788,DLK1,235154.325396,178,PCPG,cBioPortal,,
7431,VIM,38895.548516,283,KIRP,cBioPortal,,
5216,PFN1,44918.012500,48,DLBC,cBioPortal,,
6222,RPS18,35907.255172,87,MESO,cBioPortal,,
1576,CYP3A4,37756.258161,366,LIHC,cBioPortal,,
720,C4A,30912.751515,497,THCA,cBioPortal,,
10376,TUBA1B,43752.272917,48,DLBC,cBioPortal,,
1915,EEF1A1,83653.378417,139,GBM,cBioPortal,,
3697,ITIH1,43028.628277,366,LIHC,cBioPortal,,
498,ATP5A1,37622.748308,65,KICH,cBioPortal,,
4059,BCAM,37142.182239,300,OV,cBioPortal,,
3107,HLA-C,32771.298980,294,CESC,cBioPortal,No,Yes
6203,RPS9,65255.642500,80,UVM,cBioPortal,,
3326,HSP90AB1,48441.322368,76,SKCM,cBioPortal,No,No
7117,TMSL3,43831.734998,592,COADREAD,cBioPortal,,
7178,TPT1,72214.583750,80,UVM,cBioPortal,,
5104,SERPINA5,32630.475868,78,ACC,cBioPortal,,
1634,DCN,43753.467867,253,SARC,cBioPortal,,
3326,HSP90AB1,37134.616376,412,STAD,cBioPortal,No,No
3861,KRT14,78867.320246,294,CESC,cBioPortal,,
567,B2M,51850.076798,484,LUSC,cBioPortal,No,Yes
71,ACTG1,85988.170055,527,UCEC,cBioPortal,No,Yes
6208,RPS14,34337.372500,80,UVM,cBioPortal,,
6176,RPLP1,34005.505680,294,CESC,cBioPortal,,
60,ACTB,85601.802745,510,KIRC,cBioPortal,No,No
3240,HP,32363.777408,36,CHOL,cBioPortal,,
6132,RPL8,32150.673202,253,SARC,cBioPortal,,
2335,FN1,325083.045714,497,THCA,cBioPortal,,
1284,COL4A2,35888.575968,253,SARC,cBioPortal,,
226,ALDOA,32761.184035,57,UCS,cBioPortal,,
6224,RPS20,44355.489583,48,DLBC,cBioPortal,,
6143,RPL19,65915.855000,80,UVM,cBioPortal,,
6280,S100A9,97917.622058,515,HNSC,cBioPortal,,
6122,RPL3,49423.783099,497,THCA,cBioPortal,,
354,KLK3,406121.821839,493,PRAD,cBioPortal,,
722,C4BPA,32823.040880,366,LIHC,cBioPortal,,
3852,KRT5,53260.757899,119,THYM,cBioPortal,,
26986,PABPC1,35347.654561,57,UCS,cBioPortal,,
5315,PKM2,38835.630188,300,OV,cBioPortal,,
5660,PSAP,46502.965455,253,SARC,cBioPortal,,
972,CD74,56416.044557,253,SARC,cBioPortal,Yes,No
6122,RPL3,33076.378702,412,STAD,cBioPortal,,
9445,ITM2B,36941.973510,510,KIRC,cBioPortal,,
26986,PABPC1,34781.425049,515,HNSC,cBioPortal,,
2335,FN1,72742.211078,510,LUAD,cBioPortal,,
6218,RPS17,40584.798750,80,UVM,cBioPortal,,
6188,RPS3,48004.586975,119,THYM,cBioPortal,,
12,SERPINA3,41443.010944,36,CHOL,cBioPortal,,
23428,SLC7A8,31622.908875,80,UVM,cBioPortal,,
7448,VTN,187935.537611,366,LIHC,cBioPortal,,
3481,IGF2,58316.173030,253,SARC,cBioPortal,Yes,No
9349,RPL23,33174.779167,48,DLBC,cBioPortal,,
6222,RPS18,37036.609852,412,STAD,cBioPortal,,
1293,COL6A3,32655.027203,177,PAAD,cBioPortal,,
7038,TG,704195.762113,497,THCA,cBioPortal,,
358,AQP1,39881.575057,87,MESO,cBioPortal,,
6176,RPLP1,43731.073563,87,MESO,cBioPortal,,
283131,NEAT1,37160.581465,173,LAML,cBioPortal,,
5660,PSAP,63401.104947,283,KIRP,cBioPortal,,
3481,IGF2,208677.325258,178,PCPG,cBioPortal,Yes,No
11224,RPL35,33044.142083,48,DLBC,cBioPortal,,
3105,HLA-A,41016.762874,87,MESO,cBioPortal,No,Yes
1360,CPB1,35792.323751,1082,BRCA,cBioPortal,,
7178,TPT1,66201.895400,493,PRAD,cBioPortal,,
5757,PTMA,38924.315966,119,THYM,cBioPortal,,
2023,ENO1,60859.203804,510,KIRC,cBioPortal,,
5345,SERPINF2,32337.096945,366,LIHC,cBioPortal,,
3700,ITIH4,57993.076677,366,LIHC,cBioPortal,,
6130,RPL7A,41401.400871,173,LAML,cBioPortal,,
2597,GAPDH,68765.494071,253,SARC,cBioPortal,,
1508,CTSB,39270.021383,253,SARC,cBioPortal,,
6280,S100A9,67025.988898,294,CESC,cBioPortal,,
972,CD74,46303.936053,76,SKCM,cBioPortal,Yes,No
2052,EPHX1,79111.280104,366,LIHC,cBioPortal,,
345,APOC3,109742.806539,366,LIHC,cBioPortal,,
5660,PSAP,36978.708470,366,LIHC,cBioPortal,,
3860,KRT13,37094.345748,407,BLCA,cBioPortal,,
7316,UBC,32844.871053,76,SKCM,cBioPortal,,
3312,HSPA8,31193.465976,412,STAD,cBioPortal,,
6138,RPL15,33568.548625,80,UVM,cBioPortal,,
4852,NPY,43327.068952,178,PCPG,cBioPortal,,
6181,RPLP2,53469.850417,48,DLBC,cBioPortal,,
26986,PABPC1,34165.355000,510,LUAD,cBioPortal,,
96610,BMS1P20,33574.450211,412,STAD,cBioPortal,,
2316,FLNA,91423.142134,253,SARC,cBioPortal,,
226,ALDOA,58608.170769,65,KICH,cBioPortal,,
348,APOE,47412.532763,76,SKCM,cBioPortal,,
2512,FTL,91081.084298,484,LUSC,cBioPortal,,
358,AQP1,36754.850459,283,KIRP,cBioPortal,,
5034,P4HB,32593.947059,510,LUAD,cBioPortal,,
972,CD74,41405.544317,139,GBM,cBioPortal,Yes,No
6224,RPS20,39495.258824,119,THYM,cBioPortal,,
3851,KRT4,34434.218941,181,ESCA,cBioPortal,,
567,B2M,70591.485057,87,MESO,cBioPortal,No,Yes
10399,GNB2L1,36139.963961,510,KIRC,cBioPortal,,
6699,SPRR1B,32173.079301,515,HNSC,cBioPortal,,
3326,HSP90AB1,33631.407645,484,LUSC,cBioPortal,No,No
567,B2M,87507.869353,510,KIRC,cBioPortal,No,Yes
6678,SPARC,46213.642632,57,UCS,cBioPortal,,
71,ACTG1,73763.515557,300,OV,cBioPortal,No,Yes
71,ACTG1,81388.484014,294,CESC,cBioPortal,No,Yes
6124,RPL4,44634.626316,57,UCS,cBioPortal,,
2495,FTH1,35174.085612,139,GBM,cBioPortal,,
60,ACTB,158994.525692,253,SARC,cBioPortal,No,No
1915,EEF1A1,65067.457985,407,BLCA,cBioPortal,,
7448,VTN,30907.649333,36,CHOL,cBioPortal,,
6382,SDC1,30998.206777,515,HNSC,cBioPortal,,
1278,COL1A2,115886.260169,177,PAAD,cBioPortal,,
7178,TPT1,81398.349095,497,THCA,cBioPortal,,
3105,HLA-A,44332.079862,515,HNSC,cBioPortal,No,Yes
351,APP,32429.224923,65,KICH,cBioPortal,,
2512,FTL,123874.024028,283,KIRP,cBioPortal,,
6161,RPL32,35787.639916,119,THYM,cBioPortal,,
6122,RPL3,32006.637173,283,KIRP,cBioPortal,,
1915,EEF1A1,76613.638889,36,CHOL,cBioPortal,,
7316,UBC,55060.061176,510,KIRC,cBioPortal,,
1278,COL1A2,103732.862920,1082,BRCA,cBioPortal,,
23521,RPL13A,34026.969123,57,UCS,cBioPortal,,
60,ACTB,121146.258757,177,PAAD,cBioPortal,No,No
71,ACTG1,38815.883077,65,KICH,cBioPortal,No,Yes
2023,ENO1,48321.486302,484,LUSC,cBioPortal,,
771,CA12,74489.803338,65,KICH,cBioPortal,,
567,B2M,46197.859316,1082,BRCA,cBioPortal,No,Yes
5315,PKM2,32350.629718,177,PAAD,cBioPortal,,
60,ACTB,113224.952479,484,LUSC,cBioPortal,No,No
718,C3,41835.733292,300,OV,cBioPortal,,
6217,RPS16,44363.157500,80,UVM,cBioPortal,,
6176,RPLP1,68638.050420,119,THYM,cBioPortal,,
2934,GSN,35794.256403,253,SARC,cBioPortal,,
6194,RPS6,79983.777083,48,DLBC,cBioPortal,,
3312,HSPA8,31819.819367,300,OV,cBioPortal,,
2597,GAPDH,52910.441602,181,ESCA,cBioPortal,,
3918,LAMC2,34513.806683,515,HNSC,cBioPortal,,
8755,ADAM6,32010.557400,36,CHOL,cBioPortal,,
3854,KRT6B,59677.445128,76,SKCM,cBioPortal,,
8755,ADAM6,40323.334837,181,ESCA,cBioPortal,,
720,C4A,38910.248644,510,KIRC,cBioPortal,,
2597,GAPDH,98093.423842,300,OV,cBioPortal,,
6124,RPL4,32661.913889,36,CHOL,cBioPortal,,
6124,RPL4,56088.873154,149,TGCT,cBioPortal,,
567,B2M,56245.342857,119,THYM,cBioPortal,No,Yes
3959,LGALS3BP,50036.582500,80,UVM,cBioPortal,,
7316,UBC,49212.662590,139,GBM,cBioPortal,,
3106,HLA-B,42879.437708,253,SARC,cBioPortal,No,Yes
3852,KRT5,272854.824909,181,ESCA,cBioPortal,,
6122,RPL3,41292.094569,510,KIRC,cBioPortal,,
10399,GNB2L1,34598.496919,527,UCEC,cBioPortal,,
1938,EEF2,70164.997738,592,COADREAD,cBioPortal,,
348,APOE,32451.434388,139,GBM,cBioPortal,,
5660,PSAP,37962.567692,65,KICH,cBioPortal,,
2316,FLNA,30782.869463,149,TGCT,cBioPortal,,
8755,ADAM6,66614.095413,412,STAD,cBioPortal,,
2597,GAPDH,121646.864669,484,LUSC,cBioPortal,,
10577,NPC2,46198.253078,497,THCA,cBioPortal,,
6205,RPS11,69490.917917,48,DLBC,cBioPortal,,
7178,TPT1,35655.170769,65,KICH,cBioPortal,,
226,ALDOA,37139.299029,484,LUSC,cBioPortal,,
3860,KRT13,66073.753185,294,CESC,cBioPortal,,
6206,RPS12,49050.941500,80,UVM,cBioPortal,,
6124,RPL4,31876.083170,407,BLCA,cBioPortal,,
3868,KRT16,61379.726849,76,SKCM,cBioPortal,,
96610,BMS1P20,55035.442396,149,TGCT,cBioPortal,,
1938,EEF2,34406.168367,294,CESC,cBioPortal,,
226,ALDOA,56763.840000,80,UVM,cBioPortal,,
2,A2M,35466.487137,510,KIRC,cBioPortal,,
972,CD74,51647.263729,177,PAAD,cBioPortal,Yes,No
5660,PSAP,41767.962878,139,GBM,cBioPortal,,
1281,COL3A1,37219.222543,592,COADREAD,cBioPortal,,
7178,TPT1,59086.936339,366,LIHC,cBioPortal,,
1410,CRYAB,73616.092552,283,KIRP,cBioPortal,,
1509,CTSD,124771.033846,65,KICH,cBioPortal,,
57447,NDRG2,35938.493872,514,LGG,cBioPortal,,
1278,COL1A2,34333.435346,592,COADREAD,cBioPortal,,
6136,RPL12,52343.343750,80,UVM,cBioPortal,,
59,ACTA2,41447.026581,253,SARC,cBioPortal,,
710,SERPING1,68116.415055,366,LIHC,cBioPortal,,
1915,EEF1A1,71824.886166,253,SARC,cBioPortal,,
2335,FN1,106353.953922,1082,BRCA,cBioPortal,,
3936,LCP1,36407.231250,48,DLBC,cBioPortal,No,No
1938,EEF2,43996.362665,484,LUSC,cBioPortal,,
3856,KRT8,59142.815862,87,MESO,cBioPortal,,
629,CFB,111753.843492,366,LIHC,cBioPortal,,
1938,EEF2,45693.420225,178,PCPG,cBioPortal,,
8140,SLC7A5,34974.195625,80,UVM,cBioPortal,,
6678,SPARC,66422.853842,177,PAAD,cBioPortal,,
1534,CYB561,58569.062640,178,PCPG,cBioPortal,,
26986,PABPC1,38560.712252,484,LUSC,cBioPortal,,
3827,KNG1,63670.269494,366,LIHC,cBioPortal,,
7117,TMSL3,48347.544137,510,LUAD,cBioPortal,,
4627,MYH9,40667.866403,253,SARC,cBioPortal,No,No
975,CD81,40016.707500,80,UVM,cBioPortal,,
6218,RPS17,39628.260208,48,DLBC,cBioPortal,,
3106,HLA-B,56850.512069,87,MESO,cBioPortal,No,Yes
26986,PABPC1,41996.835568,300,OV,cBioPortal,,
2597,GAPDH,109922.615789,57,UCS,cBioPortal,,
7316,UBC,31914.918872,514,LGG,cBioPortal,,
1938,EEF2,69524.414583,48,DLBC,cBioPortal,,
226,ALDOA,49508.745230,283,KIRP,cBioPortal,,
6678,SPARC,32823.365845,515,HNSC,cBioPortal,,
226,ALDOA,34642.806798,178,PCPG,cBioPortal,,
3856,KRT8,41239.183472,407,BLCA,cBioPortal,,
3312,HSPA8,31025.992953,149,TGCT,cBioPortal,,
718,C3,148864.973563,87,MESO,cBioPortal,,
6194,RPS6,55376.253997,300,OV,cBioPortal,,
5340,PLG,35965.903137,366,LIHC,cBioPortal,,
283120,H19,35051.706287,300,OV,cBioPortal,,
10399,GNB2L1,36410.631118,493,PRAD,cBioPortal,,
5315,PKM2,56985.838058,515,HNSC,cBioPortal,,
1915,EEF1A1,105271.017267,493,PRAD,cBioPortal,,
1278,COL1A2,46374.289666,412,STAD,cBioPortal,,
3075,CFH,52804.034803,366,LIHC,cBioPortal,,
71,ACTG1,74596.598870,177,PAAD,cBioPortal,No,Yes
653509,SFTPA1,42486.308790,510,LUAD,cBioPortal,,
26986,PABPC1,55179.208183,173,LAML,cBioPortal,,
7178,TPT1,60752.988339,283,KIRP,cBioPortal,,
5406,PNLIP,143241.630560,177,PAAD,cBioPortal,,
60,ACTB,70138.338750,80,UVM,cBioPortal,No,No
7077,TIMP2,34115.616957,253,SARC,cBioPortal,,
7431,VIM,40403.666495,527,UCEC,cBioPortal,,
203068,TUBB,37353.302500,80,UVM,cBioPortal,,
6203,RPS9,41123.780672,119,THYM,cBioPortal,,
6202,RPS8,55772.070833,48,DLBC,cBioPortal,,
1915,EEF1A1,66975.462568,366,LIHC,cBioPortal,,
6176,RPLP1,33905.178845,407,BLCA,cBioPortal,,
2752,GLUL,95952.246344,366,LIHC,cBioPortal,,
1114,CHGB,842306.817191,178,PCPG,cBioPortal,,
7184,HSP90B1,36570.894648,497,THCA,cBioPortal,,
6678,SPARC,131438.079842,253,SARC,cBioPortal,,
60,ACTB,74699.213388,366,LIHC,cBioPortal,No,No
7316,UBC,53568.376699,515,HNSC,cBioPortal,,
3817,KLK2,133022.684458,493,PRAD,cBioPortal,No,No
2335,FN1,33694.533860,57,UCS,cBioPortal,,
7316,UBC,38877.016708,407,BLCA,cBioPortal,,
3105,HLA-A,31965.114665,592,COADREAD,cBioPortal,No,Yes
6122,RPL3,34544.575092,1082,BRCA,cBioPortal,,
1277,COL1A1,79304.785374,484,LUSC,cBioPortal,Yes,No
302,ANXA2,32779.066831,177,PAAD,cBioPortal,,
3106,HLA-B,59872.066667,294,CESC,cBioPortal,No,Yes
6191,RPS4X,51228.227517,149,TGCT,cBioPortal,,
5315,PKM2,48769.639474,76,SKCM,cBioPortal,,
5315,PKM2,35107.030797,527,UCEC,cBioPortal,,
4069,LYZ,37930.917695,177,PAAD,cBioPortal,,
1277,COL1A1,140933.246093,1082,BRCA,cBioPortal,Yes,No
63827,BCAN,76087.151349,514,LGG,cBioPortal,,
6168,RPL37A,34515.912281,57,UCS,cBioPortal,,
7117,TMSL3,109989.189583,48,DLBC,cBioPortal,,
2,A2M,45128.549091,253,SARC,cBioPortal,,
9168,TMSB10,33837.965782,294,CESC,cBioPortal,,
7431,VIM,115075.230263,76,SKCM,cBioPortal,,
1938,EEF2,86762.021538,65,KICH,cBioPortal,,
5660,PSAP,42883.799611,514,LGG,cBioPortal,,
1509,CTSD,81359.416042,283,KIRP,cBioPortal,,
64065,PERP,57535.587604,515,HNSC,cBioPortal,,
348,APOE,215055.222650,366,LIHC,cBioPortal,,
729238,SFTPA2,89688.588721,510,LUAD,cBioPortal,,
6188,RPS3,31819.076389,36,CHOL,cBioPortal,,
6277,S100A6,34463.410483,412,STAD,cBioPortal,,
60,ACTB,111221.222115,527,UCEC,cBioPortal,No,No
6414,SEPP1,64843.311940,366,LIHC,cBioPortal,,
3875,KRT18,47229.588806,36,CHOL,cBioPortal,,
5176,SERPINF1,31241.707125,80,UVM,cBioPortal,,
6202,RPS8,35906.255705,149,TGCT,cBioPortal,,
972,CD74,40973.696668,515,HNSC,cBioPortal,Yes,No
1191,CLU,195327.349353,139,GBM,cBioPortal,,
1509,CTSD,73287.153750,80,UVM,cBioPortal,,
6130,RPL7A,38786.960417,48,DLBC,cBioPortal,,
6223,RPS19,67241.626250,80,UVM,cBioPortal,,
26986,PABPC1,44554.030697,412,STAD,cBioPortal,,
7178,TPT1,84215.384252,592,COADREAD,cBioPortal,,
6176,RPLP1,34364.435627,592,COADREAD,cBioPortal,,
6194,RPS6,42518.066263,527,UCEC,cBioPortal,,
3320,HSP90AA1,36299.070420,412,STAD,cBioPortal,Yes,No
7045,TGFBI,38494.564773,510,KIRC,cBioPortal,,
7178,TPT1,70720.524160,412,STAD,cBioPortal,,
6202,RPS8,31082.065736,493,PRAD,cBioPortal,,
60,ACTB,120488.454300,407,BLCA,cBioPortal,No,No
6678,SPARC,102494.470058,514,LGG,cBioPortal,,
6222,RPS18,41223.355462,119,THYM,cBioPortal,,
6124,RPL4,72939.235000,80,UVM,cBioPortal,,
1277,COL1A1,127480.375263,57,UCS,cBioPortal,Yes,No
1291,COL6A1,39168.193678,87,MESO,cBioPortal,,
2335,FN1,54564.658804,484,LUSC,cBioPortal,,
6143,RPL19,30977.883735,407,BLCA,cBioPortal,,
6143,RPL19,60863.464583,48,DLBC,cBioPortal,,
1915,EEF1A1,120995.873642,497,THCA,cBioPortal,,
3326,HSP90AB1,31165.583158,527,UCEC,cBioPortal,No,No
7117,TMSL3,44223.389705,407,BLCA,cBioPortal,,
71,ACTG1,158405.568750,80,UVM,cBioPortal,No,Yes
4155,MBP,57366.170769,514,LGG,cBioPortal,,
6143,RPL19,38961.269128,149,TGCT,cBioPortal,,
1718,DHCR24,39400.691268,366,LIHC,cBioPortal,,
3853,KRT6A,350723.286338,515,HNSC,cBioPortal,,
71,ACTG1,55466.473462,78,ACC,cBioPortal,No,Yes
6175,RPLP0,61144.428750,80,UVM,cBioPortal,,
7117,TMSL3,44607.541655,300,OV,cBioPortal,,
2597,GAPDH,172064.740268,149,TGCT,cBioPortal,,
6188,RPS3,39899.966036,592,COADREAD,cBioPortal,,
151887,CCDC80,32667.658655,87,MESO,cBioPortal,,
441032,EEF1A1P9,31624.157730,173,LAML,cBioPortal,,
1281,COL3A1,129622.618384,177,PAAD,cBioPortal,,
259,AMBP,168392.564142,366,LIHC,cBioPortal,,
2023,ENO1,54965.729732,149,TGCT,cBioPortal,,
476,ATP1A1,62594.992222,36,CHOL,cBioPortal,Yes,Yes
7178,TPT1,56271.833557,149,TGCT,cBioPortal,,
5315,PKM2,52190.089583,48,DLBC,cBioPortal,,
5660,PSAP,64861.006250,48,DLBC,cBioPortal,,
3122,HLA-DRA,34088.654029,510,LUAD,cBioPortal,,
6124,RPL4,32119.979074,497,THCA,cBioPortal,,
6191,RPS4X,42421.673862,592,COADREAD,cBioPortal,,
7178,TPT1,79159.782877,173,LAML,cBioPortal,,
6158,RPL28,66155.075625,48,DLBC,cBioPortal,,
7117,TMSL3,63768.172372,253,SARC,cBioPortal,,
6222,RPS18,95142.651250,80,UVM,cBioPortal,,
6224,RPS20,36469.434564,149,TGCT,cBioPortal,,
720,C4A,32124.213042,283,KIRP,cBioPortal,,
2495,FTH1,33826.288605,294,CESC,cBioPortal,,
7076,TIMP1,38845.264253,87,MESO,cBioPortal,,
3326,HSP90AB1,51399.450537,149,TGCT,cBioPortal,No,No
3853,KRT6A,175672.767751,181,ESCA,cBioPortal,,
1915,EEF1A1,103044.020690,87,MESO,cBioPortal,,
125144,NCRNA00188,43207.254375,80,UVM,cBioPortal,,
6175,RPLP0,39276.443292,173,LAML,cBioPortal,,
3106,HLA-B,30805.851026,78,ACC,cBioPortal,No,Yes
71,ACTG1,69129.304348,253,SARC,cBioPortal,No,Yes
3875,KRT18,51804.060908,87,MESO,cBioPortal,,
811,CALR,33115.535088,57,UCS,cBioPortal,Yes,No
1571,CYP2E1,82000.174312,366,LIHC,cBioPortal,,
64065,PERP,32091.987340,294,CESC,cBioPortal,,
6194,RPS6,31618.025000,36,CHOL,cBioPortal,,
2597,GAPDH,94014.202156,527,UCEC,cBioPortal,,
7431,VIM,34426.075693,173,LAML,cBioPortal,,
10457,GPNMB,48736.977763,76,SKCM,cBioPortal,,
6122,RPL3,48088.671141,149,TGCT,cBioPortal,,
26986,PABPC1,71640.976560,407,BLCA,cBioPortal,,
6770,STAR,103488.504795,78,ACC,cBioPortal,,
5757,PTMA,31880.190145,300,OV,cBioPortal,,
5270,SERPINE2,52524.979211,76,SKCM,cBioPortal,,
3852,KRT5,357648.409396,515,HNSC,cBioPortal,,
3852,KRT5,51418.727368,76,SKCM,cBioPortal,,
4256,MGP,41912.295483,1082,BRCA,cBioPortal,,
7117,TMSL3,37429.948639,294,CESC,cBioPortal,,
2023,ENO1,39655.242105,57,UCS,cBioPortal,,
2597,GAPDH,57853.330481,173,LAML,cBioPortal,,
6156,RPL30,32290.613542,48,DLBC,cBioPortal,,
3106,HLA-B,40947.693988,412,STAD,cBioPortal,No,Yes
2512,FTL,52232.739102,412,STAD,cBioPortal,,
3861,KRT14,436716.229292,515,HNSC,cBioPortal,,
6202,RPS8,41506.728649,300,OV,cBioPortal,,
972,CD74,37777.766615,65,KICH,cBioPortal,Yes,No
1583,CYP11A1,38651.448923,78,ACC,cBioPortal,,
2597,GAPDH,115721.735417,48,DLBC,cBioPortal,,
720,C4A,33424.697782,119,THYM,cBioPortal,,
3488,IGFBP5,32284.004216,1082,BRCA,cBioPortal,,
3872,KRT17,63313.947746,484,LUSC,cBioPortal,,
3326,HSP90AB1,33756.279779,407,BLCA,cBioPortal,No,No
2,A2M,80232.795492,366,LIHC,cBioPortal,,
567,B2M,52236.463889,36,CHOL,cBioPortal,No,Yes
6125,RPL5,34944.556784,300,OV,cBioPortal,No,Yes
6188,RPS3,35707.027586,87,MESO,cBioPortal,,
2316,FLNA,38541.833044,412,STAD,cBioPortal,,
1915,EEF1A1,86362.690925,412,STAD,cBioPortal,,
51458,RHCG,47907.330437,65,KICH,cBioPortal,,
486,FXYD2,34492.853283,65,KICH,cBioPortal,,
231,AKR1B1,37968.287179,78,ACC,cBioPortal,,
71,ACTG1,99777.550291,515,HNSC,cBioPortal,No,Yes
2495,FTH1,42356.126316,76,SKCM,cBioPortal,,
6188,RPS3,44222.498246,57,UCS,cBioPortal,,
348,APOE,56980.246634,514,LGG,cBioPortal,,
2023,ENO1,42126.898647,510,LUAD,cBioPortal,,
6122,RPL3,66326.952941,119,THYM,cBioPortal,,
811,CALR,32739.406177,497,THCA,cBioPortal,Yes,No
6222,RPS18,126289.394079,173,LAML,cBioPortal,,
6122,RPL3,66298.957778,493,PRAD,cBioPortal,,
4069,LYZ,39602.855208,48,DLBC,cBioPortal,,
2878,GPX3,58009.558755,510,KIRC,cBioPortal,,
6194,RPS6,41168.324726,173,LAML,cBioPortal,,
3853,KRT6A,88337.130057,484,LUSC,cBioPortal,,
6229,RPS24,30917.952875,80,UVM,cBioPortal,,
3848,KRT1,32682.562016,76,SKCM,cBioPortal,,
6132,RPL8,74405.031533,300,OV,cBioPortal,,
1508,CTSB,35503.266330,515,HNSC,cBioPortal,,
2512,FTL,62500.606215,177,PAAD,cBioPortal,,
6175,RPLP0,31118.251350,412,STAD,cBioPortal,,
10568,SLC34A2,42329.755460,510,LUAD,cBioPortal,No,No
718,C3,108856.465556,36,CHOL,cBioPortal,,
7178,TPT1,46078.478993,1082,BRCA,cBioPortal,,
5950,RBP4,143450.763913,366,LIHC,cBioPortal,,
2512,FTL,57674.585906,149,TGCT,cBioPortal,,
1401,CRP,54429.666456,36,CHOL,cBioPortal,,
1938,EEF2,45280.667016,173,LAML,cBioPortal,,
2778,GNAS,30914.627731,119,THYM,cBioPortal,Yes,No
972,CD74,242840.285417,48,DLBC,cBioPortal,Yes,No
3326,HSP90AB1,36081.690296,1082,BRCA,cBioPortal,No,No
7178,TPT1,69872.306052,527,UCEC,cBioPortal,,
6678,SPARC,32501.259128,149,TGCT,cBioPortal,,
972,CD74,60000.521368,300,OV,cBioPortal,Yes,No
10398,MYL9,41879.138808,253,SARC,cBioPortal,,
71,ACTG1,44036.070196,510,KIRC,cBioPortal,No,Yes
720,C4A,60924.218966,87,MESO,cBioPortal,,
6132,RPL8,44710.495312,527,UCEC,cBioPortal,,
7184,HSP90B1,33698.639180,366,LIHC,cBioPortal,,
3872,KRT17,61456.775135,181,ESCA,cBioPortal,,
1937,EEF1G,32311.478246,57,UCS,cBioPortal,,
10410,IFITM3,35329.803279,366,LIHC,cBioPortal,,
3122,HLA-DRA,82707.631250,48,DLBC,cBioPortal,,
344,APOC2,87289.768846,366,LIHC,cBioPortal,,
334,APLP2,67465.209678,497,THCA,cBioPortal,,
5476,CTSA,34126.555385,78,ACC,cBioPortal,,
1938,EEF2,60973.573826,527,UCEC,cBioPortal,,
2512,FTL,59556.240909,407,BLCA,cBioPortal,,
972,CD74,37446.475165,407,BLCA,cBioPortal,Yes,No
972,CD74,54809.359658,497,THCA,cBioPortal,Yes,No
6132,RPL8,55846.858424,592,COADREAD,cBioPortal,,
1208,CLPS,36364.612868,177,PAAD,cBioPortal,,
6176,RPLP1,43754.831579,57,UCS,cBioPortal,,
1277,COL1A1,54371.333329,592,COADREAD,cBioPortal,Yes,No
3242,HPD,36603.197804,366,LIHC,cBioPortal,,
6205,RPS11,43971.966667,57,UCS,cBioPortal,,
6132,RPL8,159128.861250,80,UVM,cBioPortal,,
8755,ADAM6,33267.120910,527,UCEC,cBioPortal,,
4627,MYH9,30893.886111,36,CHOL,cBioPortal,No,No
1277,COL1A1,65770.875231,510,LUAD,cBioPortal,Yes,No
3105,HLA-A,53584.962314,510,KIRC,cBioPortal,No,Yes
79026,AHNAK,45248.550936,515,HNSC,cBioPortal,,
801,CALM1,38187.805337,178,PCPG,cBioPortal,,
3240,HP,437048.160319,366,LIHC,cBioPortal,,
1292,COL6A2,84472.098498,253,SARC,cBioPortal,,
1938,EEF2,74099.467105,76,SKCM,cBioPortal,,
6176,RPLP1,30905.853142,366,LIHC,cBioPortal,,
6696,SPP1,134775.852184,283,KIRP,cBioPortal,,
6222,RPS18,36746.109211,76,SKCM,cBioPortal,,
1191,CLU,98396.874382,283,KIRP,cBioPortal,,
4627,MYH9,38555.986154,65,KICH,cBioPortal,No,No
3880,KRT19,33564.119742,1082,BRCA,cBioPortal,,
5660,PSAP,59371.511053,76,SKCM,cBioPortal,,
718,C3,42671.033704,510,KIRC,cBioPortal,,
1915,EEF1A1,115060.957047,149,TGCT,cBioPortal,,
5315,PKM2,37395.773563,87,MESO,cBioPortal,,
5315,PKM2,47820.146255,510,KIRC,cBioPortal,,
71,ACTG1,105254.322917,48,DLBC,cBioPortal,No,Yes
3856,KRT8,38579.759612,412,STAD,cBioPortal,,
5315,PKM2,46710.654064,283,KIRP,cBioPortal,,
2495,FTH1,47531.257471,87,MESO,cBioPortal,,
2244,FGB,194351.295971,366,LIHC,cBioPortal,,
8755,ADAM6,64464.656245,515,HNSC,cBioPortal,,
3107,HLA-C,35231.071379,515,HNSC,cBioPortal,No,Yes
2495,FTH1,40129.587692,65,KICH,cBioPortal,,
5660,PSAP,34951.267584,149,TGCT,cBioPortal,,
351,APP,44819.675506,178,PCPG,cBioPortal,,
972,CD74,57078.057588,527,UCEC,cBioPortal,Yes,No
55,ACPP,110689.370986,493,PRAD,cBioPortal,,
8755,ADAM6,65366.913597,149,TGCT,cBioPortal,,
6135,RPL11,42328.260417,48,DLBC,cBioPortal,,
6222,RPS18,31860.916176,510,LUAD,cBioPortal,,
3105,HLA-A,33953.177401,177,PAAD,cBioPortal,No,Yes
6678,SPARC,36769.565526,76,SKCM,cBioPortal,,
6280,S100A9,36895.369979,181,ESCA,cBioPortal,,
1915,EEF1A1,67034.311538,78,ACC,cBioPortal,,
5552,SRGN,32467.291290,173,LAML,cBioPortal,,
71,ACTG1,77429.791128,1082,BRCA,cBioPortal,No,Yes
2335,FN1,36408.927017,119,THYM,cBioPortal,,
71,ACTG1,76041.318487,119,THYM,cBioPortal,No,Yes
7178,TPT1,44662.105102,294,CESC,cBioPortal,,
9168,TMSB10,33741.657647,119,THYM,cBioPortal,,
7534,YWHAZ,30767.795661,484,LUSC,cBioPortal,,
2023,ENO1,39952.324138,87,MESO,cBioPortal,,
805,CALM2,34715.052247,178,PCPG,cBioPortal,,
60,ACTB,98193.027778,36,CHOL,cBioPortal,No,No
85414,SLC45A3,42865.147673,493,PRAD,cBioPortal,No,No
6132,RPL8,63880.314035,57,UCS,cBioPortal,,
10562,OLFM4,44729.494335,412,STAD,cBioPortal,,
6143,RPL19,35450.363158,57,UCS,cBioPortal,,
2778,GNAS,67922.644872,78,ACC,cBioPortal,Yes,No
10376,TUBA1B,35383.264664,253,SARC,cBioPortal,,
3106,HLA-B,43549.925053,283,KIRP,cBioPortal,No,Yes
1508,CTSB,32135.704082,294,CESC,cBioPortal,,
203068,TUBB,47755.480702,57,UCS,cBioPortal,,
6175,RPLP0,30999.298880,366,LIHC,cBioPortal,,
2597,GAPDH,40676.770966,497,THCA,cBioPortal,,
1191,CLU,116839.472041,366,LIHC,cBioPortal,,
2495,FTH1,46813.541074,484,LUSC,cBioPortal,,
7178,TPT1,55152.917180,181,ESCA,cBioPortal,,
286887,KRT6C,80798.486333,515,HNSC,cBioPortal,,
9168,TMSB10,36670.796919,527,UCEC,cBioPortal,,
1915,EEF1A1,120454.266078,510,KIRC,cBioPortal,,
60,ACTB,114217.067097,592,COADREAD,cBioPortal,No,No
3106,HLA-B,36271.310750,80,UVM,cBioPortal,No,Yes
10562,OLFM4,38827.733250,592,COADREAD,cBioPortal,,
6229,RPS24,36887.003860,57,UCS,cBioPortal,,
1191,CLU,156289.571401,514,LGG,cBioPortal,,
1915,EEF1A1,58898.288776,294,CESC,cBioPortal,,
3273,HRG,65488.710208,366,LIHC,cBioPortal,,
5284,PIGR,54926.042661,592,COADREAD,cBioPortal,,
6194,RPS6,45607.963158,57,UCS,cBioPortal,,
6168,RPL37A,32937.801681,119,THYM,cBioPortal,,
6125,RPL5,37387.114622,119,THYM,cBioPortal,No,Yes
440387,CTRB2,111036.630408,177,PAAD,cBioPortal,,
1410,CRYAB,46207.488490,514,LGG,cBioPortal,,
3868,KRT16,42047.584431,294,CESC,cBioPortal,,
2023,ENO1,36919.226781,407,BLCA,cBioPortal,,
5265,SERPINA1,39407.042711,497,THCA,cBioPortal,,
226,ALDOA,32895.952874,87,MESO,cBioPortal,,
7846,TUBA1A,75670.812950,139,GBM,cBioPortal,,
6124,RPL4,37706.583274,493,PRAD,cBioPortal,,
6132,RPL8,70467.133557,149,TGCT,cBioPortal,,
7178,TPT1,78630.803361,119,THYM,cBioPortal,,
2597,GAPDH,72581.508197,366,LIHC,cBioPortal,,
6202,RPS8,51345.927500,80,UVM,cBioPortal,,
6191,RPS4X,33528.978553,76,SKCM,cBioPortal,,
6132,RPL8,36940.257177,294,CESC,cBioPortal,,
96610,BMS1P20,66030.602246,484,LUSC,cBioPortal,,
6191,RPS4X,50673.990342,497,THCA,cBioPortal,,
1938,EEF2,45245.805628,366,LIHC,cBioPortal,,
6175,RPLP0,34848.879361,407,BLCA,cBioPortal,,
1938,EEF2,56127.162059,510,KIRC,cBioPortal,,
3326,HSP90AB1,31961.395178,592,COADREAD,cBioPortal,No,No
1938,EEF2,36040.308993,139,GBM,cBioPortal,,
1278,COL1A2,46673.293042,181,ESCA,cBioPortal,,
3939,LDHA,41188.419941,510,KIRC,cBioPortal,,
2778,GNAS,32189.026848,514,LGG,cBioPortal,Yes,No
3312,HSPA8,41367.179167,48,DLBC,cBioPortal,,
2597,GAPDH,70985.103077,65,KICH,cBioPortal,,
6176,RPLP1,42811.654508,300,OV,cBioPortal,,
6224,RPS20,55493.372500,80,UVM,cBioPortal,,
6132,RPL8,38277.183385,65,KICH,cBioPortal,,
2597,GAPDH,70767.888764,178,PCPG,cBioPortal,,
6194,RPS6,42136.492617,149,TGCT,cBioPortal,,
5660,PSAP,30841.436111,36,CHOL,cBioPortal,,
6159,RPL29,33534.620000,80,UVM,cBioPortal,,
60,ACTB,125325.527517,149,TGCT,cBioPortal,No,No
567,B2M,38450.695029,493,PRAD,cBioPortal,No,Yes
2778,GNAS,68126.780000,80,UVM,cBioPortal,Yes,No
71,ACTG1,87916.022222,36,CHOL,cBioPortal,No,Yes
3856,KRT8,56373.556694,36,CHOL,cBioPortal,,
3106,HLA-B,36943.736615,65,KICH,cBioPortal,No,Yes
3326,HSP90AB1,32349.208895,493,PRAD,cBioPortal,No,No
9445,ITM2B,59718.708481,283,KIRP,cBioPortal,,
5660,PSAP,42225.475098,510,LUAD,cBioPortal,,
3853,KRT6A,30914.953027,407,BLCA,cBioPortal,,
7316,UBC,40881.317978,178,PCPG,cBioPortal,,
7178,TPT1,48630.497521,484,LUSC,cBioPortal,,
1116,CHI3L1,91143.764086,139,GBM,cBioPortal,,
2023,ENO1,37060.287329,527,UCEC,cBioPortal,,
6137,RPL13,30956.406491,57,UCS,cBioPortal,,
3488,IGFBP5,31625.683302,510,KIRC,cBioPortal,,
9476,NAPSA,35349.341794,510,LUAD,cBioPortal,,
10457,GPNMB,37049.688750,80,UVM,cBioPortal,,
6122,RPL3,53364.664912,57,UCS,cBioPortal,,
3852,KRT5,116873.612852,484,LUSC,cBioPortal,,
56901,NDUFA4L2,32704.243235,510,KIRC,cBioPortal,,
2335,FN1,50474.269916,407,BLCA,cBioPortal,,
2752,GLUL,40810.926595,514,LGG,cBioPortal,,
811,CALR,42556.944536,366,LIHC,cBioPortal,Yes,No
1277,COL1A1,41889.694474,76,SKCM,cBioPortal,Yes,No
6188,RPS3,66057.067500,80,UVM,cBioPortal,,
3106,HLA-B,101846.406250,48,DLBC,cBioPortal,No,Yes
6124,RPL4,37754.559677,300,OV,cBioPortal,,
5360,PLTP,66007.383622,119,THYM,cBioPortal,,
2512,FTL,37848.885884,294,CESC,cBioPortal,,
3816,KLK1,38336.406986,65,KICH,cBioPortal,,
26986,PABPC1,37745.824270,493,PRAD,cBioPortal,,
972,CD74,41972.927222,36,CHOL,cBioPortal,Yes,No
1048,CEACAM5,114355.438976,592,COADREAD,cBioPortal,,
2597,GAPDH,82146.247279,294,CESC,cBioPortal,,
6277,S100A6,58531.492351,407,BLCA,cBioPortal,,
10399,GNB2L1,32962.623490,149,TGCT,cBioPortal,,
226,ALDOA,46182.991902,510,KIRC,cBioPortal,,
2023,ENO1,33246.138854,253,SARC,cBioPortal,,
2023,ENO1,49083.993299,294,CESC,cBioPortal,,
64065,PERP,34291.208921,181,ESCA,cBioPortal,,
3105,HLA-A,38276.778470,366,LIHC,cBioPortal,No,Yes
10397,NDRG1,51531.303653,510,KIRC,cBioPortal,No,No
8404,SPARCL1,72150.235409,514,LGG,cBioPortal,,
7431,VIM,73880.042446,139,GBM,cBioPortal,,
7178,TPT1,76645.363218,87,MESO,cBioPortal,,
23521,RPL13A,33413.310192,493,PRAD,cBioPortal,,
2597,GAPDH,104180.726796,515,HNSC,cBioPortal,,
5284,PIGR,56281.358676,283,KIRP,cBioPortal,,
6678,SPARC,80300.196403,139,GBM,cBioPortal,,
11167,FSTL1,39038.153399,253,SARC,cBioPortal,Yes,No
308,ANXA5,32318.866250,80,UVM,cBioPortal,,
6132,RPL8,42826.163158,76,SKCM,cBioPortal,,
71,ACTG1,104743.389655,87,MESO,cBioPortal,No,Yes
5265,SERPINA1,37804.972004,510,KIRC,cBioPortal,,
203068,TUBB,36691.047917,48,DLBC,cBioPortal,,
6439,SFTPB,194894.917501,510,LUAD,cBioPortal,,
1066,CES1,80828.916094,366,LIHC,cBioPortal,,
301,ANXA1,38299.931161,515,HNSC,cBioPortal,,
6205,RPS11,31817.673563,87,MESO,cBioPortal,,
6187,RPS2,54599.351250,80,UVM,cBioPortal,,
476,ATP1A1,62246.605263,76,SKCM,cBioPortal,Yes,Yes
25873,RPL36,34587.836250,80,UVM,cBioPortal,,
567,B2M,45705.063852,283,KIRP,cBioPortal,No,Yes
1281,COL3A1,63311.421412,412,STAD,cBioPortal,,
6175,RPLP0,42089.566667,57,UCS,cBioPortal,,
2597,GAPDH,33459.479435,493,PRAD,cBioPortal,,
6176,RPLP1,43732.362531,527,UCEC,cBioPortal,,
2495,FTH1,33419.904802,177,PAAD,cBioPortal,,
1832,DSP,76156.641496,515,HNSC,cBioPortal,,
63036,CELA2A,44867.604138,177,PAAD,cBioPortal,,
476,ATP1A1,33184.954930,497,THCA,cBioPortal,Yes,Yes
3481,IGF2,199565.596281,57,UCS,cBioPortal,Yes,No
6176,RPLP1,102861.232500,80,UVM,cBioPortal,,
6205,RPS11,51998.872269,119,THYM,cBioPortal,,
55600,ITLN1,218993.930994,87,MESO,cBioPortal,,
6273,S100A2,44941.213264,515,HNSC,cBioPortal,,
2495,FTH1,49415.095775,497,THCA,cBioPortal,,
1509,CTSD,32808.718079,177,PAAD,cBioPortal,,
51280,GOLM1,31007.839096,493,PRAD,cBioPortal,,
9168,TMSB10,31778.388814,253,SARC,cBioPortal,,
3853,KRT6A,89803.199022,294,CESC,cBioPortal,,
6222,RPS18,48755.173826,149,TGCT,cBioPortal,,
1915,EEF1A1,109272.491228,57,UCS,cBioPortal,,
2495,FTH1,32423.533333,57,UCS,cBioPortal,,
60,ACTB,55962.050000,178,PCPG,cBioPortal,No,No
7857,SCG2,109354.905096,178,PCPG,cBioPortal,,
2597,GAPDH,64056.738889,36,CHOL,cBioPortal,,
2597,GAPDH,95660.584173,139,GBM,cBioPortal,,
972,CD74,67998.078655,119,THYM,cBioPortal,Yes,No
2023,ENO1,40892.912781,300,OV,cBioPortal,,
1938,EEF2,49616.057895,57,UCS,cBioPortal,,
629,CFB,44595.372069,87,MESO,cBioPortal,,
811,CALR,37012.182173,527,UCEC,cBioPortal,Yes,No
3872,KRT17,53083.730700,76,SKCM,cBioPortal,,
6223,RPS19,36897.790604,149,TGCT,cBioPortal,,
7316,UBC,36222.522222,36,CHOL,cBioPortal,,
2512,FTL,52864.716667,78,ACC,cBioPortal,,
2670,GFAP,435316.611615,514,LGG,cBioPortal,,
3852,KRT5,53363.245296,407,BLCA,cBioPortal,,
3872,KRT17,228805.665920,515,HNSC,cBioPortal,,
2778,GNAS,31726.038983,1082,BRCA,cBioPortal,Yes,No
2512,FTL,35113.823529,119,THYM,cBioPortal,,
567,B2M,52842.430225,178,PCPG,cBioPortal,No,Yes
7316,UBC,33072.323077,65,KICH,cBioPortal,,
2335,FN1,35800.359851,412,STAD,cBioPortal,,
5004,ORM1,136338.453384,366,LIHC,cBioPortal,,
3105,HLA-A,35275.409081,527,UCEC,cBioPortal,No,Yes
60,ACTB,249971.625000,48,DLBC,cBioPortal,No,No
3105,HLA-A,42339.075884,294,CESC,cBioPortal,No,Yes
5034,P4HB,45968.772744,493,PRAD,cBioPortal,,
335,APOA1,208487.120475,366,LIHC,cBioPortal,,
3315,HSPB1,34092.565513,78,ACC,cBioPortal,,
2778,GNAS,81489.147686,497,THCA,cBioPortal,Yes,No
7316,UBC,40486.245763,177,PAAD,cBioPortal,,
6175,RPLP0,58292.277083,48,DLBC,cBioPortal,,
1938,EEF2,49819.435340,515,HNSC,cBioPortal,,
23436,CELA3B,31340.359453,177,PAAD,cBioPortal,,
2335,FN1,90779.641887,177,PAAD,cBioPortal,,
71,ACTG1,109578.580263,76,SKCM,cBioPortal,No,Yes
6122,RPL3,43741.993076,592,COADREAD,cBioPortal,,
6223,RPS19,43131.200351,57,UCS,cBioPortal,,
60,ACTB,125911.824138,87,MESO,cBioPortal,No,No
3320,HSP90AA1,31271.229529,1082,BRCA,cBioPortal,Yes,No
1938,EEF2,51283.120233,514,LGG,cBioPortal,,
3860,KRT13,62967.289704,515,HNSC,cBioPortal,,
5179,PENK,99837.742263,178,PCPG,cBioPortal,,
5644,PRSS1,173570.707884,177,PAAD,cBioPortal,No,No
7316,UBC,34888.346794,300,OV,cBioPortal,,
6175,RPLP0,34937.209766,493,PRAD,cBioPortal,,
6191,RPS4X,51381.200000,119,THYM,cBioPortal,,
3040,HBA2,53308.450799,173,LAML,cBioPortal,,
3329,HSPD1,31611.905897,78,ACC,cBioPortal,,
6132,RPL8,36309.047222,36,CHOL,cBioPortal,,
7316,UBC,35197.566784,283,KIRP,cBioPortal,,
1509,CTSD,40131.625385,78,ACC,cBioPortal,,
351,APP,36826.954382,283,KIRP,cBioPortal,,
7117,TMSL3,67434.327586,87,MESO,cBioPortal,,
7178,TPT1,66001.804314,510,LUAD,cBioPortal,,
6132,RPL8,39894.872414,87,MESO,cBioPortal,,
6175,RPLP0,43066.515642,592,COADREAD,cBioPortal,,
567,B2M,47684.855874,592,COADREAD,cBioPortal,No,Yes
6696,SPP1,42495.687600,65,KICH,cBioPortal,,
2023,ENO1,32460.149712,139,GBM,cBioPortal,,
481,ATP1B1,38263.235538,65,KICH,cBioPortal,,
8682,PEA15,49643.588911,514,LGG,cBioPortal,,
6191,RPS4X,92061.665000,80,UVM,cBioPortal,,
3315,HSPB1,32787.186806,407,BLCA,cBioPortal,,
60,ACTB,140128.366796,515,HNSC,cBioPortal,No,No
1504,CTRB1,46288.154766,177,PAAD,cBioPortal,,
6222,RPS18,33258.699035,527,UCEC,cBioPortal,,
1937,EEF1G,45616.727083,48,DLBC,cBioPortal,,
6229,RPS24,37574.404698,149,TGCT,cBioPortal,,
8755,ADAM6,31451.890390,407,BLCA,cBioPortal,,
2597,GAPDH,127327.843421,76,SKCM,cBioPortal,,
3320,HSP90AA1,53389.657718,149,TGCT,cBioPortal,Yes,No
26986,PABPC1,43266.152167,592,COADREAD,cBioPortal,,
3107,HLA-C,30781.260462,65,KICH,cBioPortal,No,Yes
203068,TUBB,40569.605546,119,THYM,cBioPortal,,
2316,FLNA,31930.344342,76,SKCM,cBioPortal,,
6205,RPS11,34903.581557,527,UCEC,cBioPortal,,
2495,FTH1,59639.740200,300,OV,cBioPortal,,
348,APOE,41135.314000,80,UVM,cBioPortal,,
7117,TMSL3,31968.844373,510,KIRC,cBioPortal,,
6132,RPL8,32843.332314,181,ESCA,cBioPortal,,
351,APP,31142.497938,514,LGG,cBioPortal,,
6191,RPS4X,48029.927096,300,OV,cBioPortal,,
2495,FTH1,62422.446448,366,LIHC,cBioPortal,,
1281,COL3A1,92955.048596,57,UCS,cBioPortal,,
63827,BCAN,34154.867583,139,GBM,cBioPortal,,
2778,GNAS,34955.916384,177,PAAD,cBioPortal,Yes,No
3488,IGFBP5,46746.400256,497,THCA,cBioPortal,,
633,BGN,31579.745561,253,SARC,cBioPortal,,
7178,TPT1,67923.083616,177,PAAD,cBioPortal,,
7316,UBC,44416.451282,78,ACC,cBioPortal,,
7534,YWHAZ,33563.749109,181,ESCA,cBioPortal,,
4915,NTRK2,38733.151230,514,LGG,cBioPortal,Yes,No
71,ACTG1,63191.177774,283,KIRP,cBioPortal,No,Yes
226,ALDOA,50064.657692,78,ACC,cBioPortal,,
960,CD44,75194.271250,80,UVM,cBioPortal,,
6696,SPP1,76523.225791,139,GBM,cBioPortal,,
2335,FN1,52854.154433,515,HNSC,cBioPortal,,
3107,HLA-C,51872.552083,48,DLBC,cBioPortal,No,Yes
3106,HLA-B,39297.409819,497,THCA,cBioPortal,No,Yes
7117,TMSL3,43650.901681,412,STAD,cBioPortal,,
6222,RPS18,51180.050877,57,UCS,cBioPortal,,
1936,EEF1D,36494.443750,80,UVM,cBioPortal,,
