n,hugo_symbol_a,entrez_gene_id_a,hugo_symbol_b,entrez_gene_id_b,spearmancorr,spearmanp,pearsoncorr,pearsonp,spearmancorrsquare,pearsoncorrsquare,cancer_type,dataset_name,is_oncogene_a,is_tumor_suppressor_gene_a,is_oncogene_b,is_tumor_suppressor_gene_b
48,A1BG,1,A2LD1,87769,0.274,0.06,0.366,0.011,0.075,0.134,DLBC,cBioPortal,,,,
48,A1BG,1,AACS,65985,0.316,0.029,0.32,0.027,0.1,0.102,DLBC,cBioPortal,,,,
48,A1BG,1,AAK1,22848,-0.279,0.055,-0.295,0.042,0.078,0.087,DLBC,cBioPortal,,,,
48,A1BG,1,AAMP,14,0.212,0.148,0.249,0.088,0.045,0.062,DLBC,cBioPortal,,,,
48,A1BG,1,AARSD1,80755,0.541,0,0.491,0,0.293,0.242,DLBC,cBioPortal,,,,
48,A1BG,1,AASDH,132949,-0.419,0.003,-0.445,0.002,0.175,0.198,DLBC,cBioPortal,,,,
48,A1BG,1,AASDHPPT,60496,-0.501,0,-0.403,0.005,0.251,0.162,DLBC,cBioPortal,,,,
48,A1BG,1,AATF,26574,0.431,0.002,0.475,0.001,0.185,0.226,DLBC,cBioPortal,,,,
48,A1BG,1,AATK,9625,-0.03,0.842,0.265,0.069,0.001,0.07,DLBC,cBioPortal,,,,
48,A1BG,1,ABAT,18,-0.189,0.199,-0.275,0.058,0.036,0.076,DLBC,cBioPortal,,,,
48,A1BG,1,ABCA1,19,-0.547,0,-0.486,0,0.299,0.236,DLBC,cBioPortal,,,,
48,A1BG,1,ABCA17P,650655,0.283,0.051,0.398,0.005,0.08,0.158,DLBC,cBioPortal,,,,
48,A1BG,1,ABCA3,21,0.183,0.214,0.253,0.082,0.033,0.064,DLBC,cBioPortal,,,,
48,A1BG,1,ABCA9,10350,-0.155,0.292,-0.21,0.153,0.024,0.044,DLBC,cBioPortal,,,,
48,A1BG,1,ABCB10,23456,-0.421,0.003,-0.369,0.01,0.177,0.136,DLBC,cBioPortal,,,,
48,A1BG,1,ABCB6,10058,0.243,0.096,0.425,0.003,0.059,0.181,DLBC,cBioPortal,,,,
48,A1BG,1,ABCC10,89845,-0.242,0.098,-0.342,0.017,0.058,0.117,DLBC,cBioPortal,,,,
48,A1BG,1,ABCC1,4363,-0.372,0.009,-0.356,0.013,0.138,0.127,DLBC,cBioPortal,,,,
48,A1BG,1,ABCC2,1244,-0.407,0.004,-0.308,0.033,0.166,0.095,DLBC,cBioPortal,,,,
48,A1BG,1,ABCC4,10257,-0.554,0,-0.388,0.006,0.307,0.151,DLBC,cBioPortal,,,,
48,A1BG,1,ABCC5,10057,-0.326,0.024,-0.307,0.034,0.106,0.094,DLBC,cBioPortal,,,,
48,A1BG,1,ABCC6P1,653190,-0.277,0.057,-0.258,0.077,0.077,0.066,DLBC,cBioPortal,,,,
48,A1BG,1,ABCC8,6833,0.093,0.528,0.298,0.04,0.009,0.089,DLBC,cBioPortal,,,,
48,A1BG,1,ABCC9,10060,-0.402,0.005,-0.327,0.023,0.161,0.107,DLBC,cBioPortal,,,,
48,A1BG,1,ABCD2,225,-0.429,0.002,-0.358,0.013,0.184,0.128,DLBC,cBioPortal,,,,
48,A1BG,1,ABCD3,5825,-0.441,0.002,-0.219,0.134,0.195,0.048,DLBC,cBioPortal,,,,
48,A1BG,1,ABCD4,5826,0.36,0.012,0.319,0.027,0.13,0.102,DLBC,cBioPortal,,,,
48,A1BG,1,ABCE1,6059,-0.575,0,-0.519,0,0.33,0.269,DLBC,cBioPortal,,,,
48,A1BG,1,ABCF1,23,0.256,0.079,0.258,0.077,0.065,0.067,DLBC,cBioPortal,,,,
48,A1BG,1,ABCF2,10061,-0.377,0.008,-0.37,0.01,0.142,0.137,DLBC,cBioPortal,,,,
48,A1BG,1,ABHD11,83451,0.484,0,0.543,0,0.234,0.295,DLBC,cBioPortal,,,,
48,A1BG,1,ABHD12,26090,0.493,0,0.417,0.003,0.243,0.174,DLBC,cBioPortal,,,,
48,A1BG,1,ABHD13,84945,-0.409,0.004,-0.466,0.001,0.167,0.217,DLBC,cBioPortal,,,,
48,A1BG,1,ABHD14A,25864,0.497,0,0.471,0.001,0.247,0.222,DLBC,cBioPortal,,,,
48,A1BG,1,ABHD14B,84836,0.467,0.001,0.455,0.001,0.218,0.207,DLBC,cBioPortal,,,,
48,A1BG,1,ABHD15,116236,-0.259,0.076,-0.315,0.029,0.067,0.099,DLBC,cBioPortal,,,,
48,A1BG,1,ABHD2,11057,-0.445,0.002,-0.429,0.002,0.198,0.184,DLBC,cBioPortal,,,,
48,A1BG,1,ABHD3,171586,-0.403,0.004,-0.435,0.002,0.163,0.189,DLBC,cBioPortal,,,,
48,A1BG,1,ABHD5,51099,-0.322,0.026,-0.333,0.021,0.103,0.111,DLBC,cBioPortal,,,,
48,A1BG,1,ABHD6,57406,-0.189,0.198,-0.243,0.096,0.036,0.059,DLBC,cBioPortal,,,,
48,A1BG,1,ABHD8,79575,0.531,0,0.459,0.001,0.282,0.21,DLBC,cBioPortal,,,,
48,A1BG,1,ABI1,10006,-0.429,0.002,-0.439,0.002,0.184,0.193,DLBC,cBioPortal,,,No,No
48,A1BG,1,ABI3BP,25890,-0.399,0.005,-0.389,0.006,0.159,0.151,DLBC,cBioPortal,,,,
48,A1BG,1,ABL1,25,-0.529,0,-0.513,0,0.279,0.263,DLBC,cBioPortal,,,Yes,No
48,A1BG,1,ABLIM2,84448,0.245,0.093,0.249,0.087,0.06,0.062,DLBC,cBioPortal,,,,
48,A1BG,1,ABO,28,-0.472,0.001,-0.363,0.011,0.223,0.131,DLBC,cBioPortal,,,,
48,A1BG,1,ABTB1,80325,0.547,0,0.469,0.001,0.299,0.22,DLBC,cBioPortal,,,,
48,A1BG,1,ABTB2,25841,-0.292,0.044,-0.221,0.132,0.085,0.049,DLBC,cBioPortal,,,,
48,A1BG,1,ACAA1,30,0.467,0.001,0.423,0.003,0.218,0.179,DLBC,cBioPortal,,,,
48,A1BG,1,ACACA,31,-0.561,0,-0.402,0.005,0.315,0.162,DLBC,cBioPortal,,,,
48,A1BG,1,ACAD10,80724,0.212,0.148,0.278,0.056,0.045,0.077,DLBC,cBioPortal,,,,
48,A1BG,1,ACAD11,84129,-0.24,0.1,-0.241,0.099,0.058,0.058,DLBC,cBioPortal,,,,
48,A1BG,1,ACADM,34,-0.395,0.005,-0.452,0.001,0.156,0.204,DLBC,cBioPortal,,,,
48,A1BG,1,ACADS,35,0.331,0.022,0.34,0.018,0.11,0.116,DLBC,cBioPortal,,,,
48,A1BG,1,ACADSB,36,-0.427,0.003,-0.437,0.002,0.182,0.191,DLBC,cBioPortal,,,,
48,A1BG,1,ACADVL,37,0.344,0.017,0.28,0.054,0.118,0.078,DLBC,cBioPortal,,,,
48,A1BG,1,ACAN,176,-0.294,0.043,-0.204,0.165,0.086,0.041,DLBC,cBioPortal,,,,
48,A1BG,1,ACAP1,9744,0.279,0.055,0.228,0.12,0.078,0.052,DLBC,cBioPortal,,,,
48,A1BG,1,ACAP2,23527,-0.44,0.002,-0.458,0.001,0.194,0.209,DLBC,cBioPortal,,,,
48,A1BG,1,ACBD3,64746,-0.502,0,-0.459,0.001,0.252,0.211,DLBC,cBioPortal,,,,
48,A1BG,1,ACBD4,79777,0.545,0,0.503,0,0.297,0.253,DLBC,cBioPortal,,,,
48,A1BG,1,ACBD5,91452,-0.53,0,-0.556,0,0.281,0.309,DLBC,cBioPortal,,,,
48,A1BG,1,ACBD6,84320,0.392,0.006,0.461,0.001,0.154,0.212,DLBC,cBioPortal,,,,
48,A1BG,1,ACCN3,9311,0.323,0.025,0.231,0.115,0.104,0.053,DLBC,cBioPortal,,,,
48,A1BG,1,ACCS,84680,0.21,0.152,0.212,0.148,0.044,0.045,DLBC,cBioPortal,,,,
48,A1BG,1,ACCSL,390110,-0.314,0.03,-0.238,0.104,0.098,0.057,DLBC,cBioPortal,,,,
48,A1BG,1,ACD,65057,0.486,0,0.519,0,0.237,0.269,DLBC,cBioPortal,,,,
48,A1BG,1,ACE,1636,-0.369,0.01,-0.358,0.012,0.136,0.128,DLBC,cBioPortal,,,,
48,A1BG,1,ACE2,59272,-0.238,0.104,-0.211,0.15,0.057,0.045,DLBC,cBioPortal,,,,
48,A1BG,1,ACER2,340485,-0.427,0.002,-0.343,0.017,0.183,0.118,DLBC,cBioPortal,,,,
48,A1BG,1,ACER3,55331,-0.3,0.038,-0.264,0.07,0.09,0.07,DLBC,cBioPortal,,,,
48,A1BG,1,ACIN1,22985,-0.379,0.008,-0.438,0.002,0.143,0.192,DLBC,cBioPortal,,,,
48,A1BG,1,ACLY,47,-0.587,0,-0.505,0,0.344,0.255,DLBC,cBioPortal,,,,
48,A1BG,1,ACOT13,55856,0.31,0.032,0.305,0.035,0.096,0.093,DLBC,cBioPortal,,,,
48,A1BG,1,ACOT2,10965,-0.135,0.361,-0.223,0.128,0.018,0.05,DLBC,cBioPortal,,,,
48,A1BG,1,ACOT4,122970,0.428,0.002,0.356,0.013,0.183,0.127,DLBC,cBioPortal,,,,
48,A1BG,1,ACOT8,10005,0.622,0,0.658,0,0.387,0.433,DLBC,cBioPortal,,,,
48,A1BG,1,ACOX1,51,-0.186,0.206,-0.214,0.144,0.035,0.046,DLBC,cBioPortal,,,,
48,A1BG,1,ACP5,54,0.259,0.076,0.239,0.101,0.067,0.057,DLBC,cBioPortal,,,,
48,A1BG,1,ACP6,51205,0.47,0.001,0.441,0.002,0.221,0.194,DLBC,cBioPortal,,,,
48,A1BG,1,ACPL2,92370,-0.115,0.435,-0.211,0.15,0.013,0.044,DLBC,cBioPortal,,,,
48,A1BG,1,ACRBP,84519,-0.255,0.08,-0.34,0.018,0.065,0.115,DLBC,cBioPortal,,,,
48,A1BG,1,ACSF2,80221,0.359,0.012,0.398,0.005,0.129,0.158,DLBC,cBioPortal,,,,
48,A1BG,1,ACSF3,197322,0.449,0.001,0.24,0.1,0.201,0.058,DLBC,cBioPortal,,,,
48,A1BG,1,ACSL3,2181,-0.524,0,-0.566,0,0.275,0.321,DLBC,cBioPortal,,,No,No
48,A1BG,1,ACSL4,2182,-0.567,0,-0.297,0.04,0.321,0.088,DLBC,cBioPortal,,,,
48,A1BG,1,ACSM1,116285,0.057,0.7,0.221,0.131,0.003,0.049,DLBC,cBioPortal,,,,
48,A1BG,1,ACTL6A,86,-0.496,0,-0.558,0,0.246,0.312,DLBC,cBioPortal,,,,
48,A1BG,1,ACTL6B,51412,0.019,0.897,0.366,0.01,0,0.134,DLBC,cBioPortal,,,,
48,A1BG,1,ACTL8,81569,-0.258,0.076,0.36,0.012,0.067,0.13,DLBC,cBioPortal,,,,
48,A1BG,1,ACTN1,87,-0.309,0.032,-0.374,0.009,0.096,0.14,DLBC,cBioPortal,,,,
48,A1BG,1,ACTN2,88,0.304,0.036,0.323,0.025,0.092,0.104,DLBC,cBioPortal,,,,
48,A1BG,1,ACTN4,81,-0.252,0.084,-0.217,0.138,0.064,0.047,DLBC,cBioPortal,,,,
48,A1BG,1,ACTR10,55860,0.399,0.005,0.366,0.011,0.159,0.134,DLBC,cBioPortal,,,,
48,A1BG,1,ACTR1A,10121,0.353,0.014,0.291,0.045,0.125,0.085,DLBC,cBioPortal,,,,
48,A1BG,1,ACTR1B,10120,0.476,0.001,0.376,0.008,0.226,0.142,DLBC,cBioPortal,,,,
48,A1BG,1,ACTR2,10097,-0.453,0.001,-0.38,0.008,0.205,0.145,DLBC,cBioPortal,,,,
48,A1BG,1,ACTR3,10096,-0.265,0.069,-0.313,0.03,0.07,0.098,DLBC,cBioPortal,,,,
48,A1BG,1,ACTR5,79913,0.474,0.001,0.457,0.001,0.225,0.209,DLBC,cBioPortal,,,,
48,A1BG,1,ACTR6,64431,-0.401,0.005,-0.463,0.001,0.161,0.214,DLBC,cBioPortal,,,,
48,A1BG,1,ACVR1,90,-0.523,0,-0.511,0,0.273,0.261,DLBC,cBioPortal,,,Yes,No
48,A1BG,1,ACVR1B,91,-0.366,0.011,-0.404,0.004,0.134,0.163,DLBC,cBioPortal,,,No,Yes
48,A1BG,1,ACVR2A,92,0.314,0.03,0.353,0.014,0.099,0.125,DLBC,cBioPortal,,,No,No
48,A1BG,1,ACY1,95,0.471,0.001,0.393,0.006,0.221,0.154,DLBC,cBioPortal,,,,
48,A1BG,1,ACY3,91703,0.233,0.111,0.3,0.038,0.054,0.09,DLBC,cBioPortal,,,,
48,A1BG,1,ADAM10,102,-0.667,0,-0.577,0,0.445,0.333,DLBC,cBioPortal,,,,
48,A1BG,1,ADAM11,4185,0.228,0.12,0.273,0.06,0.052,0.075,DLBC,cBioPortal,,,,
48,A1BG,1,ADAM12,8038,-0.2,0.173,-0.26,0.074,0.04,0.068,DLBC,cBioPortal,,,,
48,A1BG,1,ADAM17,6868,-0.615,0,-0.585,0,0.378,0.342,DLBC,cBioPortal,,,,
48,A1BG,1,ADAM19,8728,-0.49,0,-0.431,0.002,0.24,0.186,DLBC,cBioPortal,,,,
48,A1BG,1,ADAM29,11086,0.226,0.123,0.421,0.003,0.051,0.177,DLBC,cBioPortal,,,,
48,A1BG,1,ADAM5P,255926,-0.086,0.56,0.215,0.142,0.007,0.046,DLBC,cBioPortal,,,,
48,A1BG,1,ADAM7,8756,0.066,0.656,0.285,0.049,0.004,0.081,DLBC,cBioPortal,,,,
48,A1BG,1,ADAM8,101,-0.196,0.181,-0.253,0.083,0.039,0.064,DLBC,cBioPortal,,,,
48,A1BG,1,ADAM9,8754,-0.607,0,-0.575,0,0.368,0.33,DLBC,cBioPortal,,,,
48,A1BG,1,ADAMDEC1,27299,-0.183,0.214,-0.235,0.108,0.033,0.055,DLBC,cBioPortal,,,,
48,A1BG,1,ADAMTS12,81792,-0.429,0.002,-0.312,0.031,0.184,0.098,DLBC,cBioPortal,,,,
48,A1BG,1,ADAMTS13,11093,0.321,0.026,0.242,0.097,0.103,0.059,DLBC,cBioPortal,,,,
48,A1BG,1,ADAMTS15,170689,-0.19,0.195,-0.236,0.107,0.036,0.055,DLBC,cBioPortal,,,,
48,A1BG,1,ADAMTS1,9510,-0.402,0.005,-0.299,0.039,0.161,0.089,DLBC,cBioPortal,,,,
48,A1BG,1,ADAMTS2,9509,-0.359,0.012,-0.266,0.068,0.129,0.07,DLBC,cBioPortal,,,,
48,A1BG,1,ADAMTS6,11174,-0.394,0.006,-0.311,0.032,0.155,0.097,DLBC,cBioPortal,,,,
48,A1BG,1,ADAMTS9,56999,-0.362,0.012,-0.258,0.076,0.131,0.067,DLBC,cBioPortal,,,,
48,A1BG,1,ADAMTSL1,92949,-0.333,0.021,-0.266,0.068,0.111,0.071,DLBC,cBioPortal,,,,
48,A1BG,1,ADAMTSL2,9719,0.282,0.052,0.243,0.096,0.079,0.059,DLBC,cBioPortal,,,,
48,A1BG,1,ADAMTSL4,54507,-0.346,0.016,-0.358,0.013,0.12,0.128,DLBC,cBioPortal,,,,
48,A1BG,1,ADAP1,11033,-0.126,0.394,-0.216,0.141,0.016,0.047,DLBC,cBioPortal,,,,
48,A1BG,1,ADAP2,55803,-0.22,0.133,-0.232,0.113,0.049,0.054,DLBC,cBioPortal,,,,
48,A1BG,1,ADAR,103,-0.405,0.004,-0.383,0.007,0.164,0.147,DLBC,cBioPortal,,,,
48,A1BG,1,ADARB2,105,0.165,0.264,0.241,0.099,0.027,0.058,DLBC,cBioPortal,,,,
48,A1BG,1,ADAT1,23536,-0.59,0,-0.519,0,0.348,0.269,DLBC,cBioPortal,,,,
48,A1BG,1,ADAT2,134637,-0.271,0.062,-0.227,0.121,0.074,0.051,DLBC,cBioPortal,,,,
48,A1BG,1,ADCK1,57143,0.391,0.006,0.343,0.017,0.153,0.117,DLBC,cBioPortal,,,,
48,A1BG,1,ADCK2,90956,0.421,0.003,0.417,0.003,0.177,0.174,DLBC,cBioPortal,,,,
48,A1BG,1,ADCK4,79934,0.498,0,0.471,0.001,0.248,0.222,DLBC,cBioPortal,,,,
48,A1BG,1,ADCK5,203054,0.478,0.001,0.429,0.002,0.229,0.184,DLBC,cBioPortal,,,,
48,A1BG,1,ADCY6,112,-0.13,0.38,-0.244,0.095,0.017,0.059,DLBC,cBioPortal,,,,
48,A1BG,1,ADCY7,113,-0.479,0.001,-0.469,0.001,0.229,0.22,DLBC,cBioPortal,,,,
48,A1BG,1,ADCY8,114,0.033,0.823,0.379,0.008,0.001,0.144,DLBC,cBioPortal,,,,
48,A1BG,1,ADCY9,115,-0.131,0.374,-0.226,0.123,0.017,0.051,DLBC,cBioPortal,,,,
48,A1BG,1,ADCYAP1R1,117,-0.343,0.017,-0.264,0.069,0.118,0.07,DLBC,cBioPortal,,,,
48,A1BG,1,ADD1,118,-0.177,0.23,-0.238,0.104,0.031,0.057,DLBC,cBioPortal,,,,
48,A1BG,1,ADD3,120,-0.276,0.058,-0.28,0.054,0.076,0.078,DLBC,cBioPortal,,,,
48,A1BG,1,ADI1,55256,0.258,0.077,0.313,0.03,0.066,0.098,DLBC,cBioPortal,,,,
48,A1BG,1,ADIG,149685,0.25,0.086,0.36,0.012,0.063,0.129,DLBC,cBioPortal,,,,
48,A1BG,1,ADIPOR1,51094,-0.382,0.007,-0.384,0.007,0.146,0.148,DLBC,cBioPortal,,,,
48,A1BG,1,ADIPOR2,79602,-0.28,0.054,-0.233,0.111,0.079,0.054,DLBC,cBioPortal,,,,
48,A1BG,1,ADNP2,22850,-0.518,0,-0.501,0,0.268,0.251,DLBC,cBioPortal,,,,
48,A1BG,1,ADNP,23394,-0.526,0,-0.585,0,0.276,0.343,DLBC,cBioPortal,,,,
48,A1BG,1,ADORA1,134,0.202,0.168,0.378,0.008,0.041,0.143,DLBC,cBioPortal,,,,
48,A1BG,1,ADORA2A,135,0.234,0.11,0.352,0.014,0.055,0.124,DLBC,cBioPortal,,,,
48,A1BG,1,ADORA2B,136,-0.245,0.093,-0.272,0.061,0.06,0.074,DLBC,cBioPortal,,,,
48,A1BG,1,ADPGK,83440,-0.517,0,-0.537,0,0.267,0.289,DLBC,cBioPortal,,,,
48,A1BG,1,ADPRHL2,54936,0.516,0,0.575,0,0.267,0.33,DLBC,cBioPortal,,,,
48,A1BG,1,ADRA1B,147,0.16,0.278,0.273,0.06,0.026,0.075,DLBC,cBioPortal,,,,
48,A1BG,1,ADRA1D,146,-0.321,0.026,-0.293,0.043,0.103,0.086,DLBC,cBioPortal,,,,
48,A1BG,1,ADRM1,11047,0.453,0.001,0.461,0.001,0.206,0.213,DLBC,cBioPortal,,,,
48,A1BG,1,ADSL,158,0.343,0.017,0.45,0.001,0.118,0.202,DLBC,cBioPortal,,,,
48,A1BG,1,ADSS,159,-0.516,0,-0.462,0.001,0.266,0.213,DLBC,cBioPortal,,,,
48,A1BG,1,ADSSL1,122622,0.243,0.096,0.441,0.002,0.059,0.195,DLBC,cBioPortal,,,,
48,A1BG,1,AEBP2,121536,-0.493,0,-0.433,0.002,0.243,0.187,DLBC,cBioPortal,,,,
48,A1BG,1,AES,166,0.605,0,0.601,0,0.366,0.361,DLBC,cBioPortal,,,,
48,A1BG,1,AFAP1,60312,-0.362,0.011,-0.399,0.005,0.131,0.159,DLBC,cBioPortal,,,,
48,A1BG,1,AFAP1L1,134265,-0.474,0.001,-0.448,0.001,0.224,0.201,DLBC,cBioPortal,,,,
48,A1BG,1,AFAP1L2,84632,-0.422,0.003,-0.463,0.001,0.178,0.215,DLBC,cBioPortal,,,,
48,A1BG,1,AFF1,4299,-0.448,0.001,-0.445,0.002,0.201,0.198,DLBC,cBioPortal,,,No,No
48,A1BG,1,AFF3,3899,-0.412,0.004,-0.401,0.005,0.17,0.161,DLBC,cBioPortal,,,No,No
48,A1BG,1,AFF4,27125,-0.563,0,-0.499,0,0.317,0.249,DLBC,cBioPortal,,,Yes,No
48,A1BG,1,AFG3L1,172,-0.358,0.012,-0.282,0.052,0.128,0.08,DLBC,cBioPortal,,,,
48,A1BG,1,AFG3L2,10939,-0.231,0.114,-0.245,0.094,0.054,0.06,DLBC,cBioPortal,,,,
48,A1BG,1,AFP,174,0.019,0.9,0.301,0.038,0,0.091,DLBC,cBioPortal,,,,
48,A1BG,1,AFTPH,54812,-0.436,0.002,-0.36,0.012,0.19,0.13,DLBC,cBioPortal,,,,
48,A1BG,1,C11orf96,387763,0.148,0.317,0.272,0.061,0.022,0.074,DLBC,cBioPortal,,,,
48,A1BG,1,AGAP1,116987,-0.273,0.061,-0.248,0.09,0.074,0.061,DLBC,cBioPortal,,,,
48,A1BG,1,AGAP2,116986,-0.15,0.31,-0.215,0.141,0.022,0.046,DLBC,cBioPortal,,,,
48,A1BG,1,AGAP4,119016,-0.296,0.041,-0.299,0.039,0.088,0.089,DLBC,cBioPortal,,,,
48,A1BG,1,AGAP5,729092,-0.531,0,-0.47,0.001,0.282,0.221,DLBC,cBioPortal,,,,
48,A1BG,1,AGAP6,414189,-0.378,0.008,-0.347,0.016,0.143,0.121,DLBC,cBioPortal,,,,
48,A1BG,1,AGAP8,728404,-0.451,0.001,-0.429,0.002,0.203,0.184,DLBC,cBioPortal,,,,
48,A1BG,1,AGBL5,60509,0.266,0.067,0.356,0.013,0.071,0.127,DLBC,cBioPortal,,,,
48,A1BG,1,AGER,177,0.24,0.101,0.208,0.155,0.058,0.043,DLBC,cBioPortal,,,,
48,A1BG,1,AGGF1,55109,-0.467,0.001,-0.394,0.006,0.218,0.155,DLBC,cBioPortal,,,,
48,A1BG,1,AGK,55750,-0.601,0,-0.575,0,0.361,0.331,DLBC,cBioPortal,,,,
48,A1BG,1,AGPAT1,10554,0.541,0,0.521,0,0.292,0.271,DLBC,cBioPortal,,,,
48,A1BG,1,AGPAT2,10555,0.468,0.001,0.455,0.001,0.219,0.207,DLBC,cBioPortal,,,,
48,A1BG,1,AGPAT6,137964,0.237,0.105,0.286,0.049,0.056,0.082,DLBC,cBioPortal,,,,
48,A1BG,1,AGPS,8540,-0.506,0,-0.5,0,0.256,0.25,DLBC,cBioPortal,,,,
48,A1BG,1,AGRP,181,-0.172,0.243,0.333,0.021,0.029,0.111,DLBC,cBioPortal,,,,
48,A1BG,1,AGT,183,-0.038,0.797,0.346,0.016,0.001,0.12,DLBC,cBioPortal,,,,
48,A1BG,1,AGTPBP1,23287,-0.549,0,-0.524,0,0.301,0.275,DLBC,cBioPortal,,,,
48,A1BG,1,AHCTF1,25909,-0.698,0,-0.578,0,0.488,0.334,DLBC,cBioPortal,,,,
48,A1BG,1,AHCY,191,0.19,0.196,0.246,0.092,0.036,0.061,DLBC,cBioPortal,,,,
48,A1BG,1,AHCYL1,10768,-0.588,0,-0.542,0,0.346,0.294,DLBC,cBioPortal,,,,
48,A1BG,1,AHCYL2,23382,-0.415,0.003,-0.393,0.006,0.172,0.154,DLBC,cBioPortal,,,,
48,A1BG,1,AHNAK,79026,-0.421,0.003,-0.37,0.01,0.177,0.137,DLBC,cBioPortal,,,,
48,A1BG,1,AHR,196,-0.398,0.005,-0.396,0.005,0.159,0.157,DLBC,cBioPortal,,,,
48,A1BG,1,AHSP,51327,0.064,0.668,0.288,0.047,0.004,0.083,DLBC,cBioPortal,,,,
48,A1BG,1,AIDA,64853,0.232,0.113,0.297,0.041,0.054,0.088,DLBC,cBioPortal,,,,
48,A1BG,1,AIF1L,83543,0.077,0.601,0.304,0.036,0.006,0.092,DLBC,cBioPortal,,,,
48,A1BG,1,AIFM2,84883,0.214,0.144,0.219,0.136,0.046,0.048,DLBC,cBioPortal,,,,
48,A1BG,1,AIG1,51390,0.139,0.347,0.227,0.121,0.019,0.052,DLBC,cBioPortal,,,,
48,A1BG,1,AIM1,202,-0.353,0.014,-0.382,0.007,0.124,0.146,DLBC,cBioPortal,,,,
48,A1BG,1,AIM1L,55057,0.334,0.02,0.274,0.06,0.111,0.075,DLBC,cBioPortal,,,,
48,A1BG,1,AIMP1,9255,0.292,0.044,0.382,0.007,0.085,0.146,DLBC,cBioPortal,,,,
48,A1BG,1,AIMP2,7965,0.273,0.061,0.367,0.01,0.074,0.135,DLBC,cBioPortal,,,,
48,A1BG,1,AIP,9049,0.586,0,0.502,0,0.343,0.252,DLBC,cBioPortal,,,,
48,A1BG,1,AJAP1,55966,-0.219,0.134,-0.205,0.163,0.048,0.042,DLBC,cBioPortal,,,,
48,A1BG,1,AK1,203,0.415,0.003,0.502,0,0.172,0.252,DLBC,cBioPortal,,,,
48,A1BG,1,AK2,204,0.141,0.339,0.26,0.075,0.02,0.068,DLBC,cBioPortal,,,,
48,A1BG,1,AK3,50808,-0.456,0.001,-0.46,0.001,0.208,0.211,DLBC,cBioPortal,,,,
48,A1BG,1,AK5,26289,0.169,0.251,0.334,0.02,0.028,0.112,DLBC,cBioPortal,,,,
48,A1BG,1,AKAP10,11216,-0.575,0,-0.607,0,0.331,0.369,DLBC,cBioPortal,,,,
48,A1BG,1,AKAP11,11215,-0.503,0,-0.479,0.001,0.253,0.23,DLBC,cBioPortal,,,,
48,A1BG,1,AKAP13,11214,-0.258,0.077,-0.321,0.026,0.067,0.103,DLBC,cBioPortal,,,,
48,A1BG,1,AKAP1,8165,-0.544,0,-0.412,0.004,0.296,0.17,DLBC,cBioPortal,,,,
48,A1BG,1,PALM2AKAP2,445815,-0.6,0,-0.36,0.012,0.36,0.13,DLBC,cBioPortal,,,,
48,A1BG,1,AKAP8L,26993,0.675,0,0.634,0,0.456,0.402,DLBC,cBioPortal,,,,
48,A1BG,1,AKAP9,10142,-0.546,0,-0.473,0.001,0.298,0.224,DLBC,cBioPortal,,,,
48,A1BG,1,AKD1,221264,-0.285,0.05,-0.33,0.022,0.081,0.109,DLBC,cBioPortal,,,,
48,A1BG,1,AKIRIN1,79647,-0.546,0,-0.552,0,0.299,0.304,DLBC,cBioPortal,,,,
48,A1BG,1,AKIRIN2,55122,0.173,0.238,0.251,0.085,0.03,0.063,DLBC,cBioPortal,,,,
48,A1BG,1,AKNA,80709,-0.189,0.198,-0.224,0.125,0.036,0.05,DLBC,cBioPortal,,,,
48,A1BG,1,AKR1A1,10327,0.388,0.006,0.273,0.06,0.151,0.075,DLBC,cBioPortal,,,,
48,A1BG,1,AKR1B1,231,0.193,0.189,0.207,0.157,0.037,0.043,DLBC,cBioPortal,,,,
48,A1BG,1,AKR7A2,8574,0.5,0,0.629,0,0.25,0.396,DLBC,cBioPortal,,,,
48,A1BG,1,AKT1,207,-0.327,0.023,-0.279,0.055,0.107,0.078,DLBC,cBioPortal,,,Yes,No
48,A1BG,1,AKT2,208,-0.263,0.071,-0.309,0.033,0.069,0.095,DLBC,cBioPortal,,,Yes,No
48,A1BG,1,AKT3,10000,-0.313,0.031,-0.362,0.011,0.098,0.131,DLBC,cBioPortal,,,Yes,No
48,A1BG,1,ALAD,210,-0.515,0,-0.471,0.001,0.265,0.222,DLBC,cBioPortal,,,,
48,A1BG,1,ALCAM,214,0.239,0.102,0.306,0.034,0.057,0.094,DLBC,cBioPortal,,,,
48,A1BG,1,ALDH18A1,5832,-0.326,0.024,-0.224,0.125,0.106,0.05,DLBC,cBioPortal,,,,
48,A1BG,1,ALDH1A3,220,-0.333,0.021,-0.328,0.023,0.111,0.107,DLBC,cBioPortal,,,,
48,A1BG,1,ALDH1B1,219,-0.205,0.161,-0.224,0.126,0.042,0.05,DLBC,cBioPortal,,,,
48,A1BG,1,ALDH1L2,160428,-0.502,0,-0.386,0.007,0.252,0.149,DLBC,cBioPortal,,,Yes,No
48,A1BG,1,ALDH2,217,0.294,0.043,0.278,0.056,0.086,0.077,DLBC,cBioPortal,,,No,Yes
48,A1BG,1,ALDH6A1,4329,-0.597,0,-0.441,0.002,0.356,0.194,DLBC,cBioPortal,,,,
48,A1BG,1,ALDH9A1,223,-0.203,0.166,-0.356,0.013,0.041,0.127,DLBC,cBioPortal,,,,
48,A1BG,1,ALDOA,226,0.376,0.009,0.336,0.02,0.141,0.113,DLBC,cBioPortal,,,,
48,A1BG,1,ALDOC,230,0.492,0,0.394,0.006,0.242,0.155,DLBC,cBioPortal,,,,
48,A1BG,1,ALG10,84920,-0.466,0.001,-0.416,0.003,0.217,0.173,DLBC,cBioPortal,,,,
48,A1BG,1,ALG10B,144245,-0.153,0.299,-0.219,0.134,0.023,0.048,DLBC,cBioPortal,,,,
48,A1BG,1,ALG11,440138,-0.293,0.043,-0.25,0.086,0.086,0.063,DLBC,cBioPortal,,,,
48,A1BG,1,ALG13,79868,-0.372,0.009,-0.373,0.009,0.138,0.139,DLBC,cBioPortal,,,,
48,A1BG,1,ALG14,199857,0.426,0.003,0.302,0.037,0.181,0.091,DLBC,cBioPortal,,,,
48,A1BG,1,ALG1L,200810,0.474,0.001,0.266,0.067,0.225,0.071,DLBC,cBioPortal,,,,
48,A1BG,1,ALG2,85365,-0.363,0.011,-0.413,0.004,0.131,0.171,DLBC,cBioPortal,,,,
48,A1BG,1,ALG3,10195,0.234,0.109,0.24,0.101,0.055,0.057,DLBC,cBioPortal,,,,
48,A1BG,1,ALG6,29929,0.105,0.479,0.224,0.127,0.011,0.05,DLBC,cBioPortal,,,,
48,A1BG,1,ALG9,79796,0.07,0.636,0.396,0.005,0.005,0.157,DLBC,cBioPortal,,,,
48,A1BG,1,ALK,238,0.35,0.015,0.287,0.048,0.123,0.083,DLBC,cBioPortal,,,Yes,No
48,A1BG,1,ALKBH1,8846,-0.391,0.006,-0.279,0.055,0.153,0.078,DLBC,cBioPortal,,,,
48,A1BG,1,ALKBH2,121642,0.153,0.3,0.317,0.028,0.023,0.101,DLBC,cBioPortal,,,,
48,A1BG,1,ALKBH3,221120,0.368,0.01,0.392,0.006,0.136,0.154,DLBC,cBioPortal,,,,
48,A1BG,1,ALKBH4,54784,0.661,0,0.625,0,0.437,0.391,DLBC,cBioPortal,,,,
48,A1BG,1,ALKBH6,84964,0.609,0,0.519,0,0.371,0.269,DLBC,cBioPortal,,,,
48,A1BG,1,ALKBH7,84266,0.621,0,0.677,0,0.386,0.459,DLBC,cBioPortal,,,,
48,A1BG,1,ALMS1,7840,-0.319,0.027,-0.259,0.076,0.102,0.067,DLBC,cBioPortal,,,,
48,A1BG,1,ALMS1P,200420,0.15,0.309,0.363,0.011,0.022,0.131,DLBC,cBioPortal,,,,
48,A1BG,1,ALOX12,239,-0.394,0.006,-0.275,0.059,0.155,0.075,DLBC,cBioPortal,,,,
48,A1BG,1,ALOX12B,242,0.197,0.18,0.231,0.114,0.039,0.053,DLBC,cBioPortal,,,Yes,Yes
48,A1BG,1,ALOX5,240,-0.265,0.069,-0.26,0.075,0.07,0.068,DLBC,cBioPortal,,,,
48,A1BG,1,ALOX5AP,241,0.561,0,0.521,0,0.314,0.272,DLBC,cBioPortal,,,,
48,A1BG,1,ALOXE3,59344,-0.129,0.381,0.315,0.029,0.017,0.099,DLBC,cBioPortal,,,,
48,A1BG,1,ALPK3,57538,-0.342,0.017,-0.333,0.021,0.117,0.111,DLBC,cBioPortal,,,,
48,A1BG,1,ALPPL2,251,-0.438,0.002,-0.25,0.087,0.192,0.062,DLBC,cBioPortal,,,,
48,A1BG,1,ALS2,57679,-0.437,0.002,-0.462,0.001,0.191,0.214,DLBC,cBioPortal,,,,
48,A1BG,1,ALS2CR11,151254,-0.473,0.001,-0.289,0.046,0.224,0.084,DLBC,cBioPortal,,,,
48,A1BG,1,ALS2CR12,130540,-0.34,0.018,-0.206,0.16,0.116,0.042,DLBC,cBioPortal,,,,
48,A1BG,1,ALS2CR4,65062,-0.312,0.031,-0.31,0.032,0.097,0.096,DLBC,cBioPortal,,,,
48,A1BG,1,ALS2CR8,79800,-0.288,0.047,-0.276,0.058,0.083,0.076,DLBC,cBioPortal,,,,
48,A1BG,1,ALX3,257,-0.37,0.01,-0.315,0.029,0.137,0.099,DLBC,cBioPortal,,,,
48,A1BG,1,ALX4,60529,-0.293,0.043,-0.216,0.14,0.086,0.047,DLBC,cBioPortal,,,,
48,A1BG,1,AMAC1,146861,0.132,0.369,0.204,0.164,0.018,0.042,DLBC,cBioPortal,,,,
48,A1BG,1,AMBN,258,-0.444,0.002,-0.336,0.019,0.197,0.113,DLBC,cBioPortal,,,,
48,A1BG,1,AMBRA1,55626,-0.322,0.026,-0.295,0.042,0.104,0.087,DLBC,cBioPortal,,,,
48,A1BG,1,AMD1,262,-0.47,0.001,-0.411,0.004,0.221,0.169,DLBC,cBioPortal,,,,
48,A1BG,1,AMDHD2,51005,0.437,0.002,0.357,0.013,0.191,0.127,DLBC,cBioPortal,,,,
48,A1BG,1,AMELY,266,0.247,0.09,0.409,0.004,0.061,0.168,DLBC,cBioPortal,,,,
48,A1BG,1,AMHR2,269,-0.438,0.002,-0.27,0.064,0.192,0.073,DLBC,cBioPortal,,,,
48,A1BG,1,AMIGO3,386724,0.365,0.011,0.302,0.037,0.134,0.091,DLBC,cBioPortal,,,,
48,A1BG,1,AMMECR1,9949,-0.658,0,-0.602,0,0.433,0.363,DLBC,cBioPortal,,,,
48,A1BG,1,AMMECR1L,83607,-0.414,0.003,-0.376,0.008,0.172,0.142,DLBC,cBioPortal,,,,
48,A1BG,1,AMOTL2,51421,-0.205,0.163,-0.269,0.065,0.042,0.072,DLBC,cBioPortal,,,,
48,A1BG,1,AMPH,273,-0.309,0.032,-0.244,0.095,0.096,0.059,DLBC,cBioPortal,,,,
48,A1BG,1,AMT,275,0.353,0.014,0.259,0.075,0.125,0.067,DLBC,cBioPortal,,,,
48,A1BG,1,AMY2A,279,0.225,0.123,0.21,0.151,0.051,0.044,DLBC,cBioPortal,,,,
48,A1BG,1,AMZ1,155185,0.157,0.287,0.392,0.006,0.025,0.153,DLBC,cBioPortal,,,,
48,A1BG,1,AMZ2,51321,0.356,0.013,0.413,0.004,0.127,0.17,DLBC,cBioPortal,,,,
48,A1BG,1,AMZ2P1,201283,0.411,0.004,0.428,0.002,0.169,0.183,DLBC,cBioPortal,,,,
48,A1BG,1,ANAPC10,10393,-0.428,0.002,-0.341,0.018,0.183,0.116,DLBC,cBioPortal,,,,
48,A1BG,1,ANAPC11,51529,0.58,0,0.601,0,0.336,0.361,DLBC,cBioPortal,,,,
48,A1BG,1,ANAPC13,25847,0.322,0.026,0.282,0.052,0.104,0.079,DLBC,cBioPortal,,,,
48,A1BG,1,ANAPC16,119504,0.568,0,0.578,0,0.322,0.334,DLBC,cBioPortal,,,,
48,A1BG,1,ANAPC1,64682,-0.703,0,-0.643,0,0.494,0.413,DLBC,cBioPortal,,,,
48,A1BG,1,ANAPC2,29882,0.442,0.002,0.373,0.009,0.195,0.139,DLBC,cBioPortal,,,,
48,A1BG,1,ANAPC4,29945,0.123,0.404,0.227,0.121,0.015,0.051,DLBC,cBioPortal,,,,
48,A1BG,1,ANAPC5,51433,0.03,0.842,0.242,0.098,0.001,0.058,DLBC,cBioPortal,,,,
48,A1BG,1,ANAPC7,51434,0.206,0.16,0.263,0.071,0.043,0.069,DLBC,cBioPortal,,,,
48,A1BG,1,ANGEL1,23357,-0.219,0.135,-0.278,0.056,0.048,0.077,DLBC,cBioPortal,,,,
48,A1BG,1,ANGEL2,90806,-0.305,0.035,-0.32,0.026,0.093,0.103,DLBC,cBioPortal,,,,
48,A1BG,1,ANGPT1,284,-0.233,0.112,-0.252,0.084,0.054,0.064,DLBC,cBioPortal,,,,
48,A1BG,1,ANGPT2,285,-0.437,0.002,-0.335,0.02,0.191,0.112,DLBC,cBioPortal,,,,
48,A1BG,1,ANGPTL4,51129,0.024,0.874,0.425,0.003,0.001,0.181,DLBC,cBioPortal,,,,
48,A1BG,1,ANGPTL5,253935,-0.07,0.638,0.224,0.126,0.005,0.05,DLBC,cBioPortal,,,,
48,A1BG,1,ANGPTL6,83854,0.342,0.017,0.262,0.072,0.117,0.069,DLBC,cBioPortal,,,,
48,A1BG,1,ANKAR,150709,-0.231,0.114,-0.227,0.121,0.054,0.051,DLBC,cBioPortal,,,,
48,A1BG,1,ANKDD1A,348094,0.17,0.248,0.277,0.056,0.029,0.077,DLBC,cBioPortal,,,,
48,A1BG,1,ANKFY1,51479,-0.407,0.004,-0.458,0.001,0.166,0.21,DLBC,cBioPortal,,,,
48,A1BG,1,ANKHD1,54882,-0.38,0.008,-0.37,0.01,0.144,0.137,DLBC,cBioPortal,,,,
48,A1BG,1,ANKHD1-EIF4EBP3,404734,-0.506,0,-0.493,0,0.256,0.243,DLBC,cBioPortal,,,,
48,A1BG,1,ANKIB1,54467,-0.487,0,-0.5,0,0.237,0.25,DLBC,cBioPortal,,,,
48,A1BG,1,ANKK1,255239,0.442,0.002,0.454,0.001,0.195,0.206,DLBC,cBioPortal,,,,
48,A1BG,1,ANKLE1,126549,-0.369,0.01,-0.34,0.018,0.136,0.115,DLBC,cBioPortal,,,,
48,A1BG,1,ANKRA2,57763,-0.314,0.03,-0.416,0.003,0.099,0.173,DLBC,cBioPortal,,,,
48,A1BG,1,ANKRD10,55608,-0.205,0.163,-0.249,0.088,0.042,0.062,DLBC,cBioPortal,,,,
48,A1BG,1,ANKRD11,29123,-0.403,0.005,-0.406,0.004,0.162,0.165,DLBC,cBioPortal,,,No,Yes
48,A1BG,1,ANKRD12,23253,-0.522,0,-0.502,0,0.273,0.252,DLBC,cBioPortal,,,,
48,A1BG,1,ANKRD13C,81573,-0.47,0.001,-0.418,0.003,0.221,0.175,DLBC,cBioPortal,,,,
48,A1BG,1,ANKRD16,54522,0.095,0.521,0.23,0.115,0.009,0.053,DLBC,cBioPortal,,,,
48,A1BG,1,ANKRD17,26057,-0.698,0,-0.622,0,0.488,0.387,DLBC,cBioPortal,,,,
48,A1BG,1,ANKRD19,138649,0.582,0,0.633,0,0.339,0.401,DLBC,cBioPortal,,,,
48,A1BG,1,ANKRD20A3,441425,-0.257,0.078,-0.249,0.088,0.066,0.062,DLBC,cBioPortal,,,,
48,A1BG,1,ANKRD2,26287,0.184,0.211,0.243,0.096,0.034,0.059,DLBC,cBioPortal,,,,
48,A1BG,1,ANKRD23,200539,-0.302,0.037,-0.235,0.108,0.091,0.055,DLBC,cBioPortal,,,,
48,A1BG,1,ANKRD26,22852,-0.59,0,-0.491,0,0.348,0.241,DLBC,cBioPortal,,,Yes,No
48,A1BG,1,ANKRD27,84079,-0.662,0,-0.511,0,0.439,0.261,DLBC,cBioPortal,,,,
48,A1BG,1,ANKRD28,23243,-0.474,0.001,-0.411,0.004,0.225,0.169,DLBC,cBioPortal,,,,
48,A1BG,1,ANKRD31,256006,-0.409,0.004,-0.32,0.027,0.167,0.102,DLBC,cBioPortal,,,,
48,A1BG,1,ANKRD32,84250,-0.609,0,-0.633,0,0.371,0.4,DLBC,cBioPortal,,,,
48,A1BG,1,ANKRD34C,390616,0.128,0.388,0.228,0.119,0.016,0.052,DLBC,cBioPortal,,,,
48,A1BG,1,ANKRD36,375248,-0.432,0.002,-0.272,0.062,0.187,0.074,DLBC,cBioPortal,,,,
48,A1BG,1,ANKRD36B,57730,-0.511,0,-0.445,0.002,0.261,0.198,DLBC,cBioPortal,,,,
48,A1BG,1,ANKRD36BP1,84832,-0.614,0,-0.492,0,0.376,0.242,DLBC,cBioPortal,,,,
48,A1BG,1,ANKRD37,353322,0.241,0.098,0.244,0.095,0.058,0.059,DLBC,cBioPortal,,,,
48,A1BG,1,ANKRD39,51239,0.45,0.001,0.55,0,0.203,0.303,DLBC,cBioPortal,,,,
48,A1BG,1,ANKRD40,91369,-0.587,0,-0.484,0,0.345,0.235,DLBC,cBioPortal,,,,
48,A1BG,1,ANKRD44,91526,-0.492,0,-0.458,0.001,0.242,0.21,DLBC,cBioPortal,,,,
48,A1BG,1,ANKRD50,57182,-0.374,0.009,-0.355,0.013,0.14,0.126,DLBC,cBioPortal,,,,
48,A1BG,1,ANKRD52,283373,-0.48,0.001,-0.432,0.002,0.231,0.187,DLBC,cBioPortal,,,,
48,A1BG,1,ANKRD54,129138,0.298,0.04,0.494,0,0.089,0.244,DLBC,cBioPortal,,,,
48,A1BG,1,ANKRD5,63926,-0.349,0.015,-0.295,0.042,0.122,0.087,DLBC,cBioPortal,,,,
48,A1BG,1,ANKRD58,347454,0.234,0.11,0.333,0.021,0.055,0.111,DLBC,cBioPortal,,,,
48,A1BG,1,ANKRD7,56311,0.136,0.356,0.281,0.053,0.019,0.079,DLBC,cBioPortal,,,,
48,A1BG,1,ANKS1A,23294,-0.439,0.002,-0.403,0.005,0.193,0.162,DLBC,cBioPortal,,,,
48,A1BG,1,ANKS1B,56899,0.041,0.781,0.343,0.017,0.002,0.118,DLBC,cBioPortal,,,,
48,A1BG,1,ANKS3,124401,0.453,0.001,0.377,0.008,0.205,0.142,DLBC,cBioPortal,,,,
48,A1BG,1,ANKZF1,55139,0.399,0.005,0.324,0.025,0.159,0.105,DLBC,cBioPortal,,,,
48,A1BG,1,ANLN,54443,-0.678,0,-0.559,0,0.46,0.312,DLBC,cBioPortal,,,,
48,A1BG,1,ANO1,55107,-0.208,0.156,-0.207,0.158,0.043,0.043,DLBC,cBioPortal,,,,
48,A1BG,1,ANO2,57101,-0.288,0.047,-0.216,0.14,0.083,0.047,DLBC,cBioPortal,,,,
48,A1BG,1,ANO6,196527,-0.68,0,-0.604,0,0.463,0.364,DLBC,cBioPortal,,,,
48,A1BG,1,ANO7,50636,0.507,0,0.24,0.101,0.257,0.057,DLBC,cBioPortal,,,,
48,A1BG,1,ANO8,57719,-0.464,0.001,-0.394,0.006,0.215,0.155,DLBC,cBioPortal,,,,
48,A1BG,1,ANO9,338440,0.444,0.002,0.333,0.021,0.197,0.111,DLBC,cBioPortal,,,,
48,A1BG,1,ANP32A,8125,0.168,0.253,0.212,0.148,0.028,0.045,DLBC,cBioPortal,,,,
48,A1BG,1,ANP32B,10541,0.466,0.001,0.605,0,0.217,0.366,DLBC,cBioPortal,,,,
48,A1BG,1,ANP32C,23520,0.174,0.237,0.221,0.131,0.03,0.049,DLBC,cBioPortal,,,,
48,A1BG,1,ANP32D,23519,-0.338,0.019,-0.283,0.051,0.114,0.08,DLBC,cBioPortal,,,,
48,A1BG,1,ANP32E,81611,-0.349,0.015,-0.336,0.019,0.122,0.113,DLBC,cBioPortal,,,,
48,A1BG,1,ANTXR1,84168,-0.245,0.094,-0.24,0.1,0.06,0.058,DLBC,cBioPortal,,,,
48,A1BG,1,ANTXR2,118429,-0.429,0.002,-0.436,0.002,0.184,0.19,DLBC,cBioPortal,,,,
48,A1BG,1,ANXA1,301,-0.318,0.027,-0.301,0.038,0.101,0.09,DLBC,cBioPortal,,,,
48,A1BG,1,ANXA2P1,303,-0.414,0.003,-0.416,0.003,0.172,0.173,DLBC,cBioPortal,,,,
48,A1BG,1,ANXA2P2,304,-0.204,0.163,-0.253,0.083,0.042,0.064,DLBC,cBioPortal,,,,
48,A1BG,1,ANXA5,308,-0.383,0.007,-0.371,0.009,0.147,0.138,DLBC,cBioPortal,,,,
48,A1BG,1,ANXA7,310,-0.109,0.461,-0.247,0.09,0.012,0.061,DLBC,cBioPortal,,,,
48,A1BG,1,AOC2,314,-0.346,0.016,-0.236,0.106,0.12,0.056,DLBC,cBioPortal,,,,
48,A1BG,1,AOC3,8639,-0.161,0.274,-0.225,0.125,0.026,0.051,DLBC,cBioPortal,,,,
48,A1BG,1,AOX1,316,-0.161,0.274,-0.228,0.12,0.026,0.052,DLBC,cBioPortal,,,,
48,A1BG,1,AP1AR,55435,-0.62,0,-0.55,0,0.384,0.302,DLBC,cBioPortal,,,,
48,A1BG,1,AP1G1,164,-0.505,0,-0.478,0.001,0.255,0.228,DLBC,cBioPortal,,,,
48,A1BG,1,AP1G2,8906,0.315,0.029,0.342,0.017,0.099,0.117,DLBC,cBioPortal,,,,
48,A1BG,1,AP1M1,8907,0.376,0.008,0.369,0.01,0.141,0.137,DLBC,cBioPortal,,,,
48,A1BG,1,AP1S1,1174,0.58,0,0.555,0,0.336,0.308,DLBC,cBioPortal,,,,
48,A1BG,1,AP1S3,130340,-0.303,0.036,-0.316,0.028,0.092,0.1,DLBC,cBioPortal,,,,
48,A1BG,1,AP2A1,160,-0.3,0.038,-0.322,0.026,0.09,0.104,DLBC,cBioPortal,,,,
48,A1BG,1,AP2M1,1173,0.458,0.001,0.352,0.014,0.209,0.124,DLBC,cBioPortal,,,,
48,A1BG,1,AP2S1,1175,0.577,0,0.443,0.002,0.333,0.196,DLBC,cBioPortal,,,,
48,A1BG,1,AP3B1,8546,-0.59,0,-0.499,0,0.348,0.249,DLBC,cBioPortal,,,,
48,A1BG,1,AP3B2,8120,0.277,0.056,0.398,0.005,0.077,0.158,DLBC,cBioPortal,,,,
48,A1BG,1,AP3M1,26985,-0.565,0,-0.573,0,0.319,0.328,DLBC,cBioPortal,,,,
48,A1BG,1,AP3M2,10947,-0.351,0.014,-0.291,0.045,0.123,0.085,DLBC,cBioPortal,,,,
48,A1BG,1,AP4B1,10717,0.23,0.116,0.277,0.057,0.053,0.076,DLBC,cBioPortal,,,,
48,A1BG,1,AP4E1,23431,-0.613,0,-0.566,0,0.375,0.32,DLBC,cBioPortal,,,,
48,A1BG,1,AP4M1,9179,0.501,0,0.532,0,0.251,0.283,DLBC,cBioPortal,,,,
48,A1BG,1,AP4S1,11154,0.403,0.004,0.357,0.013,0.163,0.127,DLBC,cBioPortal,,,,
48,A1BG,1,APAF1,317,-0.507,0,-0.46,0.001,0.257,0.212,DLBC,cBioPortal,,,,
48,A1BG,1,APBA1,320,-0.24,0.101,-0.279,0.055,0.057,0.078,DLBC,cBioPortal,,,,
48,A1BG,1,APBA3,9546,0.414,0.003,0.221,0.131,0.171,0.049,DLBC,cBioPortal,,,,
48,A1BG,1,APBB1,322,0.339,0.018,0.394,0.006,0.115,0.155,DLBC,cBioPortal,,,,
48,A1BG,1,APBB1IP,54518,-0.367,0.01,-0.402,0.005,0.135,0.162,DLBC,cBioPortal,,,,
48,A1BG,1,APC2,10297,-0.116,0.434,0.268,0.066,0.013,0.072,DLBC,cBioPortal,,,,
48,A1BG,1,APC,324,-0.657,0,-0.567,0,0.432,0.322,DLBC,cBioPortal,,,No,Yes
48,A1BG,1,APCDD1,147495,-0.165,0.262,-0.21,0.152,0.027,0.044,DLBC,cBioPortal,,,,
48,A1BG,1,APCDD1L,164284,-0.471,0.001,-0.297,0.04,0.222,0.088,DLBC,cBioPortal,,,,
48,A1BG,1,APEH,327,0.533,0,0.48,0.001,0.284,0.231,DLBC,cBioPortal,,,,
48,A1BG,1,API5,8539,-0.465,0.001,-0.35,0.015,0.216,0.122,DLBC,cBioPortal,,,,
48,A1BG,1,APIP,51074,-0.381,0.008,-0.249,0.088,0.145,0.062,DLBC,cBioPortal,,,,
48,A1BG,1,APITD1,378708,0.121,0.412,0.252,0.084,0.015,0.063,DLBC,cBioPortal,,,,
48,A1BG,1,APLNR,187,0.261,0.073,0.301,0.038,0.068,0.09,DLBC,cBioPortal,,,Yes,Yes
48,A1BG,1,APLP1,333,0.03,0.84,0.307,0.034,0.001,0.094,DLBC,cBioPortal,,,,
48,A1BG,1,APOA1BP,128240,0.619,0,0.573,0,0.383,0.329,DLBC,cBioPortal,,,,
48,A1BG,1,APOBEC3C,27350,-0.223,0.127,-0.302,0.037,0.05,0.091,DLBC,cBioPortal,,,,
48,A1BG,1,APOBEC3D,140564,0.351,0.014,0.202,0.169,0.123,0.041,DLBC,cBioPortal,,,,
48,A1BG,1,APOBEC3F,200316,0.353,0.014,0.327,0.023,0.125,0.107,DLBC,cBioPortal,,,,
48,A1BG,1,APOC1,341,0.416,0.003,0.243,0.096,0.173,0.059,DLBC,cBioPortal,,,,
48,A1BG,1,APOC1P1,342,0.157,0.286,0.266,0.068,0.025,0.071,DLBC,cBioPortal,,,,
48,A1BG,1,APOC2,344,0.284,0.051,0.2,0.172,0.081,0.04,DLBC,cBioPortal,,,,
48,A1BG,1,APOE,348,0.35,0.015,0.242,0.097,0.122,0.059,DLBC,cBioPortal,,,,
48,A1BG,1,APOL6,80830,-0.338,0.019,-0.363,0.011,0.114,0.132,DLBC,cBioPortal,,,,
48,A1BG,1,APOM,55937,0.431,0.002,0.421,0.003,0.185,0.178,DLBC,cBioPortal,,,,
48,A1BG,1,APOOL,139322,-0.646,0,-0.604,0,0.418,0.365,DLBC,cBioPortal,,,,
48,A1BG,1,APP,351,-0.278,0.056,-0.277,0.057,0.077,0.076,DLBC,cBioPortal,,,,
48,A1BG,1,APPBP2,10513,-0.476,0.001,-0.535,0,0.226,0.286,DLBC,cBioPortal,,,,
48,A1BG,1,APPL1,26060,-0.381,0.008,-0.36,0.012,0.145,0.13,DLBC,cBioPortal,,,,
48,A1BG,1,APPL2,55198,-0.248,0.09,-0.34,0.018,0.061,0.116,DLBC,cBioPortal,,,,
48,A1BG,1,APRT,353,0.46,0.001,0.566,0,0.211,0.32,DLBC,cBioPortal,,,,
48,A1BG,1,APTX,54840,0.249,0.088,0.272,0.061,0.062,0.074,DLBC,cBioPortal,,,,
48,A1BG,1,AQP4,361,0.28,0.054,0.283,0.051,0.078,0.08,DLBC,cBioPortal,,,,
48,A1BG,1,AQP8,343,0.067,0.653,0.307,0.034,0.004,0.094,DLBC,cBioPortal,,,,
48,A1BG,1,AQR,9716,-0.625,0,-0.616,0,0.391,0.379,DLBC,cBioPortal,,,,
48,A1BG,1,ARAF,369,0.378,0.008,0.25,0.086,0.143,0.063,DLBC,cBioPortal,,,Yes,No
48,A1BG,1,ARAP2,116984,-0.49,0,-0.393,0.006,0.24,0.154,DLBC,cBioPortal,,,,
48,A1BG,1,ARAP3,64411,-0.254,0.082,-0.253,0.083,0.064,0.064,DLBC,cBioPortal,,,,
48,A1BG,1,ARC,23237,0.011,0.941,0.391,0.006,0,0.153,DLBC,cBioPortal,,,,
48,A1BG,1,ARCN1,372,-0.383,0.007,-0.323,0.025,0.147,0.104,DLBC,cBioPortal,,,,
48,A1BG,1,AREG,374,-0.219,0.134,0.263,0.071,0.048,0.069,DLBC,cBioPortal,,,,
48,A1BG,1,ARF1,375,-0.169,0.25,-0.253,0.083,0.029,0.064,DLBC,cBioPortal,,,,
48,A1BG,1,ARF3,377,-0.512,0,-0.406,0.004,0.262,0.165,DLBC,cBioPortal,,,,
48,A1BG,1,ARF4,378,-0.461,0.001,-0.433,0.002,0.213,0.187,DLBC,cBioPortal,,,,
48,A1BG,1,ARF5,381,0.6,0,0.611,0,0.36,0.373,DLBC,cBioPortal,,,,
48,A1BG,1,ARF6,382,-0.315,0.029,-0.306,0.034,0.099,0.094,DLBC,cBioPortal,,,,
48,A1BG,1,ARFGAP1,55738,0.58,0,0.507,0,0.336,0.257,DLBC,cBioPortal,,,,
48,A1BG,1,ARFGAP2,84364,0.521,0,0.554,0,0.271,0.307,DLBC,cBioPortal,,,,
48,A1BG,1,ARFGEF1,10565,-0.542,0,-0.473,0.001,0.294,0.224,DLBC,cBioPortal,,,,
48,A1BG,1,ARFGEF2,10564,-0.54,0,-0.526,0,0.292,0.277,DLBC,cBioPortal,,,,
48,A1BG,1,ARFIP1,27236,-0.317,0.028,-0.347,0.016,0.101,0.121,DLBC,cBioPortal,,,,
48,A1BG,1,ARFIP2,23647,0.036,0.807,0.263,0.071,0.001,0.069,DLBC,cBioPortal,,,,
48,A1BG,1,ARFRP1,10139,0.599,0,0.58,0,0.359,0.336,DLBC,cBioPortal,,,No,No
48,A1BG,1,ARG1,383,-0.244,0.095,-0.212,0.148,0.059,0.045,DLBC,cBioPortal,,,,
48,A1BG,1,ARG2,384,-0.327,0.023,-0.258,0.077,0.107,0.067,DLBC,cBioPortal,,,,
48,A1BG,1,ARGFXP2,503640,-0.388,0.006,-0.369,0.01,0.151,0.136,DLBC,cBioPortal,,,,
48,A1BG,1,ARGLU1,55082,-0.365,0.011,-0.378,0.008,0.133,0.143,DLBC,cBioPortal,,,,
48,A1BG,1,ARHGAP11A,9824,-0.651,0,-0.544,0,0.424,0.296,DLBC,cBioPortal,,,,
48,A1BG,1,ARHGAP11B,89839,-0.67,0,-0.6,0,0.449,0.36,DLBC,cBioPortal,,,,
48,A1BG,1,ARHGAP12,94134,-0.45,0.001,-0.475,0.001,0.202,0.226,DLBC,cBioPortal,,,,
48,A1BG,1,ARHGAP1,392,-0.337,0.019,-0.365,0.011,0.113,0.133,DLBC,cBioPortal,,,,
48,A1BG,1,ARHGAP17,55114,-0.303,0.037,-0.308,0.033,0.092,0.095,DLBC,cBioPortal,,,,
48,A1BG,1,ARHGAP18,93663,-0.365,0.011,-0.421,0.003,0.133,0.177,DLBC,cBioPortal,,,,
48,A1BG,1,ARHGAP19,84986,-0.284,0.05,-0.323,0.025,0.081,0.104,DLBC,cBioPortal,,,,
48,A1BG,1,ARHGAP21,57584,-0.434,0.002,-0.378,0.008,0.188,0.143,DLBC,cBioPortal,,,,
48,A1BG,1,ARHGAP22,58504,0.32,0.027,0.346,0.016,0.102,0.119,DLBC,cBioPortal,,,,
48,A1BG,1,ARHGAP23,57636,-0.352,0.014,-0.343,0.017,0.124,0.118,DLBC,cBioPortal,,,,
48,A1BG,1,ARHGAP24,83478,-0.194,0.187,-0.219,0.135,0.038,0.048,DLBC,cBioPortal,,,,
48,A1BG,1,ARHGAP26,23092,-0.47,0.001,-0.409,0.004,0.221,0.168,DLBC,cBioPortal,,,Yes,Yes
48,A1BG,1,ARHGAP27,201176,-0.34,0.018,-0.355,0.013,0.115,0.126,DLBC,cBioPortal,,,,
48,A1BG,1,ARHGAP29,9411,-0.509,0,-0.473,0.001,0.259,0.223,DLBC,cBioPortal,,,,
48,A1BG,1,ARHGAP31,57514,-0.407,0.004,-0.437,0.002,0.166,0.191,DLBC,cBioPortal,,,,
48,A1BG,1,ARHGAP36,158763,0.041,0.783,0.26,0.074,0.002,0.068,DLBC,cBioPortal,,,,
48,A1BG,1,ARHGAP42,143872,-0.226,0.123,-0.205,0.162,0.051,0.042,DLBC,cBioPortal,,,,
48,A1BG,1,ARHGAP4,393,0.484,0,0.416,0.003,0.234,0.173,DLBC,cBioPortal,,,,
48,A1BG,1,ARHGAP5,394,-0.614,0,-0.534,0,0.377,0.285,DLBC,cBioPortal,,,,
48,A1BG,1,ARHGAP9,64333,0.299,0.039,0.241,0.099,0.09,0.058,DLBC,cBioPortal,,,,
48,A1BG,1,ARHGEF10,9639,-0.246,0.092,-0.283,0.051,0.061,0.08,DLBC,cBioPortal,,,,
48,A1BG,1,ARHGEF11,9826,-0.439,0.002,-0.433,0.002,0.193,0.188,DLBC,cBioPortal,,,,
48,A1BG,1,ARHGEF12,23365,-0.387,0.007,-0.378,0.008,0.15,0.143,DLBC,cBioPortal,,,Yes,Yes
48,A1BG,1,ARHGEF15,22899,-0.231,0.115,-0.202,0.168,0.053,0.041,DLBC,cBioPortal,,,,
48,A1BG,1,ARHGEF17,9828,-0.283,0.052,-0.266,0.068,0.08,0.071,DLBC,cBioPortal,,,,
48,A1BG,1,ARHGEF19,128272,0.22,0.133,0.207,0.158,0.048,0.043,DLBC,cBioPortal,,,,
48,A1BG,1,ARHGEF2,9181,-0.162,0.272,-0.213,0.146,0.026,0.045,DLBC,cBioPortal,,,,
48,A1BG,1,ARHGEF3,50650,-0.319,0.027,-0.295,0.042,0.102,0.087,DLBC,cBioPortal,,,,
48,A1BG,1,ARHGEF35,445328,-0.294,0.042,-0.265,0.068,0.086,0.07,DLBC,cBioPortal,,,,
48,A1BG,1,ARHGEF6,9459,-0.461,0.001,-0.395,0.005,0.212,0.156,DLBC,cBioPortal,,,,
48,A1BG,1,ARID1A,8289,-0.476,0.001,-0.491,0,0.227,0.241,DLBC,cBioPortal,,,No,Yes
48,A1BG,1,ARID1B,57492,-0.461,0.001,-0.474,0.001,0.213,0.225,DLBC,cBioPortal,,,No,Yes
48,A1BG,1,ARID2,196528,-0.515,0,-0.473,0.001,0.265,0.224,DLBC,cBioPortal,,,No,Yes
48,A1BG,1,ARID3A,1820,-0.318,0.028,-0.328,0.023,0.101,0.107,DLBC,cBioPortal,,,No,Yes
48,A1BG,1,ARID3B,10620,-0.478,0.001,-0.476,0.001,0.228,0.226,DLBC,cBioPortal,,,Yes,No
48,A1BG,1,ARID3C,138715,-0.279,0.054,-0.251,0.086,0.078,0.063,DLBC,cBioPortal,,,No,No
48,A1BG,1,ARID4A,5926,-0.545,0,-0.558,0,0.297,0.312,DLBC,cBioPortal,,,No,Yes
48,A1BG,1,ARID4B,51742,-0.445,0.002,-0.409,0.004,0.198,0.167,DLBC,cBioPortal,,,No,Yes
48,A1BG,1,ARID5B,84159,-0.266,0.068,-0.277,0.056,0.071,0.077,DLBC,cBioPortal,,,No,Yes
48,A1BG,1,ARIH1,25820,-0.614,0,-0.526,0,0.377,0.277,DLBC,cBioPortal,,,,
48,A1BG,1,ARL10,285598,-0.337,0.019,-0.35,0.015,0.114,0.122,DLBC,cBioPortal,,,,
48,A1BG,1,ARL11,115761,-0.258,0.077,-0.308,0.033,0.066,0.095,DLBC,cBioPortal,,,,
48,A1BG,1,ARL13A,392509,-0.351,0.014,-0.306,0.034,0.123,0.094,DLBC,cBioPortal,,,,
48,A1BG,1,ARL13B,200894,-0.589,0,-0.575,0,0.347,0.33,DLBC,cBioPortal,,,,
48,A1BG,1,ARL1,400,-0.175,0.234,-0.277,0.057,0.031,0.076,DLBC,cBioPortal,,,,
48,A1BG,1,ARL15,54622,-0.549,0,-0.562,0,0.301,0.316,DLBC,cBioPortal,,,,
48,A1BG,1,ARL16,339231,0.452,0.001,0.471,0.001,0.204,0.222,DLBC,cBioPortal,,,,
48,A1BG,1,ARL17A,51326,-0.283,0.051,-0.302,0.037,0.08,0.091,DLBC,cBioPortal,,,,
48,A1BG,1,ARL17B,641522,-0.332,0.021,-0.3,0.038,0.111,0.09,DLBC,cBioPortal,,,,
48,A1BG,1,ARL2,402,0.234,0.109,0.211,0.151,0.055,0.044,DLBC,cBioPortal,,,,
48,A1BG,1,ARL3,403,0.065,0.659,0.215,0.142,0.004,0.046,DLBC,cBioPortal,,,,
48,A1BG,1,ARL4C,10123,-0.24,0.101,-0.242,0.098,0.058,0.059,DLBC,cBioPortal,,,,
48,A1BG,1,ARL5A,26225,-0.312,0.031,-0.203,0.166,0.097,0.041,DLBC,cBioPortal,,,,
48,A1BG,1,ARL5B,221079,-0.634,0,-0.549,0,0.402,0.301,DLBC,cBioPortal,,,,
48,A1BG,1,ARL6,84100,-0.21,0.151,-0.207,0.157,0.044,0.043,DLBC,cBioPortal,,,,
48,A1BG,1,ARL6IP1,23204,-0.341,0.018,-0.344,0.017,0.117,0.118,DLBC,cBioPortal,,,,
48,A1BG,1,ARL6IP4,51329,0.528,0,0.667,0,0.279,0.445,DLBC,cBioPortal,,,,
48,A1BG,1,ARL6IP6,151188,-0.547,0,-0.507,0,0.299,0.257,DLBC,cBioPortal,,,,
48,A1BG,1,ARMC10,83787,0.24,0.101,0.256,0.078,0.057,0.066,DLBC,cBioPortal,,,,
48,A1BG,1,ARMC1,55156,-0.565,0,-0.556,0,0.319,0.309,DLBC,cBioPortal,,,,
48,A1BG,1,ARMC3,219681,-0.227,0.12,-0.201,0.171,0.052,0.04,DLBC,cBioPortal,,,,
48,A1BG,1,ARMC5,79798,0.519,0,0.496,0,0.27,0.246,DLBC,cBioPortal,,,,
48,A1BG,1,ARMC6,93436,0.379,0.008,0.447,0.001,0.143,0.2,DLBC,cBioPortal,,,,
48,A1BG,1,ARMC7,79637,0.361,0.012,0.325,0.024,0.131,0.105,DLBC,cBioPortal,,,,
48,A1BG,1,ARMC8,25852,-0.348,0.015,-0.441,0.002,0.121,0.195,DLBC,cBioPortal,,,,
48,A1BG,1,ARMC9,80210,0.065,0.66,0.233,0.111,0.004,0.054,DLBC,cBioPortal,,,,
48,A1BG,1,ARMCX3,51566,-0.271,0.062,-0.313,0.03,0.074,0.098,DLBC,cBioPortal,,,,
48,A1BG,1,ARNT2,9915,-0.363,0.011,-0.27,0.063,0.132,0.073,DLBC,cBioPortal,,,,
48,A1BG,1,ARNT,405,-0.237,0.105,-0.304,0.036,0.056,0.092,DLBC,cBioPortal,,,No,No
48,A1BG,1,ARNTL2,56938,-0.475,0.001,-0.351,0.014,0.226,0.123,DLBC,cBioPortal,,,,
48,A1BG,1,ARNTL,406,-0.197,0.18,-0.202,0.169,0.039,0.041,DLBC,cBioPortal,,,,
48,A1BG,1,ARPC1A,10552,0.401,0.005,0.559,0,0.161,0.313,DLBC,cBioPortal,,,,
48,A1BG,1,ARPC1B,10095,0.499,0,0.397,0.005,0.249,0.158,DLBC,cBioPortal,,,,
48,A1BG,1,ARPC3,10094,0.52,0,0.56,0,0.271,0.313,DLBC,cBioPortal,,,,
48,A1BG,1,ARPC4,10093,0.468,0.001,0.434,0.002,0.219,0.189,DLBC,cBioPortal,,,,
48,A1BG,1,ARPC5L,81873,0.118,0.426,0.438,0.002,0.014,0.192,DLBC,cBioPortal,,,,
48,A1BG,1,ARPP19,10776,-0.539,0,-0.49,0,0.291,0.24,DLBC,cBioPortal,,,,
48,A1BG,1,ARRDC1,92714,0.327,0.023,0.343,0.017,0.107,0.118,DLBC,cBioPortal,,,,
48,A1BG,1,ARRDC2,27106,0.423,0.003,0.324,0.025,0.179,0.105,DLBC,cBioPortal,,,,
48,A1BG,1,ARRDC3,57561,-0.249,0.088,-0.21,0.153,0.062,0.044,DLBC,cBioPortal,,,,
48,A1BG,1,ARSB,411,-0.57,0,-0.417,0.003,0.324,0.174,DLBC,cBioPortal,,,,
48,A1BG,1,ARSJ,79642,-0.477,0.001,-0.465,0.001,0.228,0.216,DLBC,cBioPortal,,,,
48,A1BG,1,ARSK,153642,-0.401,0.005,-0.256,0.079,0.161,0.065,DLBC,cBioPortal,,,,
48,A1BG,1,ART3,419,-0.366,0.011,-0.202,0.168,0.134,0.041,DLBC,cBioPortal,,,,
48,A1BG,1,ARVCF,421,0.212,0.149,0.248,0.089,0.045,0.062,DLBC,cBioPortal,,,,
48,A1BG,1,ARX,170302,0.176,0.232,0.24,0.1,0.031,0.058,DLBC,cBioPortal,,,,
48,A1BG,1,AS3MT,57412,0.367,0.01,0.417,0.003,0.134,0.174,DLBC,cBioPortal,,,,
48,A1BG,1,ASAH1,427,-0.18,0.22,-0.241,0.098,0.032,0.058,DLBC,cBioPortal,,,,
48,A1BG,1,ASAH2,56624,-0.444,0.002,-0.412,0.004,0.197,0.17,DLBC,cBioPortal,,,,
48,A1BG,1,ASAH2B,653308,-0.459,0.001,-0.357,0.013,0.211,0.127,DLBC,cBioPortal,,,,
48,A1BG,1,ASAM,79827,-0.422,0.003,-0.4,0.005,0.178,0.16,DLBC,cBioPortal,,,,
48,A1BG,1,ASAP1,50807,-0.326,0.024,-0.334,0.02,0.106,0.112,DLBC,cBioPortal,,,,
48,A1BG,1,ASAP2,8853,-0.421,0.003,-0.444,0.002,0.178,0.197,DLBC,cBioPortal,,,,
48,A1BG,1,ASAP3,55616,0.259,0.076,0.33,0.022,0.067,0.109,DLBC,cBioPortal,,,,
48,A1BG,1,ASB13,79754,0.205,0.163,0.366,0.011,0.042,0.134,DLBC,cBioPortal,,,,
48,A1BG,1,ASB14,142686,-0.326,0.024,-0.278,0.056,0.106,0.077,DLBC,cBioPortal,,,,
48,A1BG,1,ASB1,51665,-0.102,0.492,0.246,0.092,0.01,0.06,DLBC,cBioPortal,,,,
48,A1BG,1,ASB16,92591,-0.375,0.009,-0.307,0.034,0.14,0.094,DLBC,cBioPortal,,,,
48,A1BG,1,ASB2,51676,0.311,0.031,0.348,0.015,0.097,0.121,DLBC,cBioPortal,,,,
48,A1BG,1,ASB3,51130,-0.545,0,-0.564,0,0.297,0.318,DLBC,cBioPortal,,,,
48,A1BG,1,ASB6,140459,0.417,0.003,0.4,0.005,0.174,0.16,DLBC,cBioPortal,,,,
48,A1BG,1,ASB7,140460,-0.514,0,-0.453,0.001,0.264,0.205,DLBC,cBioPortal,,,,
48,A1BG,1,ASCC1,51008,-0.221,0.131,-0.245,0.094,0.049,0.06,DLBC,cBioPortal,,,,
48,A1BG,1,ASCC2,84164,0.465,0.001,0.542,0,0.216,0.294,DLBC,cBioPortal,,,,
48,A1BG,1,ASCC3,10973,-0.441,0.002,-0.433,0.002,0.194,0.188,DLBC,cBioPortal,,,,
48,A1BG,1,ASH1L,55870,-0.45,0.001,-0.452,0.001,0.202,0.204,DLBC,cBioPortal,,,,
48,A1BG,1,ASH2L,9070,0.279,0.055,0.297,0.04,0.078,0.088,DLBC,cBioPortal,,,,
48,A1BG,1,ASL,435,0.38,0.008,0.348,0.015,0.144,0.121,DLBC,cBioPortal,,,,
48,A1BG,1,ASNA1,439,0.563,0,0.497,0,0.316,0.247,DLBC,cBioPortal,,,,
48,A1BG,1,ASNS,440,0.309,0.032,0.581,0,0.096,0.338,DLBC,cBioPortal,,,,
48,A1BG,1,ASPA,443,-0.137,0.355,-0.2,0.173,0.019,0.04,DLBC,cBioPortal,,,,
48,A1BG,1,ASPDH,554235,-0.232,0.113,0.277,0.057,0.054,0.077,DLBC,cBioPortal,,,,
48,A1BG,1,ASPH,444,-0.449,0.001,-0.41,0.004,0.202,0.168,DLBC,cBioPortal,,,,
48,A1BG,1,ASPHD1,253982,0.254,0.081,0.377,0.008,0.065,0.142,DLBC,cBioPortal,,,,
48,A1BG,1,ASPM,259266,-0.636,0,-0.539,0,0.405,0.29,DLBC,cBioPortal,,,,
48,A1BG,1,ASPSCR1,79058,0.636,0,0.631,0,0.405,0.398,DLBC,cBioPortal,,,No,No
48,A1BG,1,ASTN1,460,0.195,0.185,0.349,0.015,0.038,0.122,DLBC,cBioPortal,,,,
48,A1BG,1,ASTN2,23245,0.466,0.001,0.387,0.007,0.217,0.149,DLBC,cBioPortal,,,,
48,A1BG,1,ASXL2,55252,-0.585,0,-0.51,0,0.342,0.26,DLBC,cBioPortal,,,No,Yes
48,A1BG,1,ASZ1,136991,0.238,0.103,0.208,0.155,0.057,0.043,DLBC,cBioPortal,,,,
48,A1BG,1,ATAD1,84896,-0.321,0.026,-0.296,0.041,0.103,0.088,DLBC,cBioPortal,,,,
48,A1BG,1,ATAD2,29028,-0.367,0.01,-0.367,0.01,0.135,0.135,DLBC,cBioPortal,,,,
48,A1BG,1,ATAD2B,54454,-0.575,0,-0.539,0,0.33,0.29,DLBC,cBioPortal,,,,
48,A1BG,1,ATAD3A,55210,0.238,0.104,0.302,0.037,0.057,0.091,DLBC,cBioPortal,,,,
48,A1BG,1,ATAD3B,83858,0.242,0.097,0.228,0.119,0.059,0.052,DLBC,cBioPortal,,,,
48,A1BG,1,ATAD3C,219293,0.361,0.012,0.24,0.101,0.13,0.057,DLBC,cBioPortal,,,,
48,A1BG,1,ATAD5,79915,-0.713,0,-0.567,0,0.508,0.321,DLBC,cBioPortal,,,,
48,A1BG,1,ATCAY,85300,-0.152,0.304,0.289,0.046,0.023,0.083,DLBC,cBioPortal,,,,
48,A1BG,1,ATE1,11101,-0.546,0,-0.507,0,0.298,0.257,DLBC,cBioPortal,,,,
48,A1BG,1,ATF1,466,-0.549,0,-0.581,0,0.302,0.338,DLBC,cBioPortal,,,Yes,No
48,A1BG,1,ATF2,1386,-0.597,0,-0.559,0,0.357,0.313,DLBC,cBioPortal,,,,
48,A1BG,1,ATF3,467,-0.353,0.014,-0.278,0.055,0.125,0.078,DLBC,cBioPortal,,,,
48,A1BG,1,ATF4,468,0.201,0.17,0.286,0.049,0.041,0.082,DLBC,cBioPortal,,,,
48,A1BG,1,ATF6,22926,-0.55,0,-0.534,0,0.302,0.285,DLBC,cBioPortal,,,,
48,A1BG,1,ATF6B,1388,-0.162,0.272,-0.25,0.086,0.026,0.063,DLBC,cBioPortal,,,,
48,A1BG,1,ATF7,11016,-0.623,0,-0.595,0,0.389,0.354,DLBC,cBioPortal,,,,
48,A1BG,1,ATF7IP,55729,-0.514,0,-0.459,0.001,0.264,0.211,DLBC,cBioPortal,,,,
48,A1BG,1,ATG16L1,55054,-0.3,0.038,-0.344,0.017,0.09,0.118,DLBC,cBioPortal,,,,
48,A1BG,1,ATG2B,55102,-0.466,0.001,-0.432,0.002,0.217,0.186,DLBC,cBioPortal,,,,
48,A1BG,1,ATG4A,115201,0.09,0.543,0.206,0.161,0.008,0.042,DLBC,cBioPortal,,,,
48,A1BG,1,ATG4B,23192,0.54,0,0.535,0,0.292,0.286,DLBC,cBioPortal,,,,
48,A1BG,1,ATG4C,84938,-0.384,0.007,-0.417,0.003,0.148,0.174,DLBC,cBioPortal,,,,
48,A1BG,1,ATG4D,84971,0.6,0,0.546,0,0.36,0.298,DLBC,cBioPortal,,,,
48,A1BG,1,ATG7,10533,0.37,0.01,0.267,0.067,0.137,0.071,DLBC,cBioPortal,,,,
48,A1BG,1,ATG9A,79065,0.409,0.004,0.288,0.047,0.168,0.083,DLBC,cBioPortal,,,,
48,A1BG,1,ATIC,471,0.267,0.067,0.393,0.006,0.071,0.154,DLBC,cBioPortal,,,Yes,No
48,A1BG,1,ATL2,64225,-0.582,0,-0.547,0,0.339,0.299,DLBC,cBioPortal,,,,
48,A1BG,1,ATM,472,-0.446,0.001,-0.442,0.002,0.199,0.196,DLBC,cBioPortal,,,No,Yes
48,A1BG,1,ATOH8,84913,0.507,0,0.487,0,0.257,0.237,DLBC,cBioPortal,,,,
48,A1BG,1,ATOX1,475,0.498,0,0.367,0.01,0.248,0.135,DLBC,cBioPortal,,,,
48,A1BG,1,ATP10D,57205,-0.335,0.02,-0.335,0.02,0.112,0.112,DLBC,cBioPortal,,,,
48,A1BG,1,ATP11A,23250,-0.504,0,-0.499,0,0.254,0.249,DLBC,cBioPortal,,,,
48,A1BG,1,ATP11B,23200,-0.508,0,-0.512,0,0.258,0.263,DLBC,cBioPortal,,,,
48,A1BG,1,ATP11C,286410,-0.512,0,-0.309,0.032,0.262,0.096,DLBC,cBioPortal,,,,
48,A1BG,1,ATP13A2,23400,-0.221,0.131,-0.206,0.16,0.049,0.043,DLBC,cBioPortal,,,,
48,A1BG,1,ATP13A3,79572,-0.551,0,-0.523,0,0.303,0.273,DLBC,cBioPortal,,,,
48,A1BG,1,ATP1A1,476,-0.301,0.037,-0.236,0.106,0.091,0.056,DLBC,cBioPortal,,,Yes,Yes
48,A1BG,1,ATP1B1,481,-0.188,0.201,0.201,0.171,0.035,0.04,DLBC,cBioPortal,,,,
48,A1BG,1,ATP1B2,482,0.049,0.74,0.371,0.01,0.002,0.137,DLBC,cBioPortal,,,,
48,A1BG,1,ATP2A2,488,-0.622,0,-0.607,0,0.387,0.368,DLBC,cBioPortal,,,,
48,A1BG,1,ATP2B1,490,-0.484,0,-0.376,0.008,0.234,0.141,DLBC,cBioPortal,,,,
48,A1BG,1,ATP2B2,491,0.22,0.133,0.48,0.001,0.048,0.231,DLBC,cBioPortal,,,,
48,A1BG,1,ATP2B3,492,-0.064,0.667,0.342,0.017,0.004,0.117,DLBC,cBioPortal,,,No,No
48,A1BG,1,ATP2B4,493,-0.337,0.019,-0.307,0.034,0.114,0.094,DLBC,cBioPortal,,,,
48,A1BG,1,ATP2C1,27032,-0.539,0,-0.52,0,0.291,0.27,DLBC,cBioPortal,,,,
48,A1BG,1,ATP5D,513,0.587,0,0.617,0,0.345,0.38,DLBC,cBioPortal,,,,
48,A1BG,1,ATP5E,514,0.633,0,0.708,0,0.401,0.501,DLBC,cBioPortal,,,,
48,A1BG,1,ATP5EP2,432369,0.509,0,0.579,0,0.259,0.335,DLBC,cBioPortal,,,,
48,A1BG,1,ATP5F1,515,0.432,0.002,0.399,0.005,0.187,0.159,DLBC,cBioPortal,,,,
48,A1BG,1,ATP5G1,516,0.413,0.003,0.319,0.027,0.171,0.102,DLBC,cBioPortal,,,,
48,A1BG,1,ATP5G2,517,0.603,0,0.638,0,0.363,0.407,DLBC,cBioPortal,,,,
48,A1BG,1,ATP5G3,518,0.288,0.047,0.323,0.025,0.083,0.104,DLBC,cBioPortal,,,,
48,A1BG,1,ATP5H,10476,0.558,0,0.68,0,0.311,0.463,DLBC,cBioPortal,,,,
48,A1BG,1,ATP5I,521,0.504,0,0.52,0,0.254,0.271,DLBC,cBioPortal,,,,
48,A1BG,1,ATP5J2,9551,0.407,0.004,0.538,0,0.166,0.289,DLBC,cBioPortal,,,,
48,A1BG,1,ATP5J,522,0.354,0.014,0.522,0,0.125,0.273,DLBC,cBioPortal,,,,
48,A1BG,1,ATP5L,10632,0.586,0,0.679,0,0.344,0.461,DLBC,cBioPortal,,,,
48,A1BG,1,ATP5L2,267020,0.521,0,0.583,0,0.272,0.34,DLBC,cBioPortal,,,,
48,A1BG,1,ATP5O,539,0.498,0,0.613,0,0.248,0.375,DLBC,cBioPortal,,,,
48,A1BG,1,ATP5S,27109,0.385,0.007,0.517,0,0.148,0.267,DLBC,cBioPortal,,,,
48,A1BG,1,ATP6V0A2,23545,-0.391,0.006,-0.232,0.112,0.153,0.054,DLBC,cBioPortal,,,,
48,A1BG,1,ATP6V0B,533,0.461,0.001,0.359,0.012,0.213,0.129,DLBC,cBioPortal,,,,
48,A1BG,1,ATP6V0D1,9114,0.436,0.002,0.246,0.092,0.19,0.061,DLBC,cBioPortal,,,,
48,A1BG,1,ATP6V0E1,8992,0.333,0.021,0.28,0.054,0.111,0.078,DLBC,cBioPortal,,,,
48,A1BG,1,ATP6V0E2,155066,0.244,0.095,0.33,0.022,0.059,0.109,DLBC,cBioPortal,,,,
48,A1BG,1,ATP6V1C1,528,-0.144,0.329,-0.271,0.062,0.021,0.074,DLBC,cBioPortal,,,,
48,A1BG,1,ATP6V1D,51382,0.398,0.005,0.383,0.007,0.159,0.147,DLBC,cBioPortal,,,,
48,A1BG,1,ATP6V1E1,529,0.467,0.001,0.404,0.004,0.218,0.163,DLBC,cBioPortal,,,,
48,A1BG,1,ATP6V1G3,127124,0.073,0.624,0.221,0.132,0.005,0.049,DLBC,cBioPortal,,,,
48,A1BG,1,ATP7A,538,-0.438,0.002,-0.428,0.002,0.192,0.183,DLBC,cBioPortal,,,,
48,A1BG,1,ATP7B,540,-0.464,0.001,-0.257,0.078,0.215,0.066,DLBC,cBioPortal,,,,
48,A1BG,1,ATP8B2,57198,-0.469,0.001,-0.408,0.004,0.22,0.166,DLBC,cBioPortal,,,,
48,A1BG,1,ATP8B4,79895,-0.398,0.005,-0.377,0.008,0.158,0.142,DLBC,cBioPortal,,,,
48,A1BG,1,ATP8B5P,158381,0.502,0,0.505,0,0.252,0.255,DLBC,cBioPortal,,,,
48,A1BG,1,ATP9B,374868,-0.392,0.006,-0.366,0.01,0.154,0.134,DLBC,cBioPortal,,,,
48,A1BG,1,ATPAF2,91647,0.376,0.008,0.374,0.009,0.142,0.14,DLBC,cBioPortal,,,,
48,A1BG,1,ATPBD4,89978,-0.393,0.006,-0.321,0.026,0.155,0.103,DLBC,cBioPortal,,,,
48,A1BG,1,ATPIF1,93974,0.563,0,0.642,0,0.316,0.412,DLBC,cBioPortal,,,,
48,A1BG,1,ATR,545,-0.595,0,-0.597,0,0.354,0.356,DLBC,cBioPortal,,,No,Yes
48,A1BG,1,ATRIP,84126,0.562,0,0.556,0,0.316,0.309,DLBC,cBioPortal,,,No,Yes
48,A1BG,1,ATRN,8455,-0.402,0.005,-0.39,0.006,0.161,0.152,DLBC,cBioPortal,,,,
48,A1BG,1,ATRNL1,26033,0.38,0.008,0.249,0.088,0.144,0.062,DLBC,cBioPortal,,,,
48,A1BG,1,ATRX,546,-0.606,0,-0.559,0,0.367,0.312,DLBC,cBioPortal,,,No,Yes
48,A1BG,1,ATXN10,25814,0.313,0.03,0.323,0.025,0.098,0.104,DLBC,cBioPortal,,,,
48,A1BG,1,ATXN1,6310,-0.292,0.044,-0.221,0.131,0.085,0.049,DLBC,cBioPortal,,,,
48,A1BG,1,ATXN1L,342371,-0.527,0,-0.55,0,0.278,0.302,DLBC,cBioPortal,,,,
48,A1BG,1,ATXN2,6311,-0.549,0,-0.516,0,0.301,0.267,DLBC,cBioPortal,,,No,Yes
48,A1BG,1,ATXN2L,11273,-0.589,0,-0.551,0,0.347,0.304,DLBC,cBioPortal,,,,
48,A1BG,1,ATXN7,6314,-0.527,0,-0.5,0,0.278,0.25,DLBC,cBioPortal,,,Yes,No
48,A1BG,1,ATXN7L1,222255,-0.27,0.063,-0.316,0.029,0.073,0.1,DLBC,cBioPortal,,,,
48,A1BG,1,ATXN7L3,56970,-0.456,0.001,-0.434,0.002,0.208,0.189,DLBC,cBioPortal,,,,
48,A1BG,1,ATXN7L3B,552889,-0.522,0,-0.504,0,0.273,0.254,DLBC,cBioPortal,,,,
48,A1BG,1,AUH,549,-0.25,0.087,-0.232,0.113,0.062,0.054,DLBC,cBioPortal,,,,
48,A1BG,1,AUP1,550,0.407,0.004,0.475,0.001,0.165,0.225,DLBC,cBioPortal,,,,
48,A1BG,1,AURKA,6790,-0.46,0.001,-0.423,0.003,0.212,0.179,DLBC,cBioPortal,,,Yes,No
48,A1BG,1,AURKAIP1,54998,0.566,0,0.661,0,0.32,0.436,DLBC,cBioPortal,,,,
48,A1BG,1,AVIL,10677,-0.502,0,-0.373,0.009,0.252,0.139,DLBC,cBioPortal,,,,
48,A1BG,1,AVL9,23080,-0.436,0.002,-0.507,0,0.19,0.258,DLBC,cBioPortal,,,,
48,A1BG,1,AVPI1,60370,0.131,0.375,0.275,0.058,0.017,0.076,DLBC,cBioPortal,,,,
48,A1BG,1,AVPR1A,552,-0.511,0,-0.414,0.003,0.261,0.172,DLBC,cBioPortal,,,,
48,A1BG,1,AVPR1B,553,-0.483,0.001,-0.364,0.011,0.233,0.132,DLBC,cBioPortal,,,,
48,A1BG,1,AZI1,22994,0.646,0,0.604,0,0.417,0.365,DLBC,cBioPortal,,,,
48,A1BG,1,AZI2,64343,-0.37,0.01,-0.353,0.014,0.137,0.125,DLBC,cBioPortal,,,,
48,A1BG,1,AZIN1,51582,-0.383,0.007,-0.446,0.001,0.146,0.199,DLBC,cBioPortal,,,,
48,A1BG,1,B3GALNT2,148789,-0.504,0,-0.44,0.002,0.254,0.194,DLBC,cBioPortal,,,,
48,A1BG,1,B3GALT4,8705,0.559,0,0.45,0.001,0.312,0.203,DLBC,cBioPortal,,,,
48,A1BG,1,B3GALT6,126792,0.537,0,0.527,0,0.288,0.277,DLBC,cBioPortal,,,,
48,A1BG,1,B3GAT2,135152,-0.493,0,-0.518,0,0.243,0.268,DLBC,cBioPortal,,,,
48,A1BG,1,B3GAT3,26229,0.577,0,0.626,0,0.333,0.392,DLBC,cBioPortal,,,,
48,A1BG,1,B4GAT1,11041,0.229,0.117,0.412,0.004,0.053,0.17,DLBC,cBioPortal,,,,
48,A1BG,1,B3GNT5,84002,-0.466,0.001,-0.216,0.141,0.217,0.047,DLBC,cBioPortal,,,,
48,A1BG,1,B3GNTL1,146712,0.3,0.038,0.235,0.108,0.09,0.055,DLBC,cBioPortal,,,,
48,A1BG,1,B4GALT2,8704,0.122,0.407,0.269,0.065,0.015,0.072,DLBC,cBioPortal,,,,
48,A1BG,1,B4GALT4,8702,-0.233,0.111,-0.239,0.102,0.054,0.057,DLBC,cBioPortal,,,,
48,A1BG,1,B4GALT5,9334,-0.338,0.019,-0.313,0.031,0.114,0.098,DLBC,cBioPortal,,,,
48,A1BG,1,B4GALT7,11285,0.584,0,0.669,0,0.341,0.447,DLBC,cBioPortal,,,,
48,A1BG,1,B9D1,27077,0.269,0.064,0.264,0.069,0.073,0.07,DLBC,cBioPortal,,,,
48,A1BG,1,B9D2,80776,0.541,0,0.475,0.001,0.293,0.225,DLBC,cBioPortal,,,,
48,A1BG,1,BAALC,79870,0.241,0.1,0.404,0.004,0.058,0.163,DLBC,cBioPortal,,,Yes,No
48,A1BG,1,BACH1,571,-0.5,0,-0.49,0,0.25,0.24,DLBC,cBioPortal,,,,
48,A1BG,1,BAD,572,0.648,0,0.681,0,0.42,0.463,DLBC,cBioPortal,,,,
48,A1BG,1,BAG1,573,0.457,0.001,0.534,0,0.209,0.285,DLBC,cBioPortal,,,,
48,A1BG,1,BAG3,9531,-0.563,0,-0.613,0,0.317,0.376,DLBC,cBioPortal,,,,
48,A1BG,1,BAG4,9530,-0.643,0,-0.57,0,0.413,0.324,DLBC,cBioPortal,,,,
48,A1BG,1,BAGE2,85319,-0.585,0,-0.435,0.002,0.342,0.189,DLBC,cBioPortal,,,,
48,A1BG,1,BAHCC1,57597,-0.376,0.008,-0.34,0.018,0.141,0.116,DLBC,cBioPortal,,,,
48,A1BG,1,BAHD1,22893,-0.24,0.1,-0.351,0.014,0.058,0.123,DLBC,cBioPortal,,,,
48,A1BG,1,BAI2,576,-0.021,0.889,0.344,0.017,0,0.118,DLBC,cBioPortal,,,,
48,A1BG,1,BAIAP2,10458,0.444,0.002,0.349,0.015,0.197,0.122,DLBC,cBioPortal,,,,
48,A1BG,1,BAIAP2L2,80115,0.424,0.003,0.461,0.001,0.18,0.212,DLBC,cBioPortal,,,,
48,A1BG,1,BANF1,8815,0.569,0,0.599,0,0.324,0.359,DLBC,cBioPortal,,,,
48,A1BG,1,BANK1,55024,-0.329,0.022,-0.21,0.152,0.108,0.044,DLBC,cBioPortal,,,,
48,A1BG,1,BAP1,8314,0.577,0,0.456,0.001,0.333,0.208,DLBC,cBioPortal,,,No,Yes
48,A1BG,1,BARD1,580,-0.67,0,-0.481,0.001,0.449,0.231,DLBC,cBioPortal,,,No,Yes
48,A1BG,1,BARHL1,56751,-0.243,0.096,0.32,0.027,0.059,0.102,DLBC,cBioPortal,,,,
48,A1BG,1,BARHL2,343472,0.024,0.871,0.328,0.023,0.001,0.108,DLBC,cBioPortal,,,,
48,A1BG,1,BASP1,10409,0.178,0.226,0.274,0.059,0.032,0.075,DLBC,cBioPortal,,,,
48,A1BG,1,BAT2,7916,-0.275,0.059,-0.348,0.015,0.075,0.121,DLBC,cBioPortal,,,,
48,A1BG,1,BAT2L1,84726,-0.54,0,-0.554,0,0.292,0.307,DLBC,cBioPortal,,,,
48,A1BG,1,BAT2L2,23215,-0.612,0,-0.5,0,0.375,0.25,DLBC,cBioPortal,,,,
48,A1BG,1,BAT4,7918,0.536,0,0.453,0.001,0.287,0.205,DLBC,cBioPortal,,,,
48,A1BG,1,BATF,10538,0.164,0.266,0.257,0.078,0.027,0.066,DLBC,cBioPortal,,,,
48,A1BG,1,BATF2,116071,-0.195,0.185,-0.252,0.083,0.038,0.064,DLBC,cBioPortal,,,,
48,A1BG,1,BAX,581,0.52,0,0.489,0,0.271,0.24,DLBC,cBioPortal,,,No,No
48,A1BG,1,BAZ1A,11177,-0.672,0,-0.621,0,0.451,0.386,DLBC,cBioPortal,,,,
48,A1BG,1,BAZ1B,9031,-0.549,0,-0.486,0,0.301,0.236,DLBC,cBioPortal,,,,
48,A1BG,1,BAZ2A,11176,-0.6,0,-0.553,0,0.36,0.306,DLBC,cBioPortal,,,,
48,A1BG,1,BAZ2B,29994,-0.226,0.122,-0.263,0.071,0.051,0.069,DLBC,cBioPortal,,,,
48,A1BG,1,BBC3,27113,0.264,0.07,0.336,0.02,0.07,0.113,DLBC,cBioPortal,,,No,Yes
48,A1BG,1,BBS10,79738,-0.506,0,-0.497,0,0.256,0.247,DLBC,cBioPortal,,,,
48,A1BG,1,BBS12,166379,-0.23,0.115,-0.285,0.05,0.053,0.081,DLBC,cBioPortal,,,,
48,A1BG,1,BBS1,582,-0.294,0.042,-0.279,0.055,0.087,0.078,DLBC,cBioPortal,,,,
48,A1BG,1,BBS4,585,-0.279,0.055,-0.338,0.019,0.078,0.114,DLBC,cBioPortal,,,,
48,A1BG,1,BBS5,129880,-0.252,0.084,-0.334,0.02,0.063,0.112,DLBC,cBioPortal,,,,
48,A1BG,1,BBS7,55212,-0.46,0.001,-0.431,0.002,0.211,0.186,DLBC,cBioPortal,,,,
48,A1BG,1,BBX,56987,-0.526,0,-0.459,0.001,0.277,0.211,DLBC,cBioPortal,,,,
48,A1BG,1,BCAM,4059,0.244,0.094,0.294,0.042,0.06,0.087,DLBC,cBioPortal,,,,
48,A1BG,1,BCAP31,10134,0.488,0,0.443,0.002,0.238,0.197,DLBC,cBioPortal,,,,
48,A1BG,1,BCAS4,55653,0.657,0,0.619,0,0.431,0.383,DLBC,cBioPortal,,,,
48,A1BG,1,BCAT2,587,0.367,0.01,0.434,0.002,0.135,0.188,DLBC,cBioPortal,,,,
48,A1BG,1,BCDIN3D,144233,0.104,0.48,0.221,0.131,0.011,0.049,DLBC,cBioPortal,,,,
48,A1BG,1,BCKDHA,593,0.386,0.007,0.403,0.004,0.149,0.163,DLBC,cBioPortal,,,,
48,A1BG,1,BCKDHB,594,-0.247,0.091,-0.274,0.06,0.061,0.075,DLBC,cBioPortal,,,,
48,A1BG,1,BCKDK,10295,0.372,0.009,0.401,0.005,0.138,0.161,DLBC,cBioPortal,,,,
48,A1BG,1,BCL11B,64919,-0.2,0.173,-0.237,0.104,0.04,0.056,DLBC,cBioPortal,,,No,Yes
48,A1BG,1,BCL2A1,597,0.182,0.216,0.261,0.073,0.033,0.068,DLBC,cBioPortal,,,,
48,A1BG,1,BCL2L10,10017,-0.217,0.138,-0.238,0.103,0.047,0.057,DLBC,cBioPortal,,,,
48,A1BG,1,BCL2L11,10018,-0.227,0.121,-0.259,0.076,0.051,0.067,DLBC,cBioPortal,,,No,Yes
48,A1BG,1,BCL2L12,83596,0.342,0.017,0.34,0.018,0.117,0.116,DLBC,cBioPortal,,,,
48,A1BG,1,BCL2L15,440603,-0.355,0.013,-0.243,0.096,0.126,0.059,DLBC,cBioPortal,,,,
48,A1BG,1,BCL2L2,599,-0.446,0.001,-0.399,0.005,0.199,0.16,DLBC,cBioPortal,,,No,No
48,A1BG,1,BCL7B,9275,0.581,0,0.507,0,0.338,0.257,DLBC,cBioPortal,,,,
48,A1BG,1,BCL7C,9274,0.609,0,0.597,0,0.371,0.356,DLBC,cBioPortal,,,,
48,A1BG,1,BCL9,607,-0.345,0.016,-0.352,0.014,0.119,0.124,DLBC,cBioPortal,,,Yes,No
48,A1BG,1,BCLAF1,9774,-0.523,0,-0.523,0,0.274,0.273,DLBC,cBioPortal,,,,
48,A1BG,1,BCOR,54880,-0.527,0,-0.524,0,0.278,0.274,DLBC,cBioPortal,,,No,Yes
48,A1BG,1,BCORL1,63035,-0.404,0.004,-0.309,0.033,0.163,0.095,DLBC,cBioPortal,,,No,Yes
48,A1BG,1,BDH1,622,0.217,0.139,0.298,0.04,0.047,0.089,DLBC,cBioPortal,,,,
48,A1BG,1,BDH2,56898,0.32,0.026,0.263,0.07,0.103,0.069,DLBC,cBioPortal,,,,
48,A1BG,1,BDP1,55814,-0.697,0,-0.571,0,0.486,0.326,DLBC,cBioPortal,,,,
48,A1BG,1,BEAN1,146227,0.085,0.564,0.2,0.172,0.007,0.04,DLBC,cBioPortal,,,,
48,A1BG,1,BECN1,8678,0.314,0.03,0.263,0.07,0.099,0.069,DLBC,cBioPortal,,,,
48,A1BG,1,BEGAIN,57596,0.266,0.068,0.222,0.129,0.071,0.049,DLBC,cBioPortal,,,,
48,A1BG,1,BEST4,266675,0.29,0.045,0.358,0.013,0.084,0.128,DLBC,cBioPortal,,,,
48,A1BG,1,BET3L,100128327,-0.34,0.018,-0.374,0.009,0.116,0.14,DLBC,cBioPortal,,,,
48,A1BG,1,BEX2,84707,0.31,0.032,0.28,0.054,0.096,0.078,DLBC,cBioPortal,,,,
48,A1BG,1,BFAR,51283,-0.371,0.009,-0.274,0.06,0.138,0.075,DLBC,cBioPortal,,,,
48,A1BG,1,BFSP2,8419,0.328,0.023,0.35,0.015,0.107,0.123,DLBC,cBioPortal,,,,
48,A1BG,1,BGLAP,632,0.622,0,0.615,0,0.387,0.378,DLBC,cBioPortal,,,,
48,A1BG,1,BHLHA15,168620,-0.384,0.007,-0.289,0.046,0.148,0.084,DLBC,cBioPortal,,,,
48,A1BG,1,BHLHE40,8553,-0.407,0.004,-0.302,0.037,0.166,0.091,DLBC,cBioPortal,,,,
48,A1BG,1,BHMT2,23743,-0.208,0.156,-0.208,0.157,0.043,0.043,DLBC,cBioPortal,,,,
48,A1BG,1,BICC1,80114,-0.572,0,-0.386,0.007,0.328,0.149,DLBC,cBioPortal,,,,
48,A1BG,1,BICD1,636,-0.394,0.006,-0.397,0.005,0.155,0.157,DLBC,cBioPortal,,,,
48,A1BG,1,BICD2,23299,-0.238,0.104,-0.217,0.138,0.056,0.047,DLBC,cBioPortal,,,,
48,A1BG,1,BIN1,274,0.518,0,0.588,0,0.268,0.346,DLBC,cBioPortal,,,,
48,A1BG,1,BIN2,51411,-0.248,0.089,-0.21,0.153,0.061,0.044,DLBC,cBioPortal,,,,
48,A1BG,1,BIN3,55909,0.581,0,0.627,0,0.338,0.393,DLBC,cBioPortal,,,,
48,A1BG,1,BIRC5,332,0.372,0.009,0.453,0.001,0.138,0.205,DLBC,cBioPortal,,,,
48,A1BG,1,BIRC6,57448,-0.573,0,-0.505,0,0.329,0.255,DLBC,cBioPortal,,,,
48,A1BG,1,BIRC7,79444,0.342,0.017,0.273,0.061,0.117,0.074,DLBC,cBioPortal,,,,
48,A1BG,1,BLCAP,10904,0.568,0,0.593,0,0.323,0.351,DLBC,cBioPortal,,,,
48,A1BG,1,BLID,414899,-0.282,0.052,-0.251,0.085,0.079,0.063,DLBC,cBioPortal,,,,
48,A1BG,1,BLM,641,-0.425,0.003,-0.213,0.146,0.181,0.045,DLBC,cBioPortal,,,No,Yes
48,A1BG,1,BLMH,642,0.42,0.003,0.454,0.001,0.176,0.206,DLBC,cBioPortal,,,,
48,A1BG,1,BLOC1S1,2647,0.563,0,0.633,0,0.317,0.4,DLBC,cBioPortal,,,,
48,A1BG,1,BLVRB,645,0.313,0.03,0.217,0.139,0.098,0.047,DLBC,cBioPortal,,,,
48,A1BG,1,BLZF1,8548,-0.396,0.005,-0.403,0.005,0.157,0.162,DLBC,cBioPortal,,,,
48,A1BG,1,BMP10,27302,-0.45,0.001,-0.315,0.029,0.203,0.099,DLBC,cBioPortal,,,,
48,A1BG,1,BMP6,654,0.144,0.328,0.221,0.13,0.021,0.049,DLBC,cBioPortal,,,,
48,A1BG,1,BMP8A,353500,-0.146,0.321,-0.258,0.076,0.021,0.067,DLBC,cBioPortal,,,,
48,A1BG,1,BMP8B,656,-0.423,0.003,-0.471,0.001,0.179,0.222,DLBC,cBioPortal,,,,
48,A1BG,1,BMPR1A,657,-0.397,0.005,-0.371,0.009,0.158,0.138,DLBC,cBioPortal,,,No,Yes
48,A1BG,1,BMPR2,659,-0.448,0.001,-0.361,0.012,0.2,0.131,DLBC,cBioPortal,,,,
48,A1BG,1,BMS1P4,729096,-0.537,0,-0.514,0,0.288,0.265,DLBC,cBioPortal,,,,
48,A1BG,1,BMS1P5,399761,-0.376,0.008,-0.213,0.147,0.141,0.045,DLBC,cBioPortal,,,,
48,A1BG,1,BMX,660,-0.079,0.593,-0.209,0.154,0.006,0.044,DLBC,cBioPortal,,,,
48,A1BG,1,BNC1,646,-0.181,0.218,-0.237,0.105,0.033,0.056,DLBC,cBioPortal,,,,
48,A1BG,1,BNC2,54796,-0.455,0.001,-0.376,0.009,0.207,0.141,DLBC,cBioPortal,,,,
48,A1BG,1,BNIP1,662,0.391,0.006,0.405,0.004,0.153,0.164,DLBC,cBioPortal,,,,
48,A1BG,1,BNIP2,663,-0.468,0.001,-0.428,0.002,0.219,0.183,DLBC,cBioPortal,,,,
48,A1BG,1,BOD1,91272,0.282,0.052,0.262,0.072,0.079,0.069,DLBC,cBioPortal,,,,
48,A1BG,1,BOD1L,259282,-0.611,0,-0.575,0,0.374,0.331,DLBC,cBioPortal,,,,
48,A1BG,1,BOK,666,0.431,0.002,0.31,0.032,0.186,0.096,DLBC,cBioPortal,,,,
48,A1BG,1,BOLA1,51027,0.249,0.088,0.228,0.118,0.062,0.052,DLBC,cBioPortal,,,,
48,A1BG,1,BOLA2,552900,0.437,0.002,0.526,0,0.191,0.276,DLBC,cBioPortal,,,,
48,A1BG,1,BOLA3,388962,0.196,0.182,0.248,0.089,0.038,0.061,DLBC,cBioPortal,,,,
48,A1BG,1,BOP1,23246,0.08,0.588,0.267,0.067,0.006,0.071,DLBC,cBioPortal,,,,
48,A1BG,1,BPGM,669,-0.4,0.005,-0.388,0.006,0.16,0.151,DLBC,cBioPortal,,,,
48,A1BG,1,BPHL,670,0.332,0.021,0.214,0.144,0.11,0.046,DLBC,cBioPortal,,,,
48,A1BG,1,BPIL1,80341,0.15,0.307,0.266,0.067,0.023,0.071,DLBC,cBioPortal,,,,
48,A1BG,1,BPNT1,10380,0.218,0.137,0.22,0.134,0.047,0.048,DLBC,cBioPortal,,,,
48,A1BG,1,BPTF,2186,-0.557,0,-0.493,0,0.31,0.243,DLBC,cBioPortal,,,,
48,A1BG,1,BRAF,673,-0.577,0,-0.565,0,0.333,0.32,DLBC,cBioPortal,,,Yes,No
48,A1BG,1,BRCA1,672,-0.498,0,-0.415,0.003,0.248,0.173,DLBC,cBioPortal,,,No,Yes
48,A1BG,1,BRCA2,675,-0.731,0,-0.601,0,0.534,0.361,DLBC,cBioPortal,,,No,Yes
48,A1BG,1,BRCC3,79184,-0.577,0,-0.53,0,0.333,0.281,DLBC,cBioPortal,,,,
48,A1BG,1,BRD1,23774,-0.407,0.004,-0.395,0.005,0.165,0.156,DLBC,cBioPortal,,,,
48,A1BG,1,BRD2,6046,-0.362,0.011,-0.425,0.003,0.131,0.181,DLBC,cBioPortal,,,,
48,A1BG,1,BRD3,8019,-0.433,0.002,-0.471,0.001,0.187,0.222,DLBC,cBioPortal,,,Yes,No
48,A1BG,1,BRD4,23476,-0.464,0.001,-0.516,0,0.215,0.266,DLBC,cBioPortal,,,Yes,No
48,A1BG,1,BRD7,29117,0.126,0.395,0.265,0.069,0.016,0.07,DLBC,cBioPortal,,,,
48,A1BG,1,BRD8,10902,-0.349,0.015,-0.406,0.004,0.121,0.165,DLBC,cBioPortal,,,,
48,A1BG,1,BRE,9577,0.46,0.001,0.428,0.002,0.211,0.183,DLBC,cBioPortal,,,,
48,A1BG,1,BREA2,286076,0.354,0.014,0.536,0,0.125,0.287,DLBC,cBioPortal,,,,
48,A1BG,1,BRF2,55290,0.339,0.018,0.356,0.013,0.115,0.127,DLBC,cBioPortal,,,,
48,A1BG,1,BRI3,25798,0.577,0,0.385,0.007,0.333,0.148,DLBC,cBioPortal,,,,
48,A1BG,1,BRIP1,83990,-0.633,0,-0.525,0,0.4,0.276,DLBC,cBioPortal,,,No,Yes
48,A1BG,1,BRMS1,25855,0.554,0,0.619,0,0.307,0.383,DLBC,cBioPortal,,,,
48,A1BG,1,BRMS1L,84312,-0.431,0.002,-0.396,0.005,0.186,0.157,DLBC,cBioPortal,,,,
48,A1BG,1,BRP44,25874,0.446,0.001,0.448,0.001,0.199,0.2,DLBC,cBioPortal,,,,
48,A1BG,1,BRP44L,51660,0.287,0.048,0.255,0.08,0.083,0.065,DLBC,cBioPortal,,,,
48,A1BG,1,BRPF1,7862,-0.435,0.002,-0.473,0.001,0.189,0.224,DLBC,cBioPortal,,,,
48,A1BG,1,BRPF3,27154,-0.407,0.004,-0.449,0.001,0.166,0.201,DLBC,cBioPortal,,,,
48,A1BG,1,BRSK1,84446,0.39,0.006,0.268,0.066,0.152,0.072,DLBC,cBioPortal,,,No,Yes
48,A1BG,1,BRSK2,9024,-0.001,0.993,0.348,0.016,0,0.121,DLBC,cBioPortal,,,,
48,A1BG,1,BRWD3,254065,-0.569,0,-0.505,0,0.324,0.255,DLBC,cBioPortal,,,,
48,A1BG,1,BSCL2,26580,0.568,0,0.566,0,0.323,0.321,DLBC,cBioPortal,,,,
48,A1BG,1,BSDC1,55108,-0.178,0.226,-0.299,0.039,0.032,0.089,DLBC,cBioPortal,,,,
48,A1BG,1,BSG,682,0.5,0,0.427,0.002,0.25,0.182,DLBC,cBioPortal,,,,
48,A1BG,1,BSN,8927,-0.1,0.5,0.232,0.112,0.01,0.054,DLBC,cBioPortal,,,,
48,A1BG,1,BST2,684,0.533,0,0.448,0.001,0.284,0.201,DLBC,cBioPortal,,,,
48,A1BG,1,BTAF1,9044,-0.526,0,-0.51,0,0.277,0.26,DLBC,cBioPortal,,,,
48,A1BG,1,BTBD10,84280,-0.422,0.003,-0.421,0.003,0.178,0.177,DLBC,cBioPortal,,,,
48,A1BG,1,BTBD12,84464,-0.427,0.002,-0.348,0.015,0.182,0.121,DLBC,cBioPortal,,,,
48,A1BG,1,BTBD19,149478,-0.4,0.005,-0.276,0.058,0.16,0.076,DLBC,cBioPortal,,,,
48,A1BG,1,BTBD2,55643,0.457,0.001,0.483,0.001,0.209,0.233,DLBC,cBioPortal,,,,
48,A1BG,1,BTBD3,22903,-0.326,0.024,-0.362,0.012,0.106,0.131,DLBC,cBioPortal,,,,
48,A1BG,1,BTBD6,90135,0.384,0.007,0.494,0,0.148,0.244,DLBC,cBioPortal,,,,
48,A1BG,1,BTBD7,55727,-0.429,0.002,-0.343,0.017,0.184,0.117,DLBC,cBioPortal,,,,
48,A1BG,1,BTBD8,284697,-0.283,0.051,-0.264,0.07,0.08,0.07,DLBC,cBioPortal,,,,
48,A1BG,1,BTF3,689,0.265,0.069,0.34,0.018,0.07,0.116,DLBC,cBioPortal,,,,
48,A1BG,1,BTF3L1,690,-0.261,0.073,-0.278,0.055,0.068,0.077,DLBC,cBioPortal,,,,
48,A1BG,1,BTG1,694,0.164,0.264,0.214,0.144,0.027,0.046,DLBC,cBioPortal,,,No,Yes
48,A1BG,1,BTN2A1,11120,-0.308,0.033,-0.379,0.008,0.095,0.144,DLBC,cBioPortal,,,,
48,A1BG,1,BTN2A3,54718,-0.427,0.002,-0.344,0.017,0.182,0.118,DLBC,cBioPortal,,,,
48,A1BG,1,BTN3A1,11119,-0.371,0.009,-0.346,0.016,0.138,0.12,DLBC,cBioPortal,,,,
48,A1BG,1,BTN3A3,10384,-0.275,0.059,-0.313,0.03,0.076,0.098,DLBC,cBioPortal,,,,
48,A1BG,1,BTRC,8945,-0.401,0.005,-0.359,0.012,0.161,0.129,DLBC,cBioPortal,,,,
48,A1BG,1,BUB1,699,-0.446,0.001,-0.382,0.007,0.199,0.146,DLBC,cBioPortal,,,,
48,A1BG,1,BUB1B,701,-0.586,0,-0.515,0,0.344,0.266,DLBC,cBioPortal,,,No,No
48,A1BG,1,BUD13,84811,0.138,0.351,0.345,0.016,0.019,0.119,DLBC,cBioPortal,,,,
48,A1BG,1,BUD31,8896,0.649,0,0.727,0,0.421,0.529,DLBC,cBioPortal,,,,
48,A1BG,1,BVES,11149,-0.338,0.019,-0.212,0.148,0.114,0.045,DLBC,cBioPortal,,,,
48,A1BG,1,BZW1,9689,-0.317,0.028,-0.291,0.045,0.1,0.085,DLBC,cBioPortal,,,,
48,A1BG,1,BZW2,28969,-0.342,0.018,-0.301,0.038,0.117,0.091,DLBC,cBioPortal,,,,
48,A1BG,1,C10orf10,11067,0.225,0.124,0.288,0.047,0.051,0.083,DLBC,cBioPortal,,,,
48,A1BG,1,C10orf105,414152,-0.188,0.2,-0.205,0.163,0.036,0.042,DLBC,cBioPortal,,,,
48,A1BG,1,C10orf110,55853,-0.471,0.001,-0.357,0.013,0.222,0.127,DLBC,cBioPortal,,,,
48,A1BG,1,C10orf11,83938,0.316,0.028,0.261,0.073,0.1,0.068,DLBC,cBioPortal,,,,
48,A1BG,1,C10orf118,55088,-0.606,0,-0.539,0,0.367,0.29,DLBC,cBioPortal,,,,
48,A1BG,1,C10orf119,79892,-0.466,0.001,-0.404,0.004,0.217,0.163,DLBC,cBioPortal,,,,
48,A1BG,1,C10orf12,84458,-0.577,0,-0.362,0.012,0.333,0.131,DLBC,cBioPortal,,,,
48,A1BG,1,C10orf125,282969,0.494,0,0.421,0.003,0.244,0.178,DLBC,cBioPortal,,,,
48,A1BG,1,C10orf128,170371,-0.435,0.002,-0.351,0.015,0.189,0.123,DLBC,cBioPortal,,,,
48,A1BG,1,C10orf131,387707,-0.461,0.001,-0.262,0.072,0.213,0.069,DLBC,cBioPortal,,,,
48,A1BG,1,C10orf137,26098,-0.411,0.004,-0.399,0.005,0.169,0.159,DLBC,cBioPortal,,,,
48,A1BG,1,C10orf18,54906,-0.481,0.001,-0.379,0.008,0.232,0.144,DLBC,cBioPortal,,,,
48,A1BG,1,C10orf25,220979,0.097,0.513,0.291,0.045,0.009,0.084,DLBC,cBioPortal,,,,
48,A1BG,1,C10orf26,54838,0.379,0.008,0.221,0.132,0.143,0.049,DLBC,cBioPortal,,,,
48,A1BG,1,C10orf32,119032,0.361,0.012,0.308,0.033,0.13,0.095,DLBC,cBioPortal,,,,
48,A1BG,1,C10orf4,118924,0.545,0,0.558,0,0.296,0.311,DLBC,cBioPortal,,,,
48,A1BG,1,C10orf50,645528,0.307,0.034,0.244,0.095,0.094,0.06,DLBC,cBioPortal,,,,
48,A1BG,1,C10orf53,282966,0.111,0.454,0.333,0.021,0.012,0.111,DLBC,cBioPortal,,,,
48,A1BG,1,C10orf62,414157,0.122,0.408,0.221,0.131,0.015,0.049,DLBC,cBioPortal,,,,
48,A1BG,1,C10orf67,256815,0.254,0.082,0.332,0.021,0.064,0.11,DLBC,cBioPortal,,,,
48,A1BG,1,C10orf75,90271,0.504,0,0.297,0.04,0.254,0.088,DLBC,cBioPortal,,,,
48,A1BG,1,C10orf78,119392,-0.208,0.156,-0.223,0.127,0.043,0.05,DLBC,cBioPortal,,,,
48,A1BG,1,C10orf84,63877,0.029,0.843,0.221,0.132,0.001,0.049,DLBC,cBioPortal,,,,
48,A1BG,1,C10orf88,80007,-0.228,0.119,-0.253,0.083,0.052,0.064,DLBC,cBioPortal,,,,
48,A1BG,1,C10orf90,118611,-0.044,0.767,0.361,0.012,0.002,0.131,DLBC,cBioPortal,,,,
48,A1BG,1,C10orf91,170393,-0.258,0.077,-0.325,0.024,0.067,0.105,DLBC,cBioPortal,,,,
48,A1BG,1,C10orf93,255352,-0.305,0.035,-0.203,0.167,0.093,0.041,DLBC,cBioPortal,,,,
48,A1BG,1,C10orf95,79946,-0.411,0.004,-0.331,0.021,0.169,0.11,DLBC,cBioPortal,,,,
48,A1BG,1,C11orf10,746,0.417,0.003,0.443,0.002,0.174,0.196,DLBC,cBioPortal,,,,
48,A1BG,1,C11orf1,64776,0.322,0.025,0.508,0,0.104,0.258,DLBC,cBioPortal,,,,
48,A1BG,1,C11orf17,56672,0.353,0.014,0.273,0.061,0.125,0.074,DLBC,cBioPortal,,,,
48,A1BG,1,C11orf20,25858,0.09,0.544,0.353,0.014,0.008,0.125,DLBC,cBioPortal,,,,
48,A1BG,1,C11orf2,738,0.555,0,0.562,0,0.308,0.316,DLBC,cBioPortal,,,,
48,A1BG,1,C11orf30,56946,-0.584,0,-0.555,0,0.342,0.308,DLBC,cBioPortal,,,,
48,A1BG,1,C11orf31,280636,0.599,0,0.7,0,0.359,0.49,DLBC,cBioPortal,,,,
48,A1BG,1,C11orf34,349633,-0.351,0.014,-0.258,0.077,0.123,0.066,DLBC,cBioPortal,,,,
48,A1BG,1,C11orf35,256329,0.307,0.034,0.244,0.094,0.094,0.06,DLBC,cBioPortal,,,,
48,A1BG,1,C11orf46,120534,0.09,0.541,0.324,0.024,0.008,0.105,DLBC,cBioPortal,,,,
48,A1BG,1,C11orf48,79081,0.486,0,0.612,0,0.236,0.375,DLBC,cBioPortal,,,,
48,A1BG,1,C11orf49,79096,0.416,0.003,0.529,0,0.173,0.28,DLBC,cBioPortal,,,,
48,A1BG,1,C11orf51,25906,0.54,0,0.602,0,0.291,0.362,DLBC,cBioPortal,,,,
48,A1BG,1,C11orf58,10944,-0.369,0.01,-0.38,0.008,0.136,0.145,DLBC,cBioPortal,,,,
48,A1BG,1,C11orf59,55004,0.595,0,0.649,0,0.354,0.421,DLBC,cBioPortal,,,,
48,A1BG,1,C11orf61,79684,-0.448,0.001,-0.459,0.001,0.201,0.211,DLBC,cBioPortal,,,,
48,A1BG,1,C11orf63,79864,-0.153,0.301,-0.236,0.107,0.023,0.056,DLBC,cBioPortal,,,,
48,A1BG,1,C11orf67,28971,0.487,0,0.586,0,0.237,0.343,DLBC,cBioPortal,,,,
48,A1BG,1,C11orf68,83638,0.592,0,0.528,0,0.351,0.278,DLBC,cBioPortal,,,,
48,A1BG,1,C11orf73,51501,0.493,0,0.538,0,0.244,0.289,DLBC,cBioPortal,,,,
48,A1BG,1,C11orf74,119710,0.347,0.016,0.229,0.117,0.12,0.053,DLBC,cBioPortal,,,,
48,A1BG,1,C11orf82,220042,-0.354,0.013,-0.353,0.014,0.126,0.125,DLBC,cBioPortal,,,,
48,A1BG,1,C11orf83,790955,0.485,0,0.557,0,0.235,0.31,DLBC,cBioPortal,,,,
48,A1BG,1,C11orf85,283129,-0.453,0.001,-0.211,0.15,0.206,0.044,DLBC,cBioPortal,,,,
48,A1BG,1,C11orf94,143678,-0.27,0.064,-0.231,0.113,0.073,0.054,DLBC,cBioPortal,,,,
48,A1BG,1,C12orf10,60314,0.53,0,0.599,0,0.281,0.359,DLBC,cBioPortal,,,,
48,A1BG,1,C12orf11,55726,-0.434,0.002,-0.419,0.003,0.189,0.175,DLBC,cBioPortal,,,,
48,A1BG,1,C12orf35,55196,-0.481,0.001,-0.437,0.002,0.231,0.191,DLBC,cBioPortal,,,,
48,A1BG,1,C12orf41,54934,-0.442,0.002,-0.466,0.001,0.196,0.217,DLBC,cBioPortal,,,,
48,A1BG,1,C12orf43,64897,-0.324,0.025,-0.33,0.022,0.105,0.109,DLBC,cBioPortal,,,,
48,A1BG,1,C12orf44,60673,0.522,0,0.529,0,0.272,0.279,DLBC,cBioPortal,,,,
48,A1BG,1,C12orf45,121053,0.332,0.021,0.508,0,0.11,0.258,DLBC,cBioPortal,,,,
48,A1BG,1,C12orf47,51275,0.368,0.01,0.431,0.002,0.136,0.185,DLBC,cBioPortal,,,,
48,A1BG,1,C12orf48,55010,-0.565,0,-0.447,0.001,0.319,0.2,DLBC,cBioPortal,,,,
48,A1BG,1,C12orf49,79794,-0.455,0.001,-0.432,0.002,0.207,0.186,DLBC,cBioPortal,,,,
48,A1BG,1,C12orf50,160419,-0.362,0.011,-0.212,0.148,0.131,0.045,DLBC,cBioPortal,,,,
48,A1BG,1,C12orf51,283450,-0.476,0.001,-0.454,0.001,0.227,0.206,DLBC,cBioPortal,,,,
48,A1BG,1,C12orf5,57103,-0.581,0,-0.482,0.001,0.337,0.232,DLBC,cBioPortal,,,,
48,A1BG,1,C12orf57,113246,0.565,0,0.562,0,0.32,0.316,DLBC,cBioPortal,,,,
48,A1BG,1,C12orf59,120939,0.155,0.294,0.376,0.008,0.024,0.141,DLBC,cBioPortal,,,,
48,A1BG,1,C12orf62,84987,0.455,0.001,0.448,0.001,0.207,0.201,DLBC,cBioPortal,,,,
48,A1BG,1,C12orf66,144577,-0.598,0,-0.518,0,0.358,0.269,DLBC,cBioPortal,,,,
48,A1BG,1,C12orf68,387856,0.15,0.31,0.402,0.005,0.022,0.162,DLBC,cBioPortal,,,,
48,A1BG,1,C12orf71,728858,-0.385,0.007,-0.355,0.013,0.148,0.126,DLBC,cBioPortal,,,,
48,A1BG,1,C12orf73,728568,0.286,0.049,0.308,0.033,0.082,0.095,DLBC,cBioPortal,,,,
48,A1BG,1,C12orf74,440107,-0.445,0.002,-0.265,0.069,0.198,0.07,DLBC,cBioPortal,,,,
48,A1BG,1,C12orf77,196415,0.189,0.199,0.261,0.073,0.036,0.068,DLBC,cBioPortal,,,,
48,A1BG,1,C13orf18,80183,-0.217,0.138,-0.232,0.113,0.047,0.054,DLBC,cBioPortal,,,,
48,A1BG,1,C13orf23,80209,-0.425,0.003,-0.385,0.007,0.18,0.149,DLBC,cBioPortal,,,,
48,A1BG,1,C13orf27,93081,-0.186,0.206,-0.227,0.12,0.034,0.052,DLBC,cBioPortal,,,,
48,A1BG,1,C13orf31,144811,-0.319,0.027,-0.314,0.03,0.102,0.098,DLBC,cBioPortal,,,,
48,A1BG,1,C13orf33,84935,-0.263,0.071,-0.227,0.121,0.069,0.051,DLBC,cBioPortal,,,,
48,A1BG,1,C13orf34,79866,-0.54,0,-0.484,0,0.291,0.234,DLBC,cBioPortal,,,,
48,A1BG,1,C14orf104,55172,-0.262,0.072,-0.329,0.022,0.069,0.108,DLBC,cBioPortal,,,,
48,A1BG,1,C14orf106,55320,-0.711,0,-0.619,0,0.505,0.383,DLBC,cBioPortal,,,,
48,A1BG,1,C14orf109,26175,0.5,0,0.447,0.001,0.25,0.2,DLBC,cBioPortal,,,,
48,A1BG,1,C14orf118,55668,-0.67,0,-0.628,0,0.449,0.394,DLBC,cBioPortal,,,,
48,A1BG,1,C14orf119,55017,0.33,0.022,0.299,0.039,0.109,0.089,DLBC,cBioPortal,,,,
48,A1BG,1,C14orf126,112487,-0.275,0.059,-0.233,0.11,0.075,0.054,DLBC,cBioPortal,,,,
48,A1BG,1,C14orf135,64430,-0.554,0,-0.542,0,0.307,0.293,DLBC,cBioPortal,,,,
48,A1BG,1,C14orf142,84520,0.223,0.128,0.217,0.138,0.05,0.047,DLBC,cBioPortal,,,,
48,A1BG,1,C14orf145,145508,-0.648,0,-0.5,0,0.42,0.25,DLBC,cBioPortal,,,,
48,A1BG,1,C14orf147,171546,-0.482,0.001,-0.418,0.003,0.232,0.175,DLBC,cBioPortal,,,,
48,A1BG,1,C14orf149,112849,-0.38,0.008,-0.4,0.005,0.144,0.16,DLBC,cBioPortal,,,,
48,A1BG,1,C14orf153,84334,0.542,0,0.69,0,0.294,0.477,DLBC,cBioPortal,,,,
48,A1BG,1,C14orf156,81892,0.326,0.024,0.349,0.015,0.106,0.122,DLBC,cBioPortal,,,,
48,A1BG,1,C14orf159,80017,-0.193,0.189,-0.23,0.115,0.037,0.053,DLBC,cBioPortal,,,,
48,A1BG,1,C14orf166,51637,0.428,0.002,0.587,0,0.183,0.344,DLBC,cBioPortal,,,,
48,A1BG,1,C14orf167,55449,-0.466,0.001,-0.456,0.001,0.217,0.208,DLBC,cBioPortal,,,,
48,A1BG,1,C14orf169,79697,-0.238,0.103,-0.214,0.143,0.057,0.046,DLBC,cBioPortal,,,,
48,A1BG,1,C14orf179,112752,0.562,0,0.643,0,0.315,0.413,DLBC,cBioPortal,,,,
48,A1BG,1,C14orf181,400223,0.397,0.005,0.309,0.032,0.158,0.096,DLBC,cBioPortal,,,,
48,A1BG,1,C14orf183,196913,-0.415,0.003,-0.329,0.022,0.172,0.109,DLBC,cBioPortal,,,,
48,A1BG,1,C14orf19,280655,0.317,0.028,0.387,0.007,0.1,0.149,DLBC,cBioPortal,,,,
48,A1BG,1,C14orf21,161424,-0.567,0,-0.54,0,0.322,0.292,DLBC,cBioPortal,,,,
48,A1BG,1,C14orf28,122525,0.389,0.006,0.506,0,0.151,0.256,DLBC,cBioPortal,,,,
48,A1BG,1,C14orf2,9556,0.513,0,0.612,0,0.264,0.375,DLBC,cBioPortal,,,,
48,A1BG,1,C14orf37,145407,-0.326,0.024,-0.255,0.08,0.107,0.065,DLBC,cBioPortal,,,,
48,A1BG,1,C14orf43,91748,-0.471,0.001,-0.476,0.001,0.222,0.227,DLBC,cBioPortal,,,,
48,A1BG,1,C14orf45,80127,-0.306,0.035,-0.202,0.17,0.093,0.041,DLBC,cBioPortal,,,,
48,A1BG,1,C14orf4,64207,-0.378,0.008,-0.377,0.008,0.143,0.142,DLBC,cBioPortal,,,,
48,A1BG,1,C14orf49,161176,-0.489,0,-0.426,0.003,0.239,0.181,DLBC,cBioPortal,,,,
48,A1BG,1,C14orf50,145376,0.506,0,0.246,0.092,0.256,0.06,DLBC,cBioPortal,,,,
48,A1BG,1,C14orf70,283601,0.157,0.288,0.213,0.147,0.024,0.045,DLBC,cBioPortal,,,,
48,A1BG,1,C14orf79,122616,0.521,0,0.516,0,0.272,0.267,DLBC,cBioPortal,,,,
48,A1BG,1,C14orf80,283643,0.446,0.001,0.444,0.002,0.199,0.197,DLBC,cBioPortal,,,,
48,A1BG,1,C14orf93,60686,0.464,0.001,0.552,0,0.215,0.305,DLBC,cBioPortal,,,,
48,A1BG,1,C15orf23,90417,-0.63,0,-0.556,0,0.396,0.309,DLBC,cBioPortal,,,,
48,A1BG,1,C15orf28,80035,-0.639,0,-0.435,0.002,0.409,0.19,DLBC,cBioPortal,,,,
48,A1BG,1,C15orf29,79768,-0.358,0.012,-0.346,0.016,0.128,0.12,DLBC,cBioPortal,,,,
48,A1BG,1,C15orf34,80072,-0.306,0.035,-0.291,0.045,0.094,0.084,DLBC,cBioPortal,,,,
48,A1BG,1,C15orf39,56905,-0.258,0.076,-0.266,0.068,0.067,0.071,DLBC,cBioPortal,,,,
48,A1BG,1,C15orf40,123207,0.38,0.008,0.358,0.013,0.144,0.128,DLBC,cBioPortal,,,,
48,A1BG,1,C15orf42,90381,-0.521,0,-0.436,0.002,0.271,0.19,DLBC,cBioPortal,,,,
48,A1BG,1,C15orf44,81556,-0.269,0.064,-0.243,0.096,0.073,0.059,DLBC,cBioPortal,,,,
48,A1BG,1,C15orf50,414926,-0.187,0.202,-0.21,0.153,0.035,0.044,DLBC,cBioPortal,,,,
48,A1BG,1,C15orf51,196968,-0.245,0.093,-0.234,0.109,0.06,0.055,DLBC,cBioPortal,,,,
48,A1BG,1,C15orf58,390637,-0.129,0.382,-0.249,0.087,0.017,0.062,DLBC,cBioPortal,,,,
48,A1BG,1,C15orf62,643338,0.287,0.048,0.254,0.081,0.083,0.065,DLBC,cBioPortal,,,,
48,A1BG,1,C15orf63,25764,0.321,0.026,0.297,0.04,0.103,0.088,DLBC,cBioPortal,,,,
48,A1BG,1,C16orf11,146325,-0.163,0.268,0.351,0.014,0.027,0.123,DLBC,cBioPortal,,,,
48,A1BG,1,C16orf13,84326,0.543,0,0.681,0,0.295,0.464,DLBC,cBioPortal,,,,
48,A1BG,1,C16orf42,115939,0.601,0,0.676,0,0.362,0.457,DLBC,cBioPortal,,,,
48,A1BG,1,C16orf48,84080,0.468,0.001,0.605,0,0.219,0.366,DLBC,cBioPortal,,,,
48,A1BG,1,C16orf52,730094,-0.44,0.002,-0.394,0.006,0.193,0.155,DLBC,cBioPortal,,,,
48,A1BG,1,C16orf53,79447,0.272,0.062,0.377,0.008,0.074,0.142,DLBC,cBioPortal,,,,
48,A1BG,1,C16orf54,283897,-0.221,0.132,-0.215,0.142,0.049,0.046,DLBC,cBioPortal,,,,
48,A1BG,1,C16orf55,124045,0.129,0.382,0.337,0.019,0.017,0.114,DLBC,cBioPortal,,,,
48,A1BG,1,C16orf61,56942,0.267,0.067,0.281,0.053,0.071,0.079,DLBC,cBioPortal,,,,
48,A1BG,1,C16orf68,79091,0.28,0.054,0.391,0.006,0.079,0.152,DLBC,cBioPortal,,,,
48,A1BG,1,C16orf70,80262,-0.236,0.106,-0.276,0.058,0.056,0.076,DLBC,cBioPortal,,,,
48,A1BG,1,C16orf72,29035,-0.288,0.047,-0.266,0.067,0.083,0.071,DLBC,cBioPortal,,,,
48,A1BG,1,C16orf75,116028,0.11,0.458,0.243,0.096,0.012,0.059,DLBC,cBioPortal,,,,
48,A1BG,1,C16orf79,283870,0.364,0.011,0.222,0.129,0.133,0.049,DLBC,cBioPortal,,,,
48,A1BG,1,C16orf81,283860,-0.229,0.117,-0.267,0.066,0.053,0.071,DLBC,cBioPortal,,,,
48,A1BG,1,C16orf86,388284,0.41,0.004,0.284,0.05,0.168,0.081,DLBC,cBioPortal,,,,
48,A1BG,1,C16orf87,388272,-0.393,0.006,-0.365,0.011,0.154,0.133,DLBC,cBioPortal,,,,
48,A1BG,1,C16orf88,400506,-0.37,0.01,-0.377,0.008,0.137,0.142,DLBC,cBioPortal,,,,
48,A1BG,1,C16orf91,283951,0.36,0.012,0.376,0.008,0.129,0.141,DLBC,cBioPortal,,,,
48,A1BG,1,C16orf92,146378,0.197,0.179,0.374,0.009,0.039,0.14,DLBC,cBioPortal,,,,
48,A1BG,1,C16orf93,90835,0.411,0.004,0.373,0.009,0.169,0.139,DLBC,cBioPortal,,,,
48,A1BG,1,C17orf101,79701,0.475,0.001,0.385,0.007,0.225,0.148,DLBC,cBioPortal,,,,