hugo_symbol,entrez_gene_id,number_of_samples_mutated_at_gene,total_number_of_mutated_samples,overall_mutation_frequency,cancer_type,number_of_samples_with_gains,number_of_samples_with_losses,total_number_of_samples,percent_of_samples_with_gains,percent_of_samples_with_losses,dataset_name,is_oncogene,is_tumor_suppressor_gene
DHX33,56919,1,1009,0.10,BRCA,63,628,1070,5.89,58.69,cBioPortal,,
USP17L8,392188,,,,BRCA,150,561,1070,14.02,52.43,cBioPortal,,
CAPNS2,84290,,,,BRCA,132,614,1070,12.34,57.38,cBioPortal,,
CES2,8824,1,1009,0.10,BRCA,95,667,1070,8.88,62.34,cBioPortal,,
NFATC3,4775,7,1009,0.69,BRCA,106,667,1070,9.91,62.34,cBioPortal,,
PAFAH1B1,5048,4,1009,0.40,BRCA,72,615,1070,6.73,57.48,cBioPortal,,
USP10,9100,2,1009,0.20,BRCA,102,686,1070,9.53,64.11,cBioPortal,,
DYNLRB2,83657,1,1009,0.10,BRCA,96,681,1070,8.97,63.64,cBioPortal,,
OR1G1,8390,1,1009,0.10,BRCA,70,617,1070,6.54,57.66,cBioPortal,,
TVP23C,201158,4,1009,0.40,BRCA,58,625,1070,5.42,58.41,cBioPortal,,
MIR3935,100500891,,,,BRCA,119,635,1070,11.12,59.35,cBioPortal,,
IL34,146433,3,1009,0.30,BRCA,106,656,1070,9.91,61.31,cBioPortal,,
CHRNB1,1140,2,1009,0.20,BRCA,54,647,1070,5.05,60.47,cBioPortal,,
COX4I1,1327,1,1009,0.10,BRCA,102,683,1070,9.53,63.83,cBioPortal,,
TMEM256,254863,1,1009,0.10,BRCA,54,648,1070,5.05,60.56,cBioPortal,,
MICU3,286097,3,1009,0.30,BRCA,148,563,1070,13.83,52.62,cBioPortal,,
KCTD9,54793,1,1009,0.10,BRCA,143,576,1070,13.36,53.83,cBioPortal,,
TRAPPC2L,51693,2,1009,0.20,BRCA,109,681,1070,10.19,63.64,cBioPortal,,
IRX6,79190,1,1009,0.10,BRCA,139,607,1070,12.99,56.73,cBioPortal,,
PHKB,5257,5,1009,0.50,BRCA,179,560,1070,16.73,52.34,cBioPortal,,
SOX7,83595,1,1009,0.10,BRCA,149,556,1070,13.93,51.96,cBioPortal,,
MAP1LC3B,81631,,,,BRCA,102,684,1070,9.53,63.93,cBioPortal,,
DEFB109P1,245912,,,,BRCA,147,561,1070,13.74,52.43,cBioPortal,,
PLD2,5338,2,1009,0.20,BRCA,72,619,1070,6.73,57.85,cBioPortal,,
CDH16,1014,6,1009,0.59,BRCA,96,666,1070,8.97,62.24,cBioPortal,,
RPH3AL-AS1,100506388,,,,BRCA,74,618,1070,6.92,57.76,cBioPortal,,
NOL3,8996,,,,BRCA,97,669,1070,9.07,62.52,cBioPortal,,
MPDU1,9526,1,1009,0.10,BRCA,52,652,1070,4.86,60.93,cBioPortal,,
WDR81,124997,6,1009,0.59,BRCA,70,619,1070,6.54,57.85,cBioPortal,,
TMEM220-AS1,101101775,,,,BRCA,54,638,1070,5.05,59.63,cBioPortal,,
ASGR1,432,,,,BRCA,53,651,1070,4.95,60.84,cBioPortal,,
MIR4521,100616406,,,,BRCA,56,644,1070,5.23,60.19,cBioPortal,,
ADAD2,161931,,,,BRCA,102,686,1070,9.53,64.11,cBioPortal,,
MAP2K4,6416,42,1009,4.16,BRCA,54,643,1070,5.05,60.09,cBioPortal,No,Yes
CLEC10A,10462,4,1009,0.40,BRCA,54,649,1070,5.05,60.65,cBioPortal,,
TP53,7157,347,1009,34.39,BRCA,54,650,1070,5.05,60.75,cBioPortal,No,Yes
MIR6883,102465532,,,,BRCA,56,645,1070,5.23,60.28,cBioPortal,,
SPEM1,374768,,,,BRCA,54,647,1070,5.05,60.47,cBioPortal,,
SLC38A8,146167,2,1009,0.20,BRCA,100,685,1070,9.35,64.02,cBioPortal,,
OR1E1,8387,2,1009,0.20,BRCA,70,617,1070,6.54,57.66,cBioPortal,,
CES1,1066,3,1009,0.30,BRCA,130,620,1070,12.15,57.94,cBioPortal,,
OR1D4,653166,,,,BRCA,71,615,1070,6.64,57.48,cBioPortal,,
FAM86B2,653333,2,1009,0.20,BRCA,147,561,1070,13.74,52.43,cBioPortal,,
LOC100507577,100507577,,,,BRCA,175,563,1070,16.36,52.62,cBioPortal,,
ANKRD11,29123,20,1009,1.98,BRCA,106,685,1070,9.91,64.02,cBioPortal,No,Yes
CHMP7,91782,2,1009,0.20,BRCA,145,579,1070,13.55,54.11,cBioPortal,,
WDR59,79726,3,1009,0.30,BRCA,110,666,1070,10.28,62.24,cBioPortal,,
KCTD11,147040,,,,BRCA,54,648,1070,5.05,60.56,cBioPortal,,
WDR16,146845,,,,BRCA,56,645,1070,5.23,60.28,cBioPortal,,
R3HCC1,203069,3,1009,0.30,BRCA,145,579,1070,13.55,54.11,cBioPortal,,
NUP93,9688,5,1009,0.50,BRCA,122,634,1070,11.40,59.25,cBioPortal,No,No
TPPP3,51673,3,1009,0.30,BRCA,97,671,1070,9.07,62.71,cBioPortal,,
N4BP1,9683,6,1009,0.59,BRCA,171,566,1070,15.98,52.90,cBioPortal,,
PSMD7,5713,2,1009,0.20,BRCA,106,665,1070,9.91,62.15,cBioPortal,,
TERF2,7014,1,1009,0.10,BRCA,104,662,1070,9.72,61.87,cBioPortal,,
RILP,83547,,,,BRCA,73,618,1070,6.82,57.76,cBioPortal,,
USP17L2,377630,,,,BRCA,147,561,1070,13.74,52.43,cBioPortal,,
MIR3926-1,100500870,,,,BRCA,149,555,1070,13.93,51.87,cBioPortal,,
MIR497HG,100506755,,,,BRCA,53,651,1070,4.95,60.84,cBioPortal,,
KRT16P1,729252,,,,BRCA,89,567,1070,8.32,52.99,cBioPortal,,
SOX15,6665,2,1009,0.20,BRCA,52,652,1070,4.86,60.93,cBioPortal,,
FAM66A,100133172,,,,BRCA,147,561,1070,13.74,52.43,cBioPortal,,
KARS,3735,,,,BRCA,107,667,1070,10.00,62.34,cBioPortal,,
MIR1288,100302124,,,,BRCA,70,611,1070,6.54,57.10,cBioPortal,,
RSPRY1,89970,1,1009,0.10,BRCA,116,641,1070,10.84,59.91,cBioPortal,,
MYH8,4626,20,1009,1.98,BRCA,53,641,1070,4.95,59.91,cBioPortal,,
CCDC113,29070,1,1009,0.10,BRCA,103,653,1070,9.63,61.03,cBioPortal,,
SPNS3,201305,1,1009,0.10,BRCA,73,622,1070,6.82,58.13,cBioPortal,,
C17orf85,55421,,,,BRCA,74,616,1070,6.92,57.57,cBioPortal,,
HIC1,3090,,,,BRCA,72,617,1070,6.73,57.66,cBioPortal,,
MIR6842,102465507,,,,BRCA,157,562,1070,14.67,52.52,cBioPortal,,
ESCO2,157570,2,1009,0.20,BRCA,157,559,1070,14.67,52.24,cBioPortal,No,Yes
SMPD3,55512,2,1009,0.20,BRCA,107,664,1070,10.00,62.06,cBioPortal,,
PIK3R6,146850,4,1009,0.40,BRCA,58,643,1070,5.42,60.09,cBioPortal,,
MPHOSPH6,10200,1,1009,0.10,BRCA,98,682,1070,9.16,63.74,cBioPortal,,
GABARAPL2,11345,1,1009,0.10,BRCA,107,667,1070,10.00,62.34,cBioPortal,,
DBIL5P,100131454,,,,BRCA,74,618,1070,6.92,57.76,cBioPortal,,
FAM86B2-DT,100506990,,,,BRCA,147,561,1070,13.74,52.43,cBioPortal,,
MIR4720,100616150,,,,BRCA,100,679,1070,9.35,63.46,cBioPortal,,
NAA38,84316,,,,BRCA,58,645,1070,5.42,60.28,cBioPortal,,
WWOX,51741,1,1009,0.10,BRCA,105,685,1070,9.81,64.02,cBioPortal,,
RPL26,6154,3,1009,0.30,BRCA,56,641,1070,5.23,59.91,cBioPortal,,
GFRA2,2675,4,1009,0.40,BRCA,147,570,1070,13.74,53.27,cBioPortal,,
MIR320A,407037,,,,BRCA,146,572,1070,13.64,53.46,cBioPortal,,
CNGB1,1258,7,1009,0.69,BRCA,107,647,1070,10.00,60.47,cBioPortal,,
PMFBP1,83449,14,1009,1.39,BRCA,105,666,1070,9.81,62.24,cBioPortal,,
CA7,766,1,1009,0.10,BRCA,98,664,1070,9.16,62.06,cBioPortal,,
NETO2,81831,2,1009,0.20,BRCA,177,561,1070,16.54,52.43,cBioPortal,,
RP11-115J16.1,157273,,,,BRCA,149,556,1070,13.93,51.96,cBioPortal,,
C8orf12,83656,,,,BRCA,148,556,1070,13.83,51.96,cBioPortal,,
LZTS1-AS1,100874051,,,,BRCA,145,568,1070,13.55,53.08,cBioPortal,,
IL17C,27189,,,,BRCA,109,681,1070,10.19,63.64,cBioPortal,,
MYBBP1A,10514,6,1009,0.59,BRCA,73,621,1070,6.82,58.04,cBioPortal,,
RABEP1,9135,9,1009,0.89,BRCA,67,626,1070,6.26,58.50,cBioPortal,No,No
MIR324,442898,,,,BRCA,54,649,1070,5.05,60.65,cBioPortal,,
DEFB106A,245909,,,,BRCA,150,561,1070,14.02,52.43,cBioPortal,,
XKR5,389610,2,1009,0.20,BRCA,148,558,1070,13.83,52.15,cBioPortal,,
MYH13,8735,17,1009,1.68,BRCA,53,641,1070,4.95,59.91,cBioPortal,,
XAF1,54739,2,1009,0.20,BRCA,55,644,1070,5.14,60.19,cBioPortal,,
FAM106A,80039,,,,BRCA,89,567,1070,8.32,52.99,cBioPortal,,
AGPAT5,55326,2,1009,0.20,BRCA,149,559,1070,13.93,52.24,cBioPortal,,
PSMB10,5699,,,,BRCA,96,670,1070,8.97,62.62,cBioPortal,,
BIN3,55909,,,,BRCA,144,579,1070,13.46,54.11,cBioPortal,,
KIF13B,23303,8,1009,0.79,BRCA,158,559,1070,14.77,52.24,cBioPortal,,
MIR3926-2,100500838,,,,BRCA,149,555,1070,13.93,51.87,cBioPortal,,
BEAN1-AS1,101927726,,,,BRCA,98,666,1070,9.16,62.24,cBioPortal,,
CTCF,10664,22,1009,2.18,BRCA,94,675,1070,8.79,63.08,cBioPortal,No,Yes
FTO,79068,4,1009,0.40,BRCA,155,598,1070,14.49,55.89,cBioPortal,,
TSR1,55720,7,1009,0.69,BRCA,75,614,1070,7.01,57.38,cBioPortal,,
MIR4659A,100616348,,,,BRCA,149,559,1070,13.93,52.24,cBioPortal,,
SNORD91A,692207,,,,BRCA,75,614,1070,7.01,57.38,cBioPortal,,
VAT1L,57687,1,1009,0.10,BRCA,106,674,1070,9.91,62.99,cBioPortal,,
LLGL1,3996,2,1009,0.20,BRCA,88,566,1070,8.22,52.90,cBioPortal,,
SCIMP,388325,,,,BRCA,67,624,1070,6.26,58.32,cBioPortal,,
DEFB136,613210,1,1009,0.10,BRCA,147,561,1070,13.74,52.43,cBioPortal,,
GAN,8139,3,1009,0.30,BRCA,99,680,1070,9.25,63.55,cBioPortal,,
ASAH1,427,,,,BRCA,154,556,1070,14.39,51.96,cBioPortal,,
FHOD1,29109,6,1009,0.59,BRCA,96,669,1070,8.97,62.52,cBioPortal,,
MIR4722,100616167,,,,BRCA,109,681,1070,10.19,63.64,cBioPortal,,
EXOC3L1,283849,2,1009,0.20,BRCA,97,669,1070,9.07,62.52,cBioPortal,,
CPNE7,27132,3,1009,0.30,BRCA,106,683,1070,9.91,63.83,cBioPortal,,
MT1IP,644314,,,,BRCA,121,635,1070,11.31,59.35,cBioPortal,,
FDFT1,2222,3,1009,0.30,BRCA,147,561,1070,13.74,52.43,cBioPortal,,
GPT2,84706,5,1009,0.50,BRCA,174,563,1070,16.26,52.62,cBioPortal,,
RCVRN,5957,2,1009,0.20,BRCA,54,646,1070,5.05,60.37,cBioPortal,,
SLC22A31,146429,,,,BRCA,109,681,1070,10.19,63.64,cBioPortal,,
POLR3D,661,2,1009,0.20,BRCA,146,572,1070,13.64,53.46,cBioPortal,,
ATP2A3,489,3,1009,0.30,BRCA,74,618,1070,6.92,57.76,cBioPortal,,
CRK,1398,1,1009,0.10,BRCA,74,614,1070,6.92,57.38,cBioPortal,,
SERPINF1,5176,4,1009,0.40,BRCA,70,619,1070,6.54,57.85,cBioPortal,,
SPAG11B,10407,,,,BRCA,150,561,1070,14.02,52.43,cBioPortal,,
CNOT7,29883,,,,BRCA,147,563,1070,13.74,52.62,cBioPortal,,
LOC392196,392196,,,,BRCA,147,561,1070,13.74,52.43,cBioPortal,,
PITPNM3,83394,2,1009,0.20,BRCA,57,640,1070,5.33,59.81,cBioPortal,,
GNAO1-AS1,26077,,,,BRCA,120,633,1070,11.21,59.16,cBioPortal,,
TCF25,22980,3,1009,0.30,BRCA,106,683,1070,9.91,63.83,cBioPortal,,
GLTPD2,388323,1,1009,0.10,BRCA,72,619,1070,6.73,57.85,cBioPortal,,
SAT2,112483,2,1009,0.20,BRCA,54,650,1070,5.05,60.75,cBioPortal,,
TNFRSF13B,23495,1,1009,0.10,BRCA,78,592,1070,7.29,55.33,cBioPortal,,
LINC00919,100505619,,,,BRCA,145,596,1070,13.55,55.70,cBioPortal,,
MYH2,4620,10,1009,0.99,BRCA,53,640,1070,4.95,59.81,cBioPortal,,
MED31,51003,,,,BRCA,55,641,1070,5.14,59.91,cBioPortal,,
ZNF287,57336,3,1009,0.30,BRCA,73,603,1070,6.82,56.36,cBioPortal,,
hsa-mir-548v,,,,,BRCA,153,556,1070,14.30,51.96,cBioPortal,,
ACADVL,37,3,1009,0.30,BRCA,54,649,1070,5.05,60.65,cBioPortal,,
HS3ST3B1,9953,,,,BRCA,58,625,1070,5.42,58.41,cBioPortal,,
NAT1,9,2,1009,0.20,BRCA,155,556,1070,14.49,51.96,cBioPortal,,
MYOCD-AS1,101928418,,,,BRCA,55,636,1070,5.14,59.44,cBioPortal,,
FOXF1,2294,,,,BRCA,103,680,1070,9.63,63.55,cBioPortal,Yes,Yes
MT1DP,326343,,,,BRCA,121,636,1070,11.31,59.44,cBioPortal,,
GLG1,2734,9,1009,0.89,BRCA,108,662,1070,10.09,61.87,cBioPortal,,
CDRT4,284040,2,1009,0.20,BRCA,58,625,1070,5.42,58.41,cBioPortal,,
ZNF778,197320,4,1009,0.40,BRCA,109,681,1070,10.19,63.64,cBioPortal,,
GEMIN4,50628,5,1009,0.50,BRCA,74,618,1070,6.92,57.76,cBioPortal,,
CRNDE,643911,,,,BRCA,142,599,1070,13.27,55.98,cBioPortal,,
MEIS3P1,4213,,,,BRCA,62,622,1070,5.79,58.13,cBioPortal,,
ZNF18,7566,2,1009,0.20,BRCA,55,640,1070,5.14,59.81,cBioPortal,,
MIR195,406971,,,,BRCA,53,651,1070,4.95,60.84,cBioPortal,,
WRAP53,55135,3,1009,0.30,BRCA,53,652,1070,4.95,60.93,cBioPortal,,
PDPR,55066,7,1009,0.69,BRCA,104,660,1070,9.72,61.68,cBioPortal,,
USP6,9098,7,1009,0.69,BRCA,68,624,1070,6.36,58.32,cBioPortal,Yes,No
MIR3622A,100500858,,,,BRCA,156,560,1070,14.58,52.34,cBioPortal,,
SPDYE4,388333,3,1009,0.30,BRCA,58,642,1070,5.42,60.00,cBioPortal,,
ADAMDEC1,27299,4,1009,0.40,BRCA,149,573,1070,13.93,53.55,cBioPortal,,
MIR1322,100302166,,,,BRCA,150,554,1070,14.02,51.78,cBioPortal,,
MT1X,4501,,,,BRCA,122,634,1070,11.40,59.25,cBioPortal,,
OSGIN1,29948,2,1009,0.20,BRCA,98,686,1070,9.16,64.11,cBioPortal,,
LOC728392,728392,,,,BRCA,64,627,1070,5.98,58.60,cBioPortal,,
C17orf100,388327,,,,BRCA,55,641,1070,5.14,59.91,cBioPortal,,
CDH13,1012,6,1009,0.59,BRCA,100,685,1070,9.35,64.02,cBioPortal,,
DEFA11P,724068,,,,BRCA,150,561,1070,14.02,52.43,cBioPortal,,
COTL1,23406,2,1009,0.20,BRCA,102,686,1070,9.53,64.11,cBioPortal,,
ELMO3,79767,1,1009,0.10,BRCA,97,668,1070,9.07,62.43,cBioPortal,,
PRMT7,54496,2,1009,0.20,BRCA,106,666,1070,9.91,62.24,cBioPortal,,
CMTM1,113540,,,,BRCA,97,665,1070,9.07,62.15,cBioPortal,,
PPP2R2A,5520,2,1009,0.20,BRCA,147,573,1070,13.74,53.55,cBioPortal,No,Yes
HSALR1,100289580,,,,BRCA,109,681,1070,10.19,63.64,cBioPortal,,
AMFR,267,,,,BRCA,120,636,1070,11.21,59.44,cBioPortal,,
SLC7A2,6542,2,1009,0.20,BRCA,151,560,1070,14.11,52.34,cBioPortal,,
NXN,64359,4,1009,0.40,BRCA,74,618,1070,6.92,57.76,cBioPortal,,
MYO1C,4641,6,1009,0.59,BRCA,71,616,1070,6.64,57.57,cBioPortal,,
MIR33B,693120,,,,BRCA,81,579,1070,7.57,54.11,cBioPortal,,
TAF1C,9013,4,1009,0.40,BRCA,102,686,1070,9.53,64.11,cBioPortal,,
BRD7,29117,7,1009,0.69,BRCA,147,592,1070,13.74,55.33,cBioPortal,,
C16orf46,123775,1,1009,0.10,BRCA,98,680,1070,9.16,63.55,cBioPortal,,
NUDT7,283927,3,1009,0.30,BRCA,104,675,1070,9.72,63.08,cBioPortal,,
MIR6876,102465527,,,,BRCA,144,574,1070,13.46,53.64,cBioPortal,,
MIR1910,100302261,,,,BRCA,103,682,1070,9.63,63.74,cBioPortal,,
WWP2,11060,13,1009,1.29,BRCA,108,658,1070,10.09,61.50,cBioPortal,,
DEFA1,1667,,,,BRCA,150,561,1070,14.02,52.43,cBioPortal,,
OR1D2,4991,1,1009,0.10,BRCA,68,619,1070,6.36,57.85,cBioPortal,,
DOC2B,8447,,,,BRCA,74,618,1070,6.92,57.76,cBioPortal,,
MPRIP,23164,3,1009,0.30,BRCA,82,588,1070,7.66,54.95,cBioPortal,,
VAC14-AS1,100130894,,,,BRCA,102,661,1070,9.53,61.78,cBioPortal,,
CHST5,23563,2,1009,0.20,BRCA,108,667,1070,10.09,62.34,cBioPortal,,
TLCD2,727910,,,,BRCA,70,618,1070,6.54,57.76,cBioPortal,,
ESRP2,80004,6,1009,0.59,BRCA,104,667,1070,9.72,62.34,cBioPortal,,
HERPUD1,9709,3,1009,0.30,BRCA,118,638,1070,11.03,59.63,cBioPortal,No,No
LINC00599,157627,,,,BRCA,150,556,1070,14.02,51.96,cBioPortal,,
LINC02192,100507534,,,,BRCA,176,561,1070,16.45,52.43,cBioPortal,,
CYBA,1535,,,,BRCA,109,681,1070,10.19,63.64,cBioPortal,,
FAM86B1,85002,2,1009,0.20,BRCA,147,561,1070,13.74,52.43,cBioPortal,,
hsa-mir-548h-4,,,,,BRCA,151,569,1070,14.11,53.18,cBioPortal,,
SPAG7,9552,1,1009,0.10,BRCA,71,620,1070,6.64,57.94,cBioPortal,,
CDYL2,124359,3,1009,0.30,BRCA,96,682,1070,8.97,63.74,cBioPortal,,
MIR22HG,84981,,,,BRCA,70,618,1070,6.54,57.76,cBioPortal,,
HS3ST3A1,9955,2,1009,0.20,BRCA,53,631,1070,4.95,58.97,cBioPortal,,
SLC25A11,8402,1,1009,0.10,BRCA,72,619,1070,6.73,57.85,cBioPortal,,
PKD1L2,114780,14,1009,1.39,BRCA,98,680,1070,9.16,63.55,cBioPortal,,
MIR383,494332,,,,BRCA,147,563,1070,13.74,52.62,cBioPortal,,
DDX19A-DT,100506083,,,,BRCA,104,660,1070,9.72,61.68,cBioPortal,,
DVL2,1856,3,1009,0.30,BRCA,54,649,1070,5.05,60.65,cBioPortal,,
CDRT7,94150,,,,BRCA,58,625,1070,5.42,58.41,cBioPortal,,
TRPV2,51393,8,1009,0.79,BRCA,73,607,1070,6.82,56.73,cBioPortal,,
ZNF23,7571,4,1009,0.40,BRCA,105,659,1070,9.81,61.59,cBioPortal,,
hsa-mir-4286,,,,,BRCA,150,555,1070,14.02,51.87,cBioPortal,,
C17orf97,400566,2,1009,0.20,BRCA,74,618,1070,6.92,57.76,cBioPortal,,
DEFB107A,245910,,,,BRCA,150,561,1070,14.02,52.43,cBioPortal,,
MT1A,4489,,,,BRCA,120,637,1070,11.21,59.53,cBioPortal,,
LOC649352,649352,,,,BRCA,147,561,1070,13.74,52.43,cBioPortal,,
INCA1,388324,1,1009,0.10,BRCA,70,621,1070,6.54,58.04,cBioPortal,,
PITPNA,5306,,,,BRCA,69,617,1070,6.45,57.66,cBioPortal,,
TBC1D28,254272,4,1009,0.40,BRCA,89,567,1070,8.32,52.99,cBioPortal,,
RPGRIP1L,23322,10,1009,0.99,BRCA,149,597,1070,13.93,55.79,cBioPortal,,
MTSS1L,92154,,,,BRCA,104,657,1070,9.72,61.40,cBioPortal,,
CCL17,6361,1,1009,0.10,BRCA,114,639,1070,10.65,59.72,cBioPortal,,
MIR7854,102465840,,,,BRCA,100,679,1070,9.35,63.46,cBioPortal,,
KIAA1456,57604,,,,BRCA,150,555,1070,14.02,51.87,cBioPortal,,
NLRC5,84166,14,1009,1.39,BRCA,119,640,1070,11.12,59.81,cBioPortal,,
ALKBH5,54890,5,1009,0.50,BRCA,89,565,1070,8.32,52.80,cBioPortal,,
ZCCHC14,23174,2,1009,0.20,BRCA,102,684,1070,9.53,63.93,cBioPortal,,
RNASEK,440400,1,1009,0.10,BRCA,54,650,1070,5.05,60.75,cBioPortal,,
CCDC102A,92922,1,1009,0.10,BRCA,113,640,1070,10.56,59.81,cBioPortal,,
MT4,84560,1,1009,0.10,BRCA,121,637,1070,11.31,59.53,cBioPortal,,
GUCY2D,3000,4,1009,0.40,BRCA,56,646,1070,5.23,60.37,cBioPortal,,
LONP2,83752,6,1009,0.59,BRCA,175,567,1070,16.36,52.99,cBioPortal,,
OR3A1,4994,5,1009,0.50,BRCA,71,616,1070,6.64,57.57,cBioPortal,,
WSCD1,23302,2,1009,0.20,BRCA,62,635,1070,5.79,59.35,cBioPortal,,
LINC02135,146513,,,,BRCA,103,681,1070,9.63,63.64,cBioPortal,,
SLC12A4,6560,3,1009,0.30,BRCA,98,668,1070,9.16,62.43,cBioPortal,,
TNFRSF10B-AS1,286059,,,,BRCA,143,581,1070,13.36,54.30,cBioPortal,,
OR3A2,4995,2,1009,0.20,BRCA,71,616,1070,6.64,57.57,cBioPortal,,
PITPNA-AS1,100306951,,,,BRCA,71,615,1070,6.64,57.48,cBioPortal,,
MYH3,4621,8,1009,0.79,BRCA,54,639,1070,5.05,59.72,cBioPortal,,
TMEM256-PLSCR3,100529211,2,1009,0.20,BRCA,54,648,1070,5.05,60.56,cBioPortal,,
LOC388282,388282,,,,BRCA,106,648,1070,9.91,60.56,cBioPortal,,
KIAA0753,9851,3,1009,0.30,BRCA,56,640,1070,5.23,59.81,cBioPortal,,
LZTS1,11178,5,1009,0.50,BRCA,144,569,1070,13.46,53.18,cBioPortal,,
MIR5189,100847057,,,,BRCA,109,681,1070,10.19,63.64,cBioPortal,,
GPS2,2874,12,1009,1.19,BRCA,54,648,1070,5.05,60.56,cBioPortal,No,Yes
ARRB2,409,1,1009,0.10,BRCA,71,622,1070,6.64,58.13,cBioPortal,,
ACAP1,9744,4,1009,0.40,BRCA,54,648,1070,5.05,60.56,cBioPortal,,
PELP1,27043,4,1009,0.40,BRCA,73,620,1070,6.82,57.94,cBioPortal,,
HES7,84667,,,,BRCA,56,645,1070,5.23,60.28,cBioPortal,,
NUDT21,11051,1,1009,0.10,BRCA,119,636,1070,11.12,59.44,cBioPortal,,
NFAT5,10725,8,1009,0.79,BRCA,107,660,1070,10.00,61.68,cBioPortal,,
FGF17,8822,,,,BRCA,146,572,1070,13.64,53.46,cBioPortal,,
EGR3,1960,4,1009,0.40,BRCA,145,578,1070,13.55,54.02,cBioPortal,,
SLC35G5,83650,1,1009,0.10,BRCA,147,555,1070,13.74,51.87,cBioPortal,,
PDP2,57546,3,1009,0.30,BRCA,97,665,1070,9.07,62.15,cBioPortal,,
TUSC3,7991,3,1009,0.30,BRCA,150,560,1070,14.02,52.34,cBioPortal,No,No
MIR6777,102465466,,,,BRCA,81,579,1070,7.57,54.11,cBioPortal,,
AGRP,181,,,,BRCA,94,673,1070,8.79,62.90,cBioPortal,,
MT1JP,4498,,,,BRCA,120,637,1070,11.21,59.53,cBioPortal,,
LINC00324,284029,,,,BRCA,56,644,1070,5.23,60.19,cBioPortal,,
VPS53,55275,8,1009,0.79,BRCA,74,618,1070,6.92,57.76,cBioPortal,,
LOXL2-AS1,100507156,,,,BRCA,145,579,1070,13.55,54.11,cBioPortal,,
PHF23,79142,3,1009,0.30,BRCA,54,649,1070,5.05,60.65,cBioPortal,,
GPR56,9289,,,,BRCA,113,641,1070,10.56,59.91,cBioPortal,,
HSD17B2,3294,4,1009,0.40,BRCA,99,680,1070,9.25,63.55,cBioPortal,No,Yes
SLC2A4,6517,2,1009,0.20,BRCA,54,649,1070,5.05,60.65,cBioPortal,,
MIR597,693182,,,,BRCA,150,555,1070,14.02,51.87,cBioPortal,,
ADCY7,113,11,1009,1.09,BRCA,143,597,1070,13.36,55.79,cBioPortal,,
SNX20,124460,1,1009,0.10,BRCA,147,594,1070,13.74,55.51,cBioPortal,,
FA2H,79152,,,,BRCA,108,663,1070,10.09,61.96,cBioPortal,,
MIR4719,100616172,,,,BRCA,99,673,1070,9.25,62.90,cBioPortal,,
CKLF,51192,3,1009,0.30,BRCA,97,665,1070,9.07,62.15,cBioPortal,,
E2F4,1874,4,1009,0.40,BRCA,97,668,1070,9.07,62.43,cBioPortal,,
MIR1972-1,100302243,,,,BRCA,104,660,1070,9.72,61.68,cBioPortal,,
SNAI3-AS1,197187,,,,BRCA,109,681,1070,10.19,63.64,cBioPortal,,
AURKB,9212,2,1009,0.20,BRCA,56,644,1070,5.23,60.19,cBioPortal,Yes,No
THAP11,57215,1,1009,0.10,BRCA,96,671,1070,8.97,62.71,cBioPortal,,
PIWIL2,55124,10,1009,0.99,BRCA,147,574,1070,13.74,53.64,cBioPortal,,
FAM86B3P,286042,,,,BRCA,150,561,1070,14.02,52.43,cBioPortal,,
ALOXE3,59344,8,1009,0.79,BRCA,56,645,1070,5.23,60.28,cBioPortal,,
C1QBP,708,,,,BRCA,63,628,1070,5.89,58.69,cBioPortal,,
ALOX15,246,4,1009,0.40,BRCA,72,621,1070,6.73,58.04,cBioPortal,,
SREBF1,6720,4,1009,0.40,BRCA,81,579,1070,7.57,54.11,cBioPortal,,
TM4SF5,9032,,,,BRCA,72,619,1070,6.73,57.85,cBioPortal,,
PHYHIP,9796,2,1009,0.20,BRCA,146,572,1070,13.64,53.46,cBioPortal,,
CHMP1A,5119,1,1009,0.10,BRCA,106,683,1070,9.91,63.83,cBioPortal,,
CCDC79,283847,,,,BRCA,98,665,1070,9.16,62.15,cBioPortal,,
TRADD,8717,1,1009,0.10,BRCA,97,669,1070,9.07,62.52,cBioPortal,,
HPR,3250,2,1009,0.20,BRCA,105,666,1070,9.81,62.24,cBioPortal,,
SMCR8,140775,5,1009,0.50,BRCA,87,566,1070,8.13,52.90,cBioPortal,,
DDX28,55794,1,1009,0.10,BRCA,99,667,1070,9.25,62.34,cBioPortal,,
GLP2R,9340,3,1009,0.30,BRCA,54,647,1070,5.05,60.47,cBioPortal,,
DEFB104A,140596,,,,BRCA,150,561,1070,14.02,52.43,cBioPortal,,
FGL1,2267,2,1009,0.20,BRCA,152,557,1070,14.21,52.06,cBioPortal,,
OR3A3,8392,1,1009,0.10,BRCA,70,618,1070,6.54,57.76,cBioPortal,,
NEURL4,84461,6,1009,0.59,BRCA,54,648,1070,5.05,60.56,cBioPortal,,
YWHAE,7531,,,,BRCA,75,618,1070,7.01,57.76,cBioPortal,No,No
CNEP1R1,255919,1,1009,0.10,BRCA,146,594,1070,13.64,55.51,cBioPortal,,
SNORD10,652966,,,,BRCA,52,651,1070,4.86,60.84,cBioPortal,,
ZNF286B,729288,5,1009,0.50,BRCA,90,567,1070,8.41,52.99,cBioPortal,,
CDH8,1006,12,1009,1.19,BRCA,102,656,1070,9.53,61.31,cBioPortal,,
MPHOSPH10P1,643802,,,,BRCA,148,597,1070,13.83,55.79,cBioPortal,,
INTS10,55174,4,1009,0.40,BRCA,146,562,1070,13.64,52.52,cBioPortal,,
MIR6504,102465251,,,,BRCA,100,679,1070,9.35,63.46,cBioPortal,,
KRT16P2,400578,,,,BRCA,76,598,1070,7.10,55.89,cBioPortal,,
PNOC,5368,,,,BRCA,150,563,1070,14.02,52.62,cBioPortal,,
APOOP5,644649,,,,BRCA,101,656,1070,9.44,61.31,cBioPortal,,
TNFSF13,8741,,,,BRCA,53,650,1070,4.95,60.75,cBioPortal,Yes,No
VPS4A,27183,4,1009,0.40,BRCA,104,663,1070,9.72,61.96,cBioPortal,,
TVP23C-CDRT4,100533496,,,,BRCA,58,625,1070,5.42,58.41,cBioPortal,,
MIR212,406994,,,,BRCA,72,617,1070,6.73,57.66,cBioPortal,,
DNAH9,1770,32,1009,3.17,BRCA,57,641,1070,5.33,59.91,cBioPortal,,
PRAG1,157285,,,,BRCA,150,561,1070,14.02,52.43,cBioPortal,,
MIR124-1,406907,,,,BRCA,150,556,1070,14.02,51.96,cBioPortal,,
PEBP4,157310,,,,BRCA,146,579,1070,13.64,54.11,cBioPortal,,
ZNF395,55893,2,1009,0.20,BRCA,153,560,1070,14.30,52.34,cBioPortal,,
SMCR9,140776,,,,BRCA,84,582,1070,7.85,54.39,cBioPortal,,
PFAS,5198,4,1009,0.40,BRCA,56,644,1070,5.23,60.19,cBioPortal,,
TAT,6898,4,1009,0.40,BRCA,103,661,1070,9.63,61.78,cBioPortal,,
CIAPIN1,57019,2,1009,0.20,BRCA,114,639,1070,10.65,59.72,cBioPortal,,
ZC3H18,124245,4,1009,0.40,BRCA,109,681,1070,10.19,63.64,cBioPortal,,
SLC16A11,162515,,,,BRCA,53,650,1070,4.95,60.75,cBioPortal,,
LOC100505942,100505942,,,,BRCA,93,675,1070,8.69,63.08,cBioPortal,,
SNAI3,333929,4,1009,0.40,BRCA,109,681,1070,10.19,63.64,cBioPortal,,
BCMO1,53630,,,,BRCA,99,680,1070,9.25,63.55,cBioPortal,,
TK2,7084,,,,BRCA,97,667,1070,9.07,62.34,cBioPortal,,
CNTROB,116840,7,1009,0.69,BRCA,58,645,1070,5.42,60.28,cBioPortal,,
HSDL1,83693,,,,BRCA,101,685,1070,9.44,64.02,cBioPortal,,
CIRH1A,84916,,,,BRCA,100,665,1070,9.35,62.15,cBioPortal,,
CHST4,10164,2,1009,0.20,BRCA,104,659,1070,9.72,61.59,cBioPortal,,
CRISPLD2,83716,2,1009,0.20,BRCA,104,685,1070,9.72,64.02,cBioPortal,,
CCAR2,57805,5,1009,0.50,BRCA,144,578,1070,13.46,54.02,cBioPortal,,
EFNB3,1949,2,1009,0.20,BRCA,53,652,1070,4.95,60.93,cBioPortal,,
DEFA8P,449491,,,,BRCA,147,560,1070,13.74,52.34,cBioPortal,,
DPEP3,64180,4,1009,0.40,BRCA,98,667,1070,9.16,62.34,cBioPortal,,
SLC13A5,284111,3,1009,0.30,BRCA,55,643,1070,5.14,60.09,cBioPortal,,
MIR6865,102465522,,,,BRCA,71,620,1070,6.64,57.94,cBioPortal,,
LINC00920,100505865,,,,BRCA,98,666,1070,9.16,62.24,cBioPortal,,
RP11-85B7.2,101928266,,,,BRCA,55,645,1070,5.14,60.28,cBioPortal,,
PHLPP2,23035,7,1009,0.69,BRCA,104,661,1070,9.72,61.78,cBioPortal,No,Yes
TBC1D26,353149,1,1009,0.10,BRCA,61,622,1070,5.70,58.13,cBioPortal,,
LRRC29,26231,1,1009,0.10,BRCA,97,668,1070,9.07,62.43,cBioPortal,,
DNAAF1,123872,3,1009,0.30,BRCA,102,687,1070,9.53,64.21,cBioPortal,,
VPS35,55737,4,1009,0.40,BRCA,168,567,1070,15.70,52.99,cBioPortal,,
ST3GAL2,6483,2,1009,0.20,BRCA,103,660,1070,9.63,61.68,cBioPortal,,
ENTPD4,9583,3,1009,0.30,BRCA,145,579,1070,13.55,54.11,cBioPortal,,
CDH15,1013,4,1009,0.40,BRCA,109,681,1070,10.19,63.64,cBioPortal,,
FAM92B,339145,,,,BRCA,103,686,1070,9.63,64.11,cBioPortal,,
PKD1L3,342372,,,,BRCA,104,665,1070,9.72,62.15,cBioPortal,,
CYB5D1,124637,1,1009,0.10,BRCA,58,645,1070,5.42,60.28,cBioPortal,,
BCAR1,9564,6,1009,0.59,BRCA,109,667,1070,10.19,62.34,cBioPortal,,
DEFB105A,245908,,,,BRCA,150,561,1070,14.02,52.43,cBioPortal,,
MIR6864,102465521,,,,BRCA,71,620,1070,6.64,57.94,cBioPortal,,
KLHL36,79786,,,,BRCA,102,686,1070,9.53,64.11,cBioPortal,,
SPATA33,124045,,,,BRCA,106,683,1070,9.91,63.83,cBioPortal,,
ADAM7,8756,3,1009,0.30,BRCA,149,573,1070,13.93,53.55,cBioPortal,,
MFSD6L,162387,1,1009,0.10,BRCA,58,642,1070,5.42,60.00,cBioPortal,,
DOK2,9046,4,1009,0.40,BRCA,147,569,1070,13.74,53.18,cBioPortal,,
DEFB130,245940,,,,BRCA,147,561,1070,13.74,52.43,cBioPortal,,
TNFSF12-TNFSF13,407977,1,1009,0.10,BRCA,53,650,1070,4.95,60.75,cBioPortal,,
DEFB134,613211,,,,BRCA,147,561,1070,13.74,52.43,cBioPortal,,
LOC100128288,100128288,,,,BRCA,55,642,1070,5.14,60.00,cBioPortal,,
BNIP3L,665,1,1009,0.10,BRCA,149,571,1070,13.93,53.36,cBioPortal,,
TXNL4B,54957,,,,BRCA,105,666,1070,9.81,62.24,cBioPortal,,
SNORD65,692106,,,,BRCA,73,605,1070,6.82,56.54,cBioPortal,,
SFTPC,6440,3,1009,0.30,BRCA,147,573,1070,13.74,53.55,cBioPortal,,
NPAP1L,729159,,,,BRCA,100,655,1070,9.35,61.21,cBioPortal,,
DEFB1,1672,1,1009,0.10,BRCA,148,558,1070,13.83,52.15,cBioPortal,,
DEFB135,613209,,,,BRCA,147,561,1070,13.74,52.43,cBioPortal,,
MIR4288,100422903,,,,BRCA,155,559,1070,14.49,52.24,cBioPortal,,
ATPAF2,91647,,,,BRCA,85,573,1070,7.94,53.55,cBioPortal,,
CDRT15,146822,3,1009,0.30,BRCA,58,625,1070,5.42,58.41,cBioPortal,,
NDRG4,65009,3,1009,0.30,BRCA,103,653,1070,9.63,61.03,cBioPortal,,
LOC100287036,100287036,,,,BRCA,106,683,1070,9.91,63.83,cBioPortal,,
TNK1,8711,1,1009,0.10,BRCA,54,648,1070,5.05,60.56,cBioPortal,,
LINC00670,284034,,,,BRCA,57,636,1070,5.33,59.44,cBioPortal,,
MTMR9,66036,4,1009,0.40,BRCA,146,557,1070,13.64,52.06,cBioPortal,,
SLC25A35,399512,,,,BRCA,56,643,1070,5.23,60.09,cBioPortal,,
MVD,4597,,,,BRCA,109,681,1070,10.19,63.64,cBioPortal,,
KDM6B,23135,4,1009,0.40,BRCA,57,646,1070,5.33,60.37,cBioPortal,,
CX3CL1,6376,2,1009,0.20,BRCA,115,638,1070,10.75,59.63,cBioPortal,,
CTRL,1506,1,1009,0.10,BRCA,96,670,1070,8.97,62.62,cBioPortal,,
SPG7,6687,5,1009,0.50,BRCA,106,683,1070,9.91,63.83,cBioPortal,,
LGI3,203190,2,1009,0.20,BRCA,147,572,1070,13.74,53.46,cBioPortal,,
ZZEF1,23140,12,1009,1.19,BRCA,74,619,1070,6.92,57.85,cBioPortal,,
CETP,1071,3,1009,0.30,BRCA,119,637,1070,11.12,59.53,cBioPortal,,
C16orf3,750,,,,BRCA,106,683,1070,9.91,63.83,cBioPortal,,
MBTPS1,8720,6,1009,0.59,BRCA,101,685,1070,9.44,64.02,cBioPortal,,
UBE2G1,7326,2,1009,0.20,BRCA,73,622,1070,6.82,58.13,cBioPortal,,
CES1P1,51716,,,,BRCA,130,620,1070,12.15,57.94,cBioPortal,,
ZFP1,162239,,,,BRCA,109,666,1070,10.19,62.24,cBioPortal,,
COQ9,57017,,,,BRCA,115,637,1070,10.75,59.53,cBioPortal,,
FBXO31,79791,2,1009,0.20,BRCA,103,684,1070,9.63,63.93,cBioPortal,No,No
ENO3,2027,3,1009,0.30,BRCA,71,620,1070,6.64,57.94,cBioPortal,,
KRT17P5,339240,,,,BRCA,89,567,1070,8.32,52.99,cBioPortal,,
MIR548AE2,100616339,,,,BRCA,175,567,1070,16.36,52.99,cBioPortal,,
SGCZ,137868,2,1009,0.20,BRCA,151,562,1070,14.11,52.52,cBioPortal,,
HSD11B2,3291,,,,BRCA,96,671,1070,8.97,62.71,cBioPortal,,
LOC100129617,100129617,,,,BRCA,101,680,1070,9.44,63.55,cBioPortal,,
TVP23B,51030,,,,BRCA,90,562,1070,8.41,52.52,cBioPortal,,
C16orf47,463,,,,BRCA,100,668,1070,9.35,62.43,cBioPortal,,
LCAT,3931,2,1009,0.20,BRCA,97,669,1070,9.07,62.52,cBioPortal,,
HAS3,3038,1,1009,0.10,BRCA,100,665,1070,9.35,62.15,cBioPortal,,
SLC52A1,55065,1,1009,0.10,BRCA,69,622,1070,6.45,58.13,cBioPortal,,
CHD9,80205,18,1009,1.78,BRCA,151,595,1070,14.11,55.61,cBioPortal,,
RP11-1080G15.1,100128993,,,,BRCA,150,557,1070,14.02,52.06,cBioPortal,,
ASPA,443,4,1009,0.40,BRCA,70,618,1070,6.54,57.76,cBioPortal,,
LOC101927839,101927839,,,,BRCA,72,617,1070,6.73,57.66,cBioPortal,,
FAM96B,51647,,,,BRCA,96,666,1070,8.97,62.24,cBioPortal,,
BMP1,649,3,1009,0.30,BRCA,147,571,1070,13.74,53.36,cBioPortal,,
DYNC1LI2,1783,4,1009,0.40,BRCA,98,665,1070,9.16,62.15,cBioPortal,,
MGC12916,84815,,,,BRCA,58,625,1070,5.42,58.41,cBioPortal,,
SMG6,23293,6,1009,0.59,BRCA,77,615,1070,7.20,57.48,cBioPortal,,
EIF4A1,1973,4,1009,0.40,BRCA,52,651,1070,4.86,60.84,cBioPortal,,
PLCG2,5336,11,1009,1.09,BRCA,100,681,1070,9.35,63.64,cBioPortal,Yes,No
TNFRSF10C,8794,1,1009,0.10,BRCA,143,581,1070,13.36,54.30,cBioPortal,,
MARVELD3,91862,,,,BRCA,103,661,1070,9.63,61.78,cBioPortal,,
CENPT,80152,1,1009,0.10,BRCA,96,671,1070,8.97,62.71,cBioPortal,,
FAM64A,54478,,,,BRCA,57,639,1070,5.33,59.72,cBioPortal,,
PIRT,644139,2,1009,0.20,BRCA,55,638,1070,5.14,59.63,cBioPortal,,
TLDC1,57707,,,,BRCA,102,686,1070,9.53,64.11,cBioPortal,,
LINC00681,101409254,,,,BRCA,149,556,1070,13.93,51.96,cBioPortal,,
GPR114,221188,,,,BRCA,113,641,1070,10.56,59.91,cBioPortal,,
GAS8,2622,4,1009,0.40,BRCA,106,683,1070,9.91,63.83,cBioPortal,,
XPO7,23039,10,1009,0.99,BRCA,146,570,1070,13.64,53.27,cBioPortal,,
C17orf107,100130311,,,,BRCA,71,619,1070,6.64,57.85,cBioPortal,,
TIMM22,29928,1,1009,0.10,BRCA,74,618,1070,6.92,57.76,cBioPortal,,
VPS9D1-AS1,100128881,,,,BRCA,106,683,1070,9.91,63.83,cBioPortal,,
FAM90A2P,729689,,,,BRCA,147,561,1070,13.74,52.43,cBioPortal,,
POLR2C,5432,1,1009,0.10,BRCA,115,637,1070,10.75,59.53,cBioPortal,,
DPEP2NB,100131303,,,,BRCA,99,667,1070,9.25,62.34,cBioPortal,,
STMN4,81551,3,1009,0.30,BRCA,152,565,1070,14.21,52.80,cBioPortal,,
LINC01568,100506172,,,,BRCA,99,668,1070,9.25,62.43,cBioPortal,,
TRIM35,23087,4,1009,0.40,BRCA,154,564,1070,14.39,52.71,cBioPortal,,
FAM90A25P,389633,,,,BRCA,147,561,1070,13.74,52.43,cBioPortal,,
ZFP90,146198,2,1009,0.20,BRCA,103,665,1070,9.63,62.15,cBioPortal,,
SERPINF2,5345,2,1009,0.20,BRCA,70,619,1070,6.54,57.85,cBioPortal,,
ATP6V0D1,9114,,,,BRCA,96,671,1070,8.97,62.71,cBioPortal,,
DEFB4A,1673,,,,BRCA,150,561,1070,14.02,52.43,cBioPortal,,
CDH1,999,130,1009,12.88,BRCA,102,663,1070,9.53,61.96,cBioPortal,No,Yes
FBXO39,162517,3,1009,0.30,BRCA,55,644,1070,5.14,60.19,cBioPortal,,
KCNG4,93107,5,1009,0.50,BRCA,102,686,1070,9.53,64.11,cBioPortal,,
MYOCD,93649,8,1009,0.79,BRCA,55,636,1070,5.14,59.44,cBioPortal,,
SLC16A13,201232,1,1009,0.10,BRCA,53,650,1070,4.95,60.75,cBioPortal,,
RANBP10,57610,2,1009,0.20,BRCA,96,673,1070,8.97,62.90,cBioPortal,,
TRPV3,162514,5,1009,0.50,BRCA,70,617,1070,6.54,57.66,cBioPortal,,
STC1,6781,3,1009,0.30,BRCA,147,574,1070,13.74,53.64,cBioPortal,,
TMEM220,388335,1,1009,0.10,BRCA,55,639,1070,5.14,59.72,cBioPortal,,
TMEM208,29100,,,,BRCA,96,669,1070,8.97,62.52,cBioPortal,,
FANCA,2175,10,1009,0.99,BRCA,106,683,1070,9.91,63.83,cBioPortal,No,Yes
KCNAB3,9196,2,1009,0.20,BRCA,58,645,1070,5.42,60.28,cBioPortal,,
MMP15,4324,5,1009,0.50,BRCA,104,650,1070,9.72,60.75,cBioPortal,,
FAM90A10P,441328,,,,BRCA,150,561,1070,14.02,52.43,cBioPortal,,
ALOX12P2,245,,,,BRCA,54,650,1070,5.05,60.75,cBioPortal,,
INTS9,55756,2,1009,0.20,BRCA,153,562,1070,14.30,52.52,cBioPortal,,
FAM167A,83648,3,1009,0.30,BRCA,148,556,1070,13.83,51.96,cBioPortal,,
FGF11,2256,2,1009,0.20,BRCA,54,647,1070,5.05,60.47,cBioPortal,,
CXCL16,58191,1,1009,0.10,BRCA,71,620,1070,6.64,57.94,cBioPortal,,
FXR2,9513,5,1009,0.50,BRCA,53,651,1070,4.95,60.84,cBioPortal,,
TERF2IP,54386,4,1009,0.40,BRCA,106,667,1070,9.91,62.34,cBioPortal,,
C17orf49,124944,1,1009,0.10,BRCA,53,651,1070,4.95,60.84,cBioPortal,,
GSG2,83903,,,,BRCA,70,619,1070,6.54,57.85,cBioPortal,,
NOD2,64127,3,1009,0.30,BRCA,146,594,1070,13.64,55.51,cBioPortal,,
CTRB1,1504,2,1009,0.20,BRCA,109,667,1070,10.19,62.34,cBioPortal,,
NQO1,1728,1,1009,0.10,BRCA,106,661,1070,9.91,61.78,cBioPortal,Yes,No
OR1A2,26189,5,1009,0.50,BRCA,71,616,1070,6.64,57.57,cBioPortal,,
C17orf59,54785,,,,BRCA,56,644,1070,5.23,60.19,cBioPortal,,
TNFRSF10A,8797,3,1009,0.30,BRCA,144,579,1070,13.46,54.11,cBioPortal,,
DEFT1P,170949,,,,BRCA,150,561,1070,14.02,52.43,cBioPortal,,
CMTM4,146223,,,,BRCA,97,666,1070,9.07,62.24,cBioPortal,,
TMEM102,284114,,,,BRCA,54,647,1070,5.05,60.47,cBioPortal,,
EPHX2,2053,2,1009,0.20,BRCA,159,559,1070,14.86,52.24,cBioPortal,,
PRSS54,221191,4,1009,0.40,BRCA,103,653,1070,9.63,61.03,cBioPortal,,
ATXN1L,342371,2,1009,0.20,BRCA,104,662,1070,9.72,61.87,cBioPortal,,
RNASEK-C17orf49,100529209,,,,BRCA,53,651,1070,4.95,60.84,cBioPortal,,
SLC25A37,51312,,,,BRCA,145,579,1070,13.55,54.11,cBioPortal,,
SLC7A6,9057,1,1009,0.10,BRCA,104,667,1070,9.72,62.34,cBioPortal,,
ATP6V1B2,526,2,1009,0.20,BRCA,145,568,1070,13.55,53.08,cBioPortal,No,Yes
FAM66B,100128890,,,,BRCA,150,561,1070,14.02,52.43,cBioPortal,,
RPH3AL,9501,2,1009,0.20,BRCA,74,618,1070,6.92,57.76,cBioPortal,,
P2RX1,5023,,,,BRCA,74,618,1070,6.92,57.76,cBioPortal,,
CTU2,348180,2,1009,0.20,BRCA,109,681,1070,10.19,63.64,cBioPortal,,
IST1,9798,1,1009,0.10,BRCA,103,663,1070,9.63,61.96,cBioPortal,,
PSKH1,5681,3,1009,0.30,BRCA,96,671,1070,8.97,62.71,cBioPortal,,
SNORA67,26781,,,,BRCA,52,651,1070,4.86,60.84,cBioPortal,,
LPCAT2,54947,5,1009,0.50,BRCA,131,615,1070,12.24,57.48,cBioPortal,,
MYH4,4622,18,1009,1.78,BRCA,53,640,1070,4.95,59.81,cBioPortal,,
FLJ35934,400579,,,,BRCA,89,567,1070,8.32,52.99,cBioPortal,,
TTC19,54902,3,1009,0.30,BRCA,63,622,1070,5.89,58.13,cBioPortal,,
CPNE2,221184,4,1009,0.40,BRCA,117,642,1070,10.93,60.00,cBioPortal,,
MNT,4335,3,1009,0.30,BRCA,76,613,1070,7.10,57.29,cBioPortal,,
NKX2-6,137814,2,1009,0.20,BRCA,146,578,1070,13.64,54.02,cBioPortal,,
HP,3240,,,,BRCA,105,666,1070,9.81,62.24,cBioPortal,,
SLC38A7,55238,6,1009,0.59,BRCA,101,653,1070,9.44,61.03,cBioPortal,,
PLD6,201164,2,1009,0.20,BRCA,82,588,1070,7.66,54.95,cBioPortal,,
USP43,124739,5,1009,0.50,BRCA,56,645,1070,5.23,60.28,cBioPortal,,
MIR8058,102465863,,,,BRCA,99,682,1070,9.25,63.74,cBioPortal,,
CFDP1,10428,1,1009,0.10,BRCA,110,666,1070,10.28,62.24,cBioPortal,,
TMEM231,79583,,,,BRCA,108,667,1070,10.09,62.34,cBioPortal,,
USP17L7,392197,,,,BRCA,147,561,1070,13.74,52.43,cBioPortal,,
CDRT1,374286,7,1009,0.69,BRCA,58,625,1070,5.42,58.41,cBioPortal,,
MIR4287,100422828,,,,BRCA,154,560,1070,14.39,52.34,cBioPortal,,
CES4A,283848,,,,BRCA,96,667,1070,8.97,62.34,cBioPortal,,
LINC02133,101927132,,,,BRCA,177,561,1070,16.54,52.43,cBioPortal,,
C16orf86,388284,2,1009,0.20,BRCA,94,675,1070,8.79,63.08,cBioPortal,,
ADPRM,56985,1,1009,0.10,BRCA,55,639,1070,5.14,59.72,cBioPortal,,
LOC284009,284009,,,,BRCA,76,614,1070,7.10,57.38,cBioPortal,,
DDX19B,11269,2,1009,0.20,BRCA,104,660,1070,9.72,61.68,cBioPortal,,
ZDHHC2,51201,1,1009,0.10,BRCA,146,565,1070,13.64,52.80,cBioPortal,,
NIP7,51388,2,1009,0.20,BRCA,104,663,1070,9.72,61.96,cBioPortal,,
PPP1R3B,79660,3,1009,0.30,BRCA,149,556,1070,13.93,51.96,cBioPortal,,
C16orf87,388272,3,1009,0.30,BRCA,170,566,1070,15.89,52.90,cBioPortal,,
RAI1,10743,5,1009,0.50,BRCA,85,579,1070,7.94,54.11,cBioPortal,,
ERI1,90459,,,,BRCA,150,555,1070,14.02,51.87,cBioPortal,,
MIR1972-2,100422922,,,,BRCA,104,660,1070,9.72,61.68,cBioPortal,,
EMC6,83460,,,,BRCA,71,618,1070,6.64,57.76,cBioPortal,,
CLUH,23277,8,1009,0.79,BRCA,72,615,1070,6.73,57.48,cBioPortal,,
APRT,353,,,,BRCA,109,681,1070,10.19,63.64,cBioPortal,,
CD68,968,6,1009,0.59,BRCA,52,651,1070,4.86,60.84,cBioPortal,,
LINC03093,101929172,,,,BRCA,143,570,1070,13.36,53.27,cBioPortal,,
SMYD4,114826,4,1009,0.40,BRCA,72,619,1070,6.73,57.85,cBioPortal,,
ELP3,55140,1,1009,0.10,BRCA,154,559,1070,14.39,52.24,cBioPortal,,
GCSH,2653,,,,BRCA,98,680,1070,9.16,63.55,cBioPortal,,
MIR6771,102465462,,,,BRCA,145,594,1070,13.55,55.51,cBioPortal,,
FBXW10,10517,9,1009,0.89,BRCA,90,565,1070,8.41,52.80,cBioPortal,,
CALB2,794,2,1009,0.20,BRCA,104,658,1070,9.72,61.50,cBioPortal,,
LOC100506281,100506281,,,,BRCA,109,667,1070,10.19,62.34,cBioPortal,,
SPIRE2,84501,2,1009,0.20,BRCA,106,683,1070,9.91,63.83,cBioPortal,,
MED9,55090,,,,BRCA,82,584,1070,7.66,54.58,cBioPortal,,
COPS3,8533,5,1009,0.50,BRCA,82,587,1070,7.66,54.86,cBioPortal,,
SCARA5,286133,4,1009,0.40,BRCA,155,560,1070,14.49,52.34,cBioPortal,,
AP1G1,164,6,1009,0.59,BRCA,104,662,1070,9.72,61.87,cBioPortal,,
MIR6772,102465463,,,,BRCA,106,647,1070,9.91,60.47,cBioPortal,,
ZNF286A,57335,5,1009,0.50,BRCA,61,622,1070,5.70,58.13,cBioPortal,,
HEATR3,55027,6,1009,0.59,BRCA,143,597,1070,13.36,55.79,cBioPortal,,
ELP5,23587,4,1009,0.40,BRCA,54,649,1070,5.05,60.65,cBioPortal,,
MT1B,4490,,,,BRCA,121,636,1070,11.31,59.44,cBioPortal,,
ACD,65057,1,1009,0.10,BRCA,94,675,1070,8.79,63.08,cBioPortal,,
PINX1,54984,4,1009,0.40,BRCA,150,555,1070,14.02,51.87,cBioPortal,,
C16orf80,29105,,,,BRCA,104,653,1070,9.72,61.03,cBioPortal,,
SMG1P7,100506060,,,,BRCA,103,660,1070,9.63,61.68,cBioPortal,,
GABARAP,11337,2,1009,0.20,BRCA,54,649,1070,5.05,60.65,cBioPortal,,
MIR22,407004,,,,BRCA,70,618,1070,6.54,57.76,cBioPortal,,
PRPSAP2,5636,4,1009,0.40,BRCA,93,560,1070,8.69,52.34,cBioPortal,,
MTHFSD,64779,2,1009,0.20,BRCA,103,681,1070,9.63,63.64,cBioPortal,,
FENDRR,400550,,,,BRCA,103,680,1070,9.63,63.55,cBioPortal,,
DEF8,54849,1,1009,0.10,BRCA,106,683,1070,9.91,63.83,cBioPortal,,
SHISA6,388336,3,1009,0.30,BRCA,55,643,1070,5.14,60.09,cBioPortal,,
ZMYND15,84225,4,1009,0.40,BRCA,71,620,1070,6.64,57.94,cBioPortal,,
PLEKHG4,25894,3,1009,0.30,BRCA,97,670,1070,9.07,62.62,cBioPortal,,
MYH10,4628,16,1009,1.59,BRCA,57,644,1070,5.33,60.19,cBioPortal,,
MFHAS1,9258,4,1009,0.40,BRCA,149,554,1070,13.93,51.78,cBioPortal,,
SHBG,6462,,,,BRCA,53,651,1070,4.95,60.84,cBioPortal,,
LINC00965,349196,,,,BRCA,150,561,1070,14.02,52.43,cBioPortal,,
P2RX5-TAX1BP3,100533970,,,,BRCA,71,618,1070,6.64,57.76,cBioPortal,,
REEP4,80346,3,1009,0.30,BRCA,146,573,1070,13.64,53.55,cBioPortal,,
TRIM16L,147166,2,1009,0.20,BRCA,90,565,1070,8.41,52.80,cBioPortal,,
LINC00304,283860,,,,BRCA,109,681,1070,10.19,63.64,cBioPortal,,
TRIM16,10626,2,1009,0.20,BRCA,58,628,1070,5.42,58.69,cBioPortal,,
SCARF1,8578,1,1009,0.10,BRCA,74,616,1070,6.92,57.57,cBioPortal,,
hsa-mir-3181,,,,,BRCA,148,592,1070,13.83,55.33,cBioPortal,,
RTN4RL1,146760,1,1009,0.10,BRCA,73,618,1070,6.82,57.76,cBioPortal,,
MIR1538,100302119,,,,BRCA,107,659,1070,10.00,61.59,cBioPortal,,
DEFB103A,414325,,,,BRCA,150,561,1070,14.02,52.43,cBioPortal,,
SNORA70D,100379141,,,,BRCA,104,661,1070,9.72,61.78,cBioPortal,,
CES1P2,390732,,,,BRCA,130,620,1070,12.15,57.94,cBioPortal,,
EVPLL,645027,,,,BRCA,89,568,1070,8.32,53.08,cBioPortal,,
MIR138-2,406930,,,,BRCA,121,634,1070,11.31,59.25,cBioPortal,,
MSRA,4482,1,1009,0.10,BRCA,151,556,1070,14.11,51.96,cBioPortal,,
SYCE1L,100130958,2,1009,0.20,BRCA,101,674,1070,9.44,62.99,cBioPortal,,
DNAJA2,10294,2,1009,0.20,BRCA,173,563,1070,16.17,52.62,cBioPortal,,
SPAG11A,653423,2,1009,0.20,BRCA,150,561,1070,14.02,52.43,cBioPortal,,
SLC18A1,6570,3,1009,0.30,BRCA,145,568,1070,13.55,53.08,cBioPortal,,
NUGGC,389643,2,1009,0.20,BRCA,156,558,1070,14.58,52.15,cBioPortal,,
NPM2,10361,,,,BRCA,145,571,1070,13.55,53.36,cBioPortal,,
CHST6,4166,,,,BRCA,109,666,1070,10.19,62.24,cBioPortal,,
ARHGEF15,22899,7,1009,0.69,BRCA,55,642,1070,5.14,60.00,cBioPortal,,
CBFB,865,25,1009,2.48,BRCA,95,669,1070,8.88,62.52,cBioPortal,No,Yes
CMTR2,55783,6,1009,0.59,BRCA,103,658,1070,9.63,61.50,cBioPortal,No,Yes
CLEC18B,497190,2,1009,0.20,BRCA,106,665,1070,9.91,62.15,cBioPortal,,
SLC7A5,8140,1,1009,0.10,BRCA,103,683,1070,9.63,63.83,cBioPortal,,
LINC01227,101928276,,,,BRCA,97,680,1070,9.07,63.55,cBioPortal,,
FBXL8,55336,1,1009,0.10,BRCA,97,669,1070,9.07,62.52,cBioPortal,,
TMEM88,92162,,,,BRCA,58,645,1070,5.42,60.28,cBioPortal,,
COG4,25839,2,1009,0.20,BRCA,107,658,1070,10.00,61.50,cBioPortal,,
ELAC2,60528,6,1009,0.59,BRCA,54,629,1070,5.05,58.79,cBioPortal,,
MIR598,693183,,,,BRCA,147,556,1070,13.74,51.96,cBioPortal,,
SHMT1,6470,1,1009,0.10,BRCA,87,566,1070,8.13,52.90,cBioPortal,,
LINC01081,101154687,,,,BRCA,103,681,1070,9.63,63.64,cBioPortal,,
SPATA22,84690,1,1009,0.10,BRCA,70,618,1070,6.54,57.76,cBioPortal,,
CAMTA2,23125,5,1009,0.50,BRCA,71,620,1070,6.64,57.94,cBioPortal,,
CNTNAP4,85445,9,1009,0.89,BRCA,105,669,1070,9.81,62.52,cBioPortal,,
NRN1L,123904,,,,BRCA,96,671,1070,8.97,62.71,cBioPortal,,
DEFA5,1670,,,,BRCA,150,561,1070,14.02,52.43,cBioPortal,,
CMIP,80790,2,1009,0.20,BRCA,102,680,1070,9.53,63.55,cBioPortal,,
BLK,640,4,1009,0.40,BRCA,147,558,1070,13.74,52.15,cBioPortal,,
MIR328,442901,,,,BRCA,97,668,1070,9.07,62.43,cBioPortal,,
RLTPR,146206,,,,BRCA,94,675,1070,8.79,63.08,cBioPortal,,
NTN1,9423,,,,BRCA,57,645,1070,5.33,60.28,cBioPortal,,
WFDC1,58189,,,,BRCA,102,686,1070,9.53,64.11,cBioPortal,,
NAT2,10,1,1009,0.10,BRCA,157,555,1070,14.67,51.87,cBioPortal,,
RHOBTB2,23221,5,1009,0.50,BRCA,145,580,1070,13.55,54.21,cBioPortal,,
AFG3L1P,172,,,,BRCA,106,683,1070,9.91,63.83,cBioPortal,,
SALL1,6299,14,1009,1.39,BRCA,150,587,1070,14.02,54.86,cBioPortal,,
NUTF2,10204,1,1009,0.10,BRCA,96,671,1070,8.97,62.71,cBioPortal,,
PRR23D2,100133251,,,,BRCA,150,561,1070,14.02,52.43,cBioPortal,,
ALOX12,239,7,1009,0.69,BRCA,54,650,1070,5.05,60.75,cBioPortal,,
RANGRF,29098,2,1009,0.20,BRCA,56,643,1070,5.23,60.09,cBioPortal,,
MIR4660,100616350,,,,BRCA,150,555,1070,14.02,51.87,cBioPortal,,
SHCBP1,79801,3,1009,0.30,BRCA,166,571,1070,15.51,53.36,cBioPortal,,
CASC16,643714,,,,BRCA,146,598,1070,13.64,55.89,cBioPortal,,
MIR3622B,100500871,,,,BRCA,156,560,1070,14.58,52.34,cBioPortal,,
C8orf74,203076,2,1009,0.20,BRCA,149,556,1070,13.93,51.96,cBioPortal,,
DOK4,55715,1,1009,0.10,BRCA,115,638,1070,10.75,59.63,cBioPortal,,
SNORA46,677827,,,,BRCA,102,654,1070,9.53,61.12,cBioPortal,,
MIR548I3,100302186,,,,BRCA,150,561,1070,14.02,52.43,cBioPortal,,
AKTIP,64400,3,1009,0.30,BRCA,145,598,1070,13.55,55.89,cBioPortal,,
PIEZO1,9780,11,1009,1.09,BRCA,109,681,1070,10.19,63.64,cBioPortal,,
IRX3,79191,2,1009,0.20,BRCA,147,596,1070,13.74,55.70,cBioPortal,,
MIR1253,100302208,,,,BRCA,72,616,1070,6.73,57.57,cBioPortal,,
B3GNT9,84752,1,1009,0.10,BRCA,97,669,1070,9.07,62.52,cBioPortal,,
CLEC3A,10143,1,1009,0.10,BRCA,103,676,1070,9.63,63.18,cBioPortal,,
DEFA3,1668,1,1009,0.10,BRCA,150,561,1070,14.02,52.43,cBioPortal,,
CMC2,56942,,,,BRCA,96,682,1070,8.97,63.74,cBioPortal,,
FAM211A-AS1,125144,,,,BRCA,73,605,1070,6.82,56.54,cBioPortal,,
SETD6,79918,1,1009,0.10,BRCA,102,654,1070,9.53,61.12,cBioPortal,No,No
NOB1,28987,3,1009,0.30,BRCA,106,661,1070,9.91,61.78,cBioPortal,,
JPH3,57338,1,1009,0.10,BRCA,101,685,1070,9.44,64.02,cBioPortal,,
LOXL2,4017,3,1009,0.30,BRCA,145,579,1070,13.55,54.11,cBioPortal,,
PIGL,9487,2,1009,0.20,BRCA,68,615,1070,6.36,57.48,cBioPortal,,
RPAIN,84268,2,1009,0.20,BRCA,63,628,1070,5.89,58.69,cBioPortal,,
SNORD68,606500,,,,BRCA,106,683,1070,9.91,63.83,cBioPortal,,
TEKT3,64518,2,1009,0.20,BRCA,58,625,1070,5.42,58.41,cBioPortal,,
KCTD19,146212,6,1009,0.59,BRCA,96,671,1070,8.97,62.71,cBioPortal,,
PARD6A,50855,1,1009,0.10,BRCA,94,675,1070,8.79,63.08,cBioPortal,,
CES3,23491,1,1009,0.10,BRCA,96,667,1070,8.97,62.34,cBioPortal,,
LDHD,197257,1,1009,0.10,BRCA,110,665,1070,10.28,62.15,cBioPortal,,
USP32P1,162632,,,,BRCA,76,598,1070,7.10,55.89,cBioPortal,,
PBK,55872,4,1009,0.40,BRCA,156,560,1070,14.58,52.34,cBioPortal,,
BCL6B,255877,3,1009,0.30,BRCA,53,651,1070,4.95,60.84,cBioPortal,,
PRSS55,203074,1,1009,0.10,BRCA,150,555,1070,14.02,51.87,cBioPortal,,
NEIL2,252969,,,,BRCA,148,557,1070,13.83,52.06,cBioPortal,,
LINC03019,340357,,,,BRCA,149,556,1070,13.93,51.96,cBioPortal,,
PER1,5187,8,1009,0.79,BRCA,56,645,1070,5.23,60.28,cBioPortal,No,No
GGT6,124975,,,,BRCA,74,620,1070,6.92,57.94,cBioPortal,,
PAPD5,64282,,,,BRCA,142,601,1070,13.27,56.17,cBioPortal,,
SMCR5,140771,,,,BRCA,84,576,1070,7.85,53.83,cBioPortal,,
VAC14,55697,6,1009,0.59,BRCA,104,659,1070,9.72,61.59,cBioPortal,,
ABCC12,94160,12,1009,1.19,BRCA,175,565,1070,16.36,52.80,cBioPortal,,
HMBOX1,79618,3,1009,0.30,BRCA,154,561,1070,14.39,52.43,cBioPortal,,
IRX5,10265,,,,BRCA,141,600,1070,13.18,56.07,cBioPortal,,
NDEL1,81565,,,,BRCA,57,642,1070,5.33,60.00,cBioPortal,,
CCDC144B,284047,1,1009,0.10,BRCA,89,567,1070,8.32,52.99,cBioPortal,,
MC1R,4157,,,,BRCA,106,683,1070,9.91,63.83,cBioPortal,,
CTC1,80169,5,1009,0.50,BRCA,56,644,1070,5.23,60.19,cBioPortal,,
RNMTL1,55178,,,,BRCA,74,618,1070,6.92,57.76,cBioPortal,,
PNMA2,10687,4,1009,0.40,BRCA,150,569,1070,14.02,53.18,cBioPortal,,
ZNF423,23090,8,1009,0.79,BRCA,157,586,1070,14.67,54.77,cBioPortal,,
PCM1,5108,8,1009,0.79,BRCA,153,560,1070,14.30,52.34,cBioPortal,No,No
CMTM3,123920,,,,BRCA,97,665,1070,9.07,62.15,cBioPortal,,
ASGR2,433,2,1009,0.20,BRCA,53,651,1070,4.95,60.84,cBioPortal,,
P2RX5,5026,4,1009,0.40,BRCA,71,618,1070,6.64,57.76,cBioPortal,,
SF3B3,23450,6,1009,0.59,BRCA,108,657,1070,10.09,61.40,cBioPortal,,
PDXDC2P-NPIPB14P,283970,,,,BRCA,104,660,1070,9.72,61.68,cBioPortal,,
FGF20,26281,,,,BRCA,148,559,1070,13.83,52.24,cBioPortal,,
FOXO3B,2310,,,,BRCA,89,568,1070,8.32,53.08,cBioPortal,,
DPYSL2,1808,4,1009,0.40,BRCA,150,570,1070,14.02,53.27,cBioPortal,,
DMTN,2039,2,1009,0.20,BRCA,146,573,1070,13.64,53.55,cBioPortal,,
SENP3,26168,2,1009,0.20,BRCA,52,651,1070,4.86,60.84,cBioPortal,,
LONRF1,91694,6,1009,0.59,BRCA,149,556,1070,13.93,51.96,cBioPortal,,
FZD3,7976,6,1009,0.59,BRCA,156,558,1070,14.58,52.15,cBioPortal,,
RNF227,284023,,,,BRCA,58,645,1070,5.42,60.28,cBioPortal,,
CTRB2,440387,,,,BRCA,109,667,1070,10.19,62.34,cBioPortal,,
GNRH1,2796,2,1009,0.20,BRCA,144,575,1070,13.46,53.74,cBioPortal,,
GALNS,2588,2,1009,0.20,BRCA,109,681,1070,10.19,63.64,cBioPortal,,
TRPV1,7442,2,1009,0.20,BRCA,71,618,1070,6.64,57.76,cBioPortal,,
DEFB4B,100289462,,,,BRCA,150,561,1070,14.02,52.43,cBioPortal,,
PRR23D1,100131608,,,,BRCA,150,561,1070,14.02,52.43,cBioPortal,,
MTUS1,57509,3,1009,0.30,BRCA,154,558,1070,14.39,52.15,cBioPortal,,
EBF2,64641,7,1009,0.69,BRCA,146,573,1070,13.64,53.55,cBioPortal,,
TOX3,27324,7,1009,0.69,BRCA,145,600,1070,13.55,56.07,cBioPortal,,
SNTB2,6645,1,1009,0.10,BRCA,103,665,1070,9.63,62.15,cBioPortal,,
FAM211A,388341,,,,BRCA,73,605,1070,6.82,56.54,cBioPortal,,
TEPP,374739,1,1009,0.10,BRCA,105,649,1070,9.81,60.65,cBioPortal,,
GINS3,64785,4,1009,0.40,BRCA,103,653,1070,9.63,61.03,cBioPortal,,
DEFB103B,55894,,,,BRCA,150,561,1070,14.02,52.43,cBioPortal,,
COX10,1352,5,1009,0.50,BRCA,54,627,1070,5.05,58.60,cBioPortal,,
CBLN1,869,2,1009,0.20,BRCA,153,585,1070,14.30,54.67,cBioPortal,,
HSBP1,3281,1,1009,0.10,BRCA,98,685,1070,9.16,64.02,cBioPortal,,
ZNF594-DT,100130950,,,,BRCA,68,624,1070,6.36,58.32,cBioPortal,,
GOT2,2806,1,1009,0.10,BRCA,102,652,1070,9.53,60.93,cBioPortal,,
DUS2,54920,3,1009,0.30,BRCA,99,668,1070,9.25,62.43,cBioPortal,,
PRDM7,11105,3,1009,0.30,BRCA,106,683,1070,9.91,63.83,cBioPortal,,
PLSCR3,57048,,,,BRCA,54,648,1070,5.05,60.56,cBioPortal,,
RNF167,26001,,,,BRCA,71,620,1070,6.64,57.94,cBioPortal,,
PSMB6,5694,2,1009,0.20,BRCA,72,619,1070,6.73,57.85,cBioPortal,,
LINC01082,100506542,,,,BRCA,102,681,1070,9.53,63.64,cBioPortal,,
ATMIN,23300,4,1009,0.40,BRCA,97,681,1070,9.07,63.64,cBioPortal,,
NAE1,8883,2,1009,0.20,BRCA,98,664,1070,9.16,62.06,cBioPortal,,
CENPV,201161,,,,BRCA,71,609,1070,6.64,56.92,cBioPortal,,
MIR7851|chr16,102467003,,,,BRCA,103,683,1070,9.63,63.83,cBioPortal,,
MIR4731,100616125,,,,BRCA,58,625,1070,5.42,58.41,cBioPortal,,
MIR4314,100422983,,,,BRCA,56,645,1070,5.23,60.28,cBioPortal,,
FAM106CP,100129396,,,,BRCA,76,598,1070,7.10,55.89,cBioPortal,,
LOC729732,729732,,,,BRCA,147,561,1070,13.74,52.43,cBioPortal,,
CENPN,55839,1,1009,0.10,BRCA,97,681,1070,9.07,63.64,cBioPortal,,
MIR6863,102466752,,,,BRCA,119,636,1070,11.12,59.44,cBioPortal,,
TOP3A,7156,4,1009,0.40,BRCA,88,567,1070,8.22,52.99,cBioPortal,,
CKLF-CMTM1,100529251,,,,BRCA,97,665,1070,9.07,62.15,cBioPortal,,
DHRS7C,201140,5,1009,0.50,BRCA,55,645,1070,5.14,60.28,cBioPortal,,
PIK3R5,23533,2,1009,0.20,BRCA,57,644,1070,5.33,60.19,cBioPortal,,
SPATA2L,124044,,,,BRCA,106,683,1070,9.91,63.83,cBioPortal,,
BANP,54971,1,1009,0.10,BRCA,106,682,1070,9.91,63.74,cBioPortal,,
GNAO1,2775,3,1009,0.30,BRCA,120,637,1070,11.21,59.53,cBioPortal,,
TDH,157739,,,,BRCA,147,556,1070,13.74,51.96,cBioPortal,,
AARS,16,,,,BRCA,104,660,1070,9.72,61.68,cBioPortal,,
ZNF232,7775,3,1009,0.30,BRCA,66,626,1070,6.17,58.50,cBioPortal,,
DEFA9P,449492,,,,BRCA,147,559,1070,13.74,52.24,cBioPortal,,
DOCK5,80005,12,1009,1.19,BRCA,145,573,1070,13.55,53.55,cBioPortal,,
CDK10,8558,3,1009,0.30,BRCA,106,683,1070,9.91,63.83,cBioPortal,,
LINC02180,102467079,,,,BRCA,146,596,1070,13.64,55.70,cBioPortal,,
DBNDD1,79007,1,1009,0.10,BRCA,106,683,1070,9.91,63.83,cBioPortal,,
CLEC18C,283971,3,1009,0.30,BRCA,104,660,1070,9.72,61.68,cBioPortal,,
NUP88,4927,4,1009,0.40,BRCA,64,626,1070,5.98,58.50,cBioPortal,,
C16orf74,404550,,,,BRCA,103,682,1070,9.63,63.74,cBioPortal,,
SCO1,6341,,,,BRCA,55,639,1070,5.14,59.72,cBioPortal,,
SHPK,23729,1,1009,0.10,BRCA,71,618,1070,6.64,57.76,cBioPortal,,
PDF,64146,,,,BRCA,103,664,1070,9.63,62.06,cBioPortal,,
TAX1BP3,30851,1,1009,0.10,BRCA,71,618,1070,6.64,57.76,cBioPortal,,
SPNS2,124976,2,1009,0.20,BRCA,75,620,1070,7.01,57.94,cBioPortal,,
ADAT1,23536,3,1009,0.30,BRCA,106,668,1070,9.91,62.43,cBioPortal,,
CDRT15P1,94158,,,,BRCA,54,627,1070,5.05,58.60,cBioPortal,,
MIR4520B,100616466,,,,BRCA,55,641,1070,5.14,59.91,cBioPortal,,
CLEC18A,348174,1,1009,0.10,BRCA,104,660,1070,9.72,61.68,cBioPortal,,
GS1-24F4.2,100652791,,,,BRCA,148,558,1070,13.83,52.15,cBioPortal,,
DEFA4,1669,2,1009,0.20,BRCA,148,559,1070,13.83,52.24,cBioPortal,,
MIR140,406932,,,,BRCA,106,659,1070,9.91,61.59,cBioPortal,,
MINK1,50488,5,1009,0.50,BRCA,72,618,1070,6.73,57.76,cBioPortal,,
FLII,2314,7,1009,0.69,BRCA,87,567,1070,8.13,52.99,cBioPortal,,
CDCA2,157313,8,1009,0.79,BRCA,143,576,1070,13.36,53.83,cBioPortal,,
TMED6,146456,1,1009,0.10,BRCA,104,663,1070,9.72,61.96,cBioPortal,,
ZFP3,124961,5,1009,0.50,BRCA,69,622,1070,6.45,58.13,cBioPortal,,
CYB5B,80777,,,,BRCA,105,661,1070,9.81,61.78,cBioPortal,,
ENKD1,84080,,,,BRCA,94,675,1070,8.79,63.08,cBioPortal,,
PTK2B,2185,8,1009,0.79,BRCA,156,564,1070,14.58,52.71,cBioPortal,,
ABCC11,85320,7,1009,0.69,BRCA,173,565,1070,16.17,52.80,cBioPortal,,
MIR8055,102465861,,,,BRCA,148,560,1070,13.83,52.34,cBioPortal,,
FAM90A7P,441317,,,,BRCA,150,561,1070,14.02,52.43,cBioPortal,,
URAHP,100130015,,,,BRCA,106,683,1070,9.91,63.83,cBioPortal,,
LOC254896,254896,,,,BRCA,143,581,1070,13.36,54.30,cBioPortal,,
CHTF8,54921,,,,BRCA,100,665,1070,9.35,62.15,cBioPortal,No,Yes
LGALS9C,654346,,,,BRCA,89,567,1070,8.32,52.99,cBioPortal,,
ZNF276,92822,3,1009,0.30,BRCA,106,683,1070,9.91,63.83,cBioPortal,,
C8orf49,606553,,,,BRCA,148,557,1070,13.83,52.06,cBioPortal,,
LINC02153,286114,,,,BRCA,145,567,1070,13.55,52.99,cBioPortal,,
MIS12,79003,2,1009,0.20,BRCA,64,627,1070,5.98,58.60,cBioPortal,,
RNF222,643904,1,1009,0.10,BRCA,56,641,1070,5.23,59.91,cBioPortal,,
FLJ30679,146512,,,,BRCA,103,681,1070,9.63,63.64,cBioPortal,,
SNORD111B,100113402,,,,BRCA,107,658,1070,10.00,61.50,cBioPortal,,
TNFSF12,8742,2,1009,0.20,BRCA,53,650,1070,4.95,60.75,cBioPortal,,
CDH5,1003,1,1009,0.10,BRCA,98,666,1070,9.16,62.24,cBioPortal,,
TNFRSF10B,8795,,,,BRCA,144,580,1070,13.46,54.21,cBioPortal,,
NT5M,56953,1,1009,0.10,BRCA,83,583,1070,7.76,54.49,cBioPortal,,
XKR6,286046,6,1009,0.59,BRCA,150,556,1070,14.02,51.96,cBioPortal,,
DLG4,1742,3,1009,0.30,BRCA,54,650,1070,5.05,60.75,cBioPortal,,
GID4,79018,1,1009,0.10,BRCA,85,574,1070,7.94,53.64,cBioPortal,No,No
KIAA0895L,653319,,,,BRCA,97,669,1070,9.07,62.52,cBioPortal,,
C17orf74,201243,,,,BRCA,54,647,1070,5.05,60.47,cBioPortal,,
SCARA3,51435,3,1009,0.30,BRCA,156,561,1070,14.58,52.43,cBioPortal,,
ARHGAP44,9912,,,,BRCA,55,632,1070,5.14,59.07,cBioPortal,,
C8orf58,541565,1,1009,0.10,BRCA,144,577,1070,13.46,53.93,cBioPortal,,
PDPR2P,283922,,,,BRCA,106,665,1070,9.91,62.15,cBioPortal,,
SNORD71,692111,,,,BRCA,105,659,1070,9.81,61.59,cBioPortal,,
CBFA2T3,863,1,1009,0.10,BRCA,109,681,1070,10.19,63.64,cBioPortal,No,Yes
MMP2,4313,4,1009,0.40,BRCA,133,612,1070,12.43,57.20,cBioPortal,,
LOC389641,389641,,,,BRCA,144,579,1070,13.46,54.11,cBioPortal,,
RNF166,115992,,,,BRCA,109,681,1070,10.19,63.64,cBioPortal,,
PSMD7-DT,101928035,,,,BRCA,107,665,1070,10.00,62.15,cBioPortal,,
PRPF8,10594,11,1009,1.09,BRCA,74,617,1070,6.92,57.66,cBioPortal,No,Yes
CHRNE,1145,2,1009,0.20,BRCA,71,619,1070,6.64,57.85,cBioPortal,,
BHLHA9,727857,,,,BRCA,75,618,1070,7.01,57.76,cBioPortal,,
TEKT1,83659,1,1009,0.10,BRCA,56,646,1070,5.23,60.37,cBioPortal,,
BBS2,583,5,1009,0.50,BRCA,120,638,1070,11.21,59.63,cBioPortal,,
MED11,400569,,,,BRCA,71,620,1070,6.64,57.94,cBioPortal,,
KIFC3,3801,7,1009,0.69,BRCA,106,648,1070,9.91,60.56,cBioPortal,,
MTMR7,9108,4,1009,0.40,BRCA,152,560,1070,14.21,52.34,cBioPortal,,
ZDHHC1,29800,5,1009,0.50,BRCA,97,671,1070,9.07,62.71,cBioPortal,,
ZNF19,7567,1,1009,0.10,BRCA,105,659,1070,9.81,61.59,cBioPortal,,
MIEF2,125170,,,,BRCA,87,567,1070,8.13,52.99,cBioPortal,,
SLC6A2,6530,3,1009,0.30,BRCA,133,615,1070,12.43,57.48,cBioPortal,,
STX8,9482,1,1009,0.10,BRCA,56,644,1070,5.23,60.19,cBioPortal,,
MLYCD,23417,3,1009,0.30,BRCA,98,686,1070,9.16,64.11,cBioPortal,,
VPS9D1,9605,3,1009,0.30,BRCA,106,683,1070,9.91,63.83,cBioPortal,,
MT1F,4494,,,,BRCA,121,636,1070,11.31,59.44,cBioPortal,,
IRF8,3394,2,1009,0.20,BRCA,102,682,1070,9.53,63.74,cBioPortal,No,Yes
ZNF705G,100131980,,,,BRCA,150,561,1070,14.02,52.43,cBioPortal,,
SNORA48,652965,,,,BRCA,52,651,1070,4.86,60.84,cBioPortal,,
MON1B,22879,4,1009,0.40,BRCA,101,674,1070,9.44,62.99,cBioPortal,,
GINS2,51659,1,1009,0.10,BRCA,102,682,1070,9.53,63.74,cBioPortal,,
CLDN7,1366,1,1009,0.10,BRCA,54,649,1070,5.05,60.65,cBioPortal,,
ZDHHC7,55625,2,1009,0.20,BRCA,103,684,1070,9.63,63.93,cBioPortal,,
FAM57A,79850,,,,BRCA,74,618,1070,6.92,57.76,cBioPortal,,
MIR6841,102465506,,,,BRCA,143,576,1070,13.36,53.83,cBioPortal,,
MIR6775,102465464,,,,BRCA,103,683,1070,9.63,63.83,cBioPortal,,
SENP3-EIF4A1,100533955,,,,BRCA,52,651,1070,4.86,60.84,cBioPortal,,
ZBTB4,57659,3,1009,0.30,BRCA,54,647,1070,5.05,60.47,cBioPortal,,
FAM192A,80011,,,,BRCA,117,641,1070,10.93,59.91,cBioPortal,,
ATP2C2,9914,7,1009,0.69,BRCA,102,686,1070,9.53,64.11,cBioPortal,,
NECAB2,54550,2,1009,0.20,BRCA,98,686,1070,9.16,64.11,cBioPortal,,
MT1E,4493,,,,BRCA,120,637,1070,11.21,59.53,cBioPortal,,
PLLP,51090,2,1009,0.20,BRCA,116,640,1070,10.84,59.81,cBioPortal,,
DNAH2,146754,26,1009,2.58,BRCA,56,650,1070,5.23,60.75,cBioPortal,,
SLC35G6,643664,1,1009,0.10,BRCA,54,647,1070,5.05,60.47,cBioPortal,,
MSR1,4481,2,1009,0.20,BRCA,149,560,1070,13.93,52.34,cBioPortal,,
LPL,4023,4,1009,0.40,BRCA,145,565,1070,13.55,52.80,cBioPortal,,
RAP1GAP2,23108,,,,BRCA,69,620,1070,6.45,57.94,cBioPortal,,
CNOT1,23019,16,1009,1.59,BRCA,102,654,1070,9.53,61.12,cBioPortal,,
HSF4,3299,2,1009,0.20,BRCA,97,669,1070,9.07,62.52,cBioPortal,,
SNORD91B,692208,,,,BRCA,75,614,1070,7.01,57.38,cBioPortal,,
RFWD3,55159,6,1009,0.59,BRCA,106,663,1070,9.91,61.96,cBioPortal,,
GATA4,2626,1,1009,0.10,BRCA,148,558,1070,13.83,52.15,cBioPortal,No,Yes
KRBA2,124751,3,1009,0.30,BRCA,55,641,1070,5.14,59.91,cBioPortal,,
RPA1,6117,2,1009,0.20,BRCA,73,618,1070,6.82,57.76,cBioPortal,,
MYO15A,51168,12,1009,1.19,BRCA,89,567,1070,8.32,52.99,cBioPortal,,
OR3A4P,390756,,,,BRCA,71,616,1070,6.64,57.57,cBioPortal,,
CYB5D2,124936,2,1009,0.20,BRCA,72,620,1070,6.73,57.94,cBioPortal,,
ZNRF1,84937,2,1009,0.20,BRCA,111,664,1070,10.37,62.06,cBioPortal,,
PABPN1L,390748,2,1009,0.20,BRCA,109,681,1070,10.19,63.64,cBioPortal,,
CDH3,1001,2,1009,0.20,BRCA,101,664,1070,9.44,62.06,cBioPortal,,
LINC02087,101928567,,,,BRCA,62,622,1070,5.79,58.13,cBioPortal,,
PDGFRL,5157,1,1009,0.10,BRCA,151,559,1070,14.11,52.24,cBioPortal,,
CHD3,1107,13,1009,1.29,BRCA,58,645,1070,5.42,60.28,cBioPortal,,
HYDIN,54768,32,1009,3.17,BRCA,102,662,1070,9.53,61.87,cBioPortal,,
MYLK3,91807,3,1009,0.30,BRCA,169,566,1070,15.79,52.90,cBioPortal,,
VMO1,284013,1,1009,0.10,BRCA,72,619,1070,6.73,57.85,cBioPortal,,
NKX3-1,4824,2,1009,0.20,BRCA,145,579,1070,13.55,54.11,cBioPortal,No,Yes
ABR,29,8,1009,0.79,BRCA,74,618,1070,6.92,57.76,cBioPortal,,
ALOX12-AS1,100506713,,,,BRCA,54,650,1070,5.05,60.75,cBioPortal,,
MIR497,574456,,,,BRCA,53,651,1070,4.95,60.84,cBioPortal,,
LINC00208,83655,,,,BRCA,147,558,1070,13.74,52.15,cBioPortal,,
CSGALNACT1,55790,2,1009,0.20,BRCA,147,563,1070,13.74,52.62,cBioPortal,,
CAMKK1,84254,3,1009,0.30,BRCA,74,618,1070,6.92,57.76,cBioPortal,,
DDX19A,55308,,,,BRCA,104,660,1070,9.72,61.68,cBioPortal,,
NKD1,85407,3,1009,0.30,BRCA,147,594,1070,13.74,55.51,cBioPortal,,
OR1D5,8386,2,1009,0.20,BRCA,68,619,1070,6.36,57.85,cBioPortal,,
AIPL1,23746,3,1009,0.30,BRCA,57,639,1070,5.33,59.72,cBioPortal,,
SNORD111,692214,,,,BRCA,107,658,1070,10.00,61.50,cBioPortal,,
FAM65A,79567,,,,BRCA,93,675,1070,8.69,63.08,cBioPortal,,
LINC01229,101928248,,,,BRCA,98,681,1070,9.16,63.64,cBioPortal,,
RP11-178L8.5,101928682,,,,BRCA,105,680,1070,9.81,63.55,cBioPortal,,
hsa-mir-548h-3,,,,,BRCA,54,630,1070,5.05,58.88,cBioPortal,,
SLC7A6OS,84138,5,1009,0.50,BRCA,104,667,1070,9.72,62.34,cBioPortal,,
KATNB1,10300,5,1009,0.50,BRCA,106,647,1070,9.91,60.47,cBioPortal,,
MLKL,197259,3,1009,0.30,BRCA,106,662,1070,9.91,61.87,cBioPortal,,
CCDC144A,9720,17,1009,1.68,BRCA,76,600,1070,7.10,56.07,cBioPortal,,
CDT1,81620,3,1009,0.30,BRCA,109,681,1070,10.19,63.64,cBioPortal,,
GFOD2,81577,5,1009,0.50,BRCA,93,675,1070,8.69,63.08,cBioPortal,,
RBL2,5934,3,1009,0.30,BRCA,147,598,1070,13.74,55.89,cBioPortal,,
ZFHX3,463,21,1009,2.08,BRCA,102,668,1070,9.53,62.43,cBioPortal,No,Yes
KLHDC4,54758,3,1009,0.30,BRCA,101,686,1070,9.44,64.11,cBioPortal,,
BEAN1,146227,,,,BRCA,98,666,1070,9.16,62.24,cBioPortal,,
SRR,63826,1,1009,0.10,BRCA,75,614,1070,7.01,57.38,cBioPortal,,
ZNF821,55565,3,1009,0.30,BRCA,103,663,1070,9.63,61.96,cBioPortal,,
SLC12A3,6559,6,1009,0.59,BRCA,120,635,1070,11.21,59.35,cBioPortal,,
HR,55806,1,1009,0.10,BRCA,146,573,1070,13.64,53.55,cBioPortal,,
GSE1,23199,9,1009,0.89,BRCA,102,683,1070,9.53,63.83,cBioPortal,,
DEFB109P1B,641517,,,,BRCA,150,561,1070,14.02,52.43,cBioPortal,,
ZNF319,57567,4,1009,0.40,BRCA,104,650,1070,9.72,60.75,cBioPortal,,
NCOR1,9611,50,1009,4.96,BRCA,65,620,1070,6.07,57.94,cBioPortal,No,Yes
NUDT18,79873,1,1009,0.10,BRCA,147,572,1070,13.74,53.46,cBioPortal,,
RPL13,6137,,,,BRCA,106,683,1070,9.91,63.83,cBioPortal,,
DERL2,51009,,,,BRCA,63,628,1070,5.89,58.69,cBioPortal,,
CCDC42,146849,4,1009,0.40,BRCA,58,642,1070,5.42,60.00,cBioPortal,,
TXNDC17,84817,,,,BRCA,55,641,1070,5.14,59.91,cBioPortal,,
FOXC2,2303,,,,BRCA,103,681,1070,9.63,63.64,cBioPortal,,
CES5A,221223,6,1009,0.59,BRCA,128,624,1070,11.96,58.32,cBioPortal,,
C16orf70,80262,,,,BRCA,97,669,1070,9.07,62.52,cBioPortal,,
CCDC25,55246,1,1009,0.10,BRCA,157,559,1070,14.67,52.24,cBioPortal,,
TSNAXIP1,55815,3,1009,0.30,BRCA,96,672,1070,8.97,62.80,cBioPortal,,
DPEP1,1800,6,1009,0.59,BRCA,106,683,1070,9.91,63.83,cBioPortal,,
MT1G,4495,2,1009,0.20,BRCA,120,636,1070,11.21,59.44,cBioPortal,,
MIR6843,102465508,,,,BRCA,155,561,1070,14.49,52.43,cBioPortal,,
CHRNA2,1135,3,1009,0.30,BRCA,157,562,1070,14.67,52.52,cBioPortal,,
ALOX12B,242,3,1009,0.30,BRCA,56,645,1070,5.23,60.28,cBioPortal,Yes,Yes
PFN1,5216,,,,BRCA,71,620,1070,6.64,57.94,cBioPortal,,
OR1E2,8388,2,1009,0.20,BRCA,70,618,1070,6.54,57.76,cBioPortal,,
MIR6773,102466194,,,,BRCA,104,667,1070,9.72,62.34,cBioPortal,,
TMEM107,84314,,,,BRCA,56,645,1070,5.23,60.28,cBioPortal,,
PDLIM2,64236,1,1009,0.10,BRCA,144,577,1070,13.46,53.93,cBioPortal,,
DEFA6,1671,,,,BRCA,148,558,1070,13.83,52.15,cBioPortal,,
RASD1,51655,2,1009,0.20,BRCA,82,583,1070,7.66,54.49,cBioPortal,,
CSNK2A2,1459,3,1009,0.30,BRCA,103,654,1070,9.63,61.12,cBioPortal,,
ITGAE,3682,7,1009,0.69,BRCA,73,618,1070,6.82,57.76,cBioPortal,,
PMP22,5376,1,1009,0.10,BRCA,58,625,1070,5.42,58.41,cBioPortal,,
MT1M,4499,2,1009,0.20,BRCA,120,637,1070,11.21,59.53,cBioPortal,,
DRG2,1819,2,1009,0.20,BRCA,86,569,1070,8.04,53.18,cBioPortal,,
TANGO6,79613,6,1009,0.59,BRCA,102,664,1070,9.53,62.06,cBioPortal,,
FOXL1,2300,1,1009,0.10,BRCA,103,681,1070,9.63,63.64,cBioPortal,,
RRAD,6236,1,1009,0.10,BRCA,96,666,1070,8.97,62.24,cBioPortal,,
DEFA10P,449493,,,,BRCA,150,561,1070,14.02,52.43,cBioPortal,,
BIN3-IT1,80094,,,,BRCA,144,578,1070,13.46,54.02,cBioPortal,,
SLC9A5,6553,5,1009,0.50,BRCA,96,670,1070,8.97,62.62,cBioPortal,,
ZNF705B,100132396,,,,BRCA,150,561,1070,14.02,52.43,cBioPortal,,
MIR6774,102466732,,,,BRCA,102,682,1070,9.53,63.74,cBioPortal,,
C16orf78,123970,4,1009,0.40,BRCA,153,586,1070,14.30,54.77,cBioPortal,,
GNAO1-DT,283856,,,,BRCA,122,633,1070,11.40,59.16,cBioPortal,,
YBX2,51087,,,,BRCA,54,649,1070,5.05,60.65,cBioPortal,,
ADORA2B,136,1,1009,0.10,BRCA,62,624,1070,5.79,58.32,cBioPortal,,
TMEM170A,124491,1,1009,0.10,BRCA,109,666,1070,10.19,62.24,cBioPortal,,
UBB,7314,1,1009,0.10,BRCA,72,608,1070,6.73,56.82,cBioPortal,,
SIAH1,6477,3,1009,0.30,BRCA,175,563,1070,16.36,52.62,cBioPortal,,
COX10-AS1,100874058,,,,BRCA,54,627,1070,5.05,58.60,cBioPortal,,
EXTL3,2137,8,1009,0.79,BRCA,152,563,1070,14.21,52.62,cBioPortal,,
ARL2BP,23568,,,,BRCA,115,640,1070,10.75,59.81,cBioPortal,,
TOM1L2,146691,1,1009,0.10,BRCA,83,580,1070,7.76,54.21,cBioPortal,,
LINC02091,100506371,,,,BRCA,74,618,1070,6.92,57.76,cBioPortal,,
ANKFY1,51479,7,1009,0.69,BRCA,72,620,1070,6.73,57.94,cBioPortal,,
PEMT,10400,2,1009,0.20,BRCA,84,584,1070,7.85,54.58,cBioPortal,,
FAM101B,359845,,,,BRCA,74,618,1070,6.92,57.76,cBioPortal,,
GAS7,8522,3,1009,0.30,BRCA,54,648,1070,5.05,60.56,cBioPortal,No,No
CCL22,6367,,,,BRCA,116,637,1070,10.84,59.53,cBioPortal,,
SLC39A14,23516,2,1009,0.20,BRCA,147,574,1070,13.74,53.64,cBioPortal,,
ZSWIM7,125150,1,1009,0.10,BRCA,62,624,1070,5.79,58.32,cBioPortal,,
HCCAT5,283902,1,1009,0.10,BRCA,100,668,1070,9.35,62.43,cBioPortal,,
SDR42E1,93517,2,1009,0.20,BRCA,99,680,1070,9.25,63.55,cBioPortal,,
LOC339166,339166,,,,BRCA,65,632,1070,6.07,59.07,cBioPortal,,
ORC6,23594,,,,BRCA,168,567,1070,15.70,52.99,cBioPortal,,
FBXO16,157574,1,1009,0.10,BRCA,156,558,1070,14.58,52.15,cBioPortal,,
MT1L,4500,,,,BRCA,120,637,1070,11.21,59.53,cBioPortal,,
MT2A,4502,2,1009,0.20,BRCA,120,637,1070,11.21,59.53,cBioPortal,,
LOC101927911,101927911,,,,BRCA,68,620,1070,6.36,57.94,cBioPortal,,
LINC02139,400548,,,,BRCA,103,686,1070,9.63,64.11,cBioPortal,,
SH2D4A,63898,2,1009,0.20,BRCA,151,558,1070,14.11,52.15,cBioPortal,,
CTSB,1508,2,1009,0.20,BRCA,147,561,1070,13.74,52.43,cBioPortal,,
ADRA1A,148,5,1009,0.50,BRCA,152,567,1070,14.21,52.99,cBioPortal,,
CCDC135,84229,,,,BRCA,108,646,1070,10.09,60.37,cBioPortal,,
LINC00311,197196,,,,BRCA,104,684,1070,9.72,63.93,cBioPortal,,
ODF4,146852,,,,BRCA,55,642,1070,5.14,60.00,cBioPortal,,
ATP1B2,482,,,,BRCA,54,650,1070,5.05,60.75,cBioPortal,,
SNORD49B,692087,,,,BRCA,73,605,1070,6.82,56.54,cBioPortal,,
FUK,197258,,,,BRCA,105,659,1070,9.81,61.59,cBioPortal,,
MCPH1-DT,100287015,,,,BRCA,150,559,1070,14.02,52.24,cBioPortal,,
TAT-AS1,100132529,,,,BRCA,103,661,1070,9.63,61.78,cBioPortal,,
MIR4659B,100616372,,,,BRCA,149,559,1070,13.93,52.24,cBioPortal,,
MIR6778,102466733,,,,BRCA,87,566,1070,8.13,52.90,cBioPortal,,
DHX38,9785,7,1009,0.69,BRCA,105,666,1070,9.81,62.24,cBioPortal,,
TNFRSF10D,8793,4,1009,0.40,BRCA,143,581,1070,13.36,54.30,cBioPortal,,
TNKS,8658,5,1009,0.50,BRCA,150,556,1070,14.02,51.96,cBioPortal,,
LOC100128006,100128006,,,,BRCA,54,634,1070,5.05,59.25,cBioPortal,,
VAMP2,6844,1,1009,0.10,BRCA,56,645,1070,5.23,60.28,cBioPortal,,
COG8,84342,1,1009,0.10,BRCA,104,663,1070,9.72,61.96,cBioPortal,,
SORBS3,10174,4,1009,0.40,BRCA,146,575,1070,13.64,53.74,cBioPortal,,
LRRC48,83450,,,,BRCA,84,575,1070,7.85,53.74,cBioPortal,,
NEFL,4747,,,,BRCA,143,576,1070,13.36,53.83,cBioPortal,,
MAGOH2,100506898,,,,BRCA,55,639,1070,5.14,59.72,cBioPortal,,
USP17L1P,401447,,,,BRCA,150,561,1070,14.02,52.43,cBioPortal,,
CTNS,1497,,,,BRCA,71,618,1070,6.64,57.76,cBioPortal,,
MIR3183,100422835,,,,BRCA,74,618,1070,6.92,57.76,cBioPortal,,
MT3,4504,,,,BRCA,121,637,1070,11.31,59.53,cBioPortal,,
TRAPPC1,58485,2,1009,0.20,BRCA,58,645,1070,5.42,60.28,cBioPortal,,
ZNF705D,728957,,,,BRCA,147,561,1070,13.74,52.43,cBioPortal,,
EMC8,10328,1,1009,0.10,BRCA,102,683,1070,9.53,63.83,cBioPortal,,
GPR97,222487,,,,BRCA,109,645,1070,10.19,60.28,cBioPortal,,
CDRT8,94151,,,,BRCA,58,625,1070,5.42,58.41,cBioPortal,,
FAM66E,100132103,,,,BRCA,150,561,1070,14.02,52.43,cBioPortal,,
MAF,4094,1,1009,0.10,BRCA,98,679,1070,9.16,63.46,cBioPortal,No,No
ZNF469,84627,11,1009,1.09,BRCA,106,683,1070,9.91,63.83,cBioPortal,,
TMEM95,339168,,,,BRCA,54,648,1070,5.05,60.56,cBioPortal,,
ANGPT2,285,2,1009,0.20,BRCA,148,560,1070,13.83,52.34,cBioPortal,,
CSMD1,64478,42,1009,4.16,BRCA,158,563,1070,14.77,52.62,cBioPortal,,
CA5A,763,3,1009,0.30,BRCA,104,682,1070,9.72,63.74,cBioPortal,,
ACSF3,197322,4,1009,0.40,BRCA,109,681,1070,10.19,63.64,cBioPortal,,
MIR744,100126313,,,,BRCA,53,643,1070,4.95,60.09,cBioPortal,,
MIR4520A,100616401,,,,BRCA,55,641,1070,5.14,59.91,cBioPortal,,
FTO-IT1,100505692,,,,BRCA,153,589,1070,14.30,55.05,cBioPortal,,
USB1,79650,,,,BRCA,104,650,1070,9.72,60.75,cBioPortal,,
NEFM,4741,8,1009,0.79,BRCA,143,576,1070,13.36,53.83,cBioPortal,,
FAM160B2,64760,,,,BRCA,147,572,1070,13.74,53.46,cBioPortal,,
ALOX15P1,100652883,,,,BRCA,55,642,1070,5.14,60.00,cBioPortal,,
SNORA50,677830,,,,BRCA,102,654,1070,9.53,61.12,cBioPortal,,
EDC4,23644,6,1009,0.59,BRCA,96,671,1070,8.97,62.71,cBioPortal,,
SGSM2,9905,5,1009,0.50,BRCA,76,614,1070,7.10,57.38,cBioPortal,,
PPP3CC,5533,1,1009,0.10,BRCA,147,574,1070,13.74,53.64,cBioPortal,,
DPEP2,64174,1,1009,0.10,BRCA,98,667,1070,9.16,62.34,cBioPortal,,
CDH11,1009,7,1009,0.69,BRCA,95,665,1070,8.88,62.15,cBioPortal,Yes,No
DPH1,1801,1,1009,0.10,BRCA,72,618,1070,6.73,57.76,cBioPortal,,
PELP1-DT,101559451,,,,BRCA,71,622,1070,6.64,58.13,cBioPortal,,
FLCN,201163,1,1009,0.10,BRCA,83,587,1070,7.76,54.86,cBioPortal,No,Yes
C16orf97,388276,,,,BRCA,145,596,1070,13.55,55.70,cBioPortal,,
SNORD49A,26800,,,,BRCA,73,605,1070,6.82,56.54,cBioPortal,,
ITFG1,81533,3,1009,0.30,BRCA,182,559,1070,17.01,52.24,cBioPortal,,
GP1BA,2811,4,1009,0.40,BRCA,72,619,1070,6.73,57.85,cBioPortal,,
GLOD4,51031,1,1009,0.10,BRCA,74,618,1070,6.92,57.76,cBioPortal,,
LINC02138,400558,,,,BRCA,109,681,1070,10.19,63.64,cBioPortal,,
