hugo_symbol_a,hugo_symbol_b,neighborhood,neighborhood_transferred,fusion,cooccurence,homology,coexpression,coexpression_transferred,experiments,experiments_transferred,database,database_transferred,textmining,textmining_transferred,combined_score,dataset_name,is_oncogene_a,is_tumor_suppressor_gene_a,is_oncogene_b,is_tumor_suppressor_gene_b
STAC2,ATP13A5,0,0,0,0,0,139,0,0,46,0,0,203,65,305,STRING_v12,,,,
CD48,LAMP1,0,0,0,0,0,0,55,0,48,0,0,315,0,329,STRING_v12,,,,
PPID,RPL9,0,0,0,0,0,118,183,0,91,0,0,0,80,316,STRING_v12,,,,
TLR4,SRGN,0,0,0,0,0,247,0,0,0,0,0,182,0,357,STRING_v12,,,,
RPL22,NFXL1,0,0,0,0,0,0,0,0,297,0,0,0,0,297,STRING_v12,No,No,,
PTPN13,PTPRU,0,0,0,0,559,67,0,0,98,0,0,493,0,536,STRING_v12,No,Yes,,
TICAM1,TYK2,0,0,0,0,0,85,104,0,92,0,0,270,0,383,STRING_v12,,,Yes,No
PLOD1,SETDB2,0,0,0,0,0,0,0,0,0,650,0,0,0,650,STRING_v12,,,No,Yes
CSF3,TYK2,0,0,0,0,0,0,0,0,0,500,0,398,51,689,STRING_v12,,,Yes,No
OTUD5,USP35,0,0,0,0,0,67,0,0,0,0,0,220,133,313,STRING_v12,,,,
GAGE12C,RPL9,0,59,0,0,0,0,400,0,403,0,0,0,145,673,STRING_v12,,,,
CFLAR,DTX1,0,0,0,0,0,0,0,292,50,0,0,164,50,394,STRING_v12,,,No,Yes
APH1A,DTX1,0,0,0,0,0,0,0,0,0,400,0,336,0,584,STRING_v12,No,No,No,Yes
CCL3,LAMP1,0,0,0,0,0,0,0,0,0,0,0,418,51,424,STRING_v12,,,,
FOS,EOMES,0,0,0,0,0,0,0,0,71,0,0,298,45,322,STRING_v12,,,,
SYT4,NFASC,0,0,0,0,0,159,96,0,0,0,0,93,76,277,STRING_v12,,,,
WASHC5,LAMP1,0,0,0,0,0,84,0,0,0,0,0,258,0,291,STRING_v12,,,,
ZSCAN31,LYSMD3,0,0,0,0,0,42,0,0,0,0,0,269,0,269,STRING_v12,,,,
KCNF1,FXR2,0,0,0,0,0,42,0,0,0,0,0,683,56,688,STRING_v12,,,,
FYB1,CARD14,0,0,0,0,0,0,67,0,0,0,0,337,0,354,STRING_v12,,,,
PLEKHG7,PLEKHG4,0,0,0,0,0,0,0,84,0,0,0,137,138,259,STRING_v12,,,,
HSPA1A,RPL9,0,0,0,0,0,42,111,0,288,0,0,113,116,437,STRING_v12,,,,
DMWD,USP35,0,0,0,0,0,42,55,0,184,0,0,0,187,319,STRING_v12,,,,
EOMES,LAMP1,0,0,0,0,0,0,0,0,0,0,0,507,50,511,STRING_v12,,,,
EMSY,CHD8,0,0,0,0,0,300,141,0,0,0,0,94,57,417,STRING_v12,Yes,No,,
TAC3,TRPV1,0,0,0,0,0,47,0,0,0,0,0,290,0,294,STRING_v12,,,,
DDX6,RPL9,0,0,0,0,0,107,67,0,167,0,0,69,67,287,STRING_v12,No,No,,
PPP1R1A,FXR2,0,0,0,0,0,0,0,0,0,0,0,71,250,273,STRING_v12,,,,
UBE2G2,ATP13A5,0,0,0,0,0,0,0,0,45,0,0,127,183,259,STRING_v12,,,,
MT-ATP6,LINS1,0,0,0,0,0,0,0,0,0,0,0,395,0,394,STRING_v12,,,,
SRSF1,PLEKHG4,0,0,0,0,0,45,0,0,0,0,0,303,0,305,STRING_v12,,,,
IL4R,CXCL5,0,0,0,0,0,43,55,0,0,0,0,260,0,272,STRING_v12,,,,
RNF113B,RPL9,0,0,0,0,0,0,63,0,261,0,0,0,53,286,STRING_v12,,,,
SREK1IP1,IPO11,0,0,0,0,0,62,0,0,0,0,0,197,134,290,STRING_v12,,,,
RBCK1,CARD14,0,0,0,0,0,0,0,0,0,0,0,298,47,302,STRING_v12,,,,
DACT1,SETDB2,0,0,0,0,0,0,0,0,0,0,0,58,353,364,STRING_v12,,,No,Yes
MGA,CHD8,0,0,0,0,0,53,88,0,71,900,0,0,0,909,STRING_v12,No,Yes,,
ARRDC3,LYSMD3,0,0,0,0,0,109,0,0,0,0,0,286,349,549,STRING_v12,,,,
COL4A6,CRTAP,0,0,0,0,0,44,60,0,0,500,0,60,347,673,STRING_v12,,,,
YES1,TYK2,0,0,0,0,639,0,77,0,45,0,0,262,0,292,STRING_v12,Yes,No,Yes,No
SCN10A,TRPV1,0,0,0,0,0,0,0,0,0,0,0,791,112,806,STRING_v12,,,,
TLR4,CMA1,0,0,0,0,0,49,75,0,0,0,0,314,0,343,STRING_v12,,,,
CXCR6,EOMES,0,0,0,0,0,254,61,0,0,0,0,571,73,684,STRING_v12,,,,
HDDC3,CARD14,0,59,0,0,0,0,87,0,0,0,175,0,136,305,STRING_v12,,,,
IL18RAP,TYK2,0,0,0,0,0,61,91,0,0,0,0,229,0,284,STRING_v12,,,Yes,No
MYBBP1A,NFXL1,0,0,0,0,0,49,84,0,0,0,0,138,201,319,STRING_v12,,,,
COL4A4,CRTAP,0,0,0,0,0,0,0,0,0,500,0,0,47,503,STRING_v12,,,,
GLUD1,IAH1,0,61,0,0,0,55,0,0,0,0,792,0,93,810,STRING_v12,,,,
ERCC4,CHD8,0,0,0,0,0,108,0,0,136,0,0,75,102,274,STRING_v12,No,Yes,,
RAB11A,LAMP1,0,0,0,0,0,49,0,185,0,0,0,720,263,818,STRING_v12,,,,
C1QB,SRGN,0,0,0,0,0,109,0,236,0,0,0,176,0,390,STRING_v12,,,,
LCN2,CXCL5,0,0,0,0,0,78,54,0,0,0,0,479,52,511,STRING_v12,,,,
HOPX,EOMES,0,0,0,0,0,79,0,0,71,0,0,479,68,528,STRING_v12,,,,
EED,SETDB2,0,0,0,0,0,49,52,0,314,0,0,149,130,458,STRING_v12,No,Yes,No,Yes
TFRC,SCAMP1,0,0,0,0,0,0,55,303,0,0,0,0,0,313,STRING_v12,No,No,,
KPNA2,IPO11,0,0,0,0,0,67,0,0,0,0,0,248,166,363,STRING_v12,,,,
SLC16A11,NFXL1,0,0,0,0,0,0,51,292,0,0,0,0,65,316,STRING_v12,,,,
HDAC4,CHD8,0,0,0,0,0,49,0,0,125,0,0,193,81,300,STRING_v12,Yes,Yes,,
SLC2A5,SLC13A2,0,0,0,0,0,0,69,0,0,0,0,195,102,268,STRING_v12,,,,
KCNK18,TRPV1,0,0,0,0,0,47,0,0,0,0,0,506,0,509,STRING_v12,,,,
RANBP17,ZNF525,0,0,0,0,0,49,0,0,51,0,0,257,0,270,STRING_v12,,,,
SARS1,RPL9,0,47,0,0,0,97,118,0,0,0,0,0,207,317,STRING_v12,,,,
PTPRF,PTPRU,0,0,0,0,692,126,0,0,99,0,0,166,0,285,STRING_v12,,,,
KPNA5,IPO11,0,0,0,0,0,44,0,0,0,0,0,395,166,475,STRING_v12,,,,
RELA,TYK2,0,0,0,0,0,98,104,0,98,0,0,275,90,431,STRING_v12,,,Yes,No
FFAR1,TRPV1,0,0,0,0,0,0,0,0,0,0,0,405,0,405,STRING_v12,,,,
SLC11A1,LAMP1,0,0,0,0,0,42,86,0,0,0,0,521,0,543,STRING_v12,,,,
CD58,TYK2,0,0,0,0,0,0,67,0,68,0,0,246,47,291,STRING_v12,No,Yes,Yes,No
BAZ1A,CHD8,0,0,0,0,0,83,121,0,181,0,0,348,150,567,STRING_v12,,,,
UBE2E1,IPO11,0,0,0,0,0,49,0,510,0,0,0,419,74,715,STRING_v12,,,,
BSG,C3orf33,0,0,0,0,0,0,0,302,0,0,0,0,0,302,STRING_v12,,,,
AMIGO2,SRGN,0,0,0,0,0,0,0,0,0,0,0,247,179,355,STRING_v12,,,,
SYNJ2,SCAMP1,0,0,0,0,0,42,0,0,0,0,0,137,204,284,STRING_v12,,,,
ZFAND4,RPL9,0,0,0,0,0,0,151,0,418,0,0,0,67,498,STRING_v12,,,,
MRPL58,PRAMEF6,0,0,0,0,0,0,140,0,414,0,0,0,81,496,STRING_v12,,,,
UROC1,PYCR1,0,0,0,0,0,0,0,0,0,0,0,240,67,260,STRING_v12,,,,
THUMPD2,SCAMP1,0,0,0,0,0,49,0,0,0,0,0,199,160,304,STRING_v12,,,,
CMC2,LYSMD3,0,0,0,0,0,0,0,0,0,0,0,213,100,261,STRING_v12,,,,
DCN,CMA1,0,0,0,0,0,62,0,0,0,0,0,213,90,269,STRING_v12,,,,
AP1S3,CARD14,0,0,0,0,0,49,55,0,0,0,0,773,0,778,STRING_v12,,,,
SUMO3,CHD8,0,0,0,0,0,0,0,292,152,0,0,0,77,397,STRING_v12,,,,
STAT1,TRPV1,0,0,0,0,0,0,0,0,0,0,0,165,166,273,STRING_v12,No,No,,
STAT5B,EOMES,0,0,0,0,0,0,50,0,71,0,0,445,0,467,STRING_v12,Yes,No,,
SLC1A5,LAMP1,0,0,0,0,0,42,0,137,0,0,0,125,102,263,STRING_v12,,,,
CES4A,IAH1,0,0,0,0,0,0,0,0,53,0,0,324,113,382,STRING_v12,,,,
GNLY,SRGN,0,0,0,0,0,109,87,0,0,0,0,490,0,548,STRING_v12,,,,
CD80,EOMES,0,0,0,0,0,55,0,0,45,0,0,391,0,402,STRING_v12,,,,
FAAH,IAH1,0,0,0,0,0,0,74,0,0,0,673,206,91,752,STRING_v12,,,,
ARID4B,CHD8,0,0,0,0,0,60,108,0,141,0,0,0,129,288,STRING_v12,No,Yes,,
RRS1,PRAMEF6,0,0,0,0,0,0,108,0,254,0,0,0,0,306,STRING_v12,,,,
SCN9A,TRPV1,0,0,0,0,0,42,0,0,0,0,0,764,62,769,STRING_v12,,,,
SUMO1,CHD8,0,0,0,0,0,49,0,292,152,0,0,0,77,402,STRING_v12,,,,
BIN1,LAMP1,0,0,0,0,0,43,0,0,0,0,0,247,162,343,STRING_v12,,,,
TONSL,ZNF525,0,0,0,0,0,0,0,0,91,0,0,232,0,272,STRING_v12,No,No,,
MET,LAMP1,0,0,0,0,0,0,99,166,0,0,0,196,0,343,STRING_v12,Yes,No,,
TNFRSF1A,EOMES,0,0,0,0,0,0,0,0,0,0,0,219,155,311,STRING_v12,,,,
RPS27,NFXL1,0,0,0,0,0,0,0,0,313,0,0,0,50,319,STRING_v12,,,,
DUSP9,PTPRU,0,0,0,0,0,105,0,0,71,0,0,177,84,289,STRING_v12,No,No,,
CIART,ARNTL2,0,0,0,0,0,0,0,0,91,0,0,403,92,464,STRING_v12,,,,
SRP68,RPL9,0,0,0,0,0,120,0,830,403,0,0,0,46,903,STRING_v12,,,,
FXYD5,CHD8,0,0,0,0,0,0,0,0,0,0,0,470,0,470,STRING_v12,,,,
REL,EOMES,0,0,0,0,0,45,0,0,45,0,0,212,101,267,STRING_v12,Yes,No,,
ATXN3L,USP35,0,0,0,0,0,0,0,0,0,0,0,310,92,346,STRING_v12,,,,
NSF,SCAMP1,0,0,0,0,0,59,0,210,0,0,0,85,128,327,STRING_v12,,,,
SPDYE9P,PRAMEF6,0,46,0,0,0,0,300,0,256,0,0,0,100,493,STRING_v12,,,,
CCL3,CXCL5,0,0,0,0,0,65,67,0,0,0,0,806,81,823,STRING_v12,,,,
SNX3,LAMP1,0,0,0,0,0,55,67,128,0,0,0,327,159,485,STRING_v12,,,,
HCN3,GLRA3,0,0,0,0,0,0,54,0,0,0,0,220,115,289,STRING_v12,,,,
COX4I1,PPIAL4C,0,0,0,0,0,0,303,0,0,0,0,0,0,303,STRING_v12,,,,
STAMBPL1,USP35,0,0,0,0,0,0,0,0,68,0,0,167,166,295,STRING_v12,,,,
ARG1,CXCL5,0,0,0,0,0,0,83,0,0,0,0,433,0,457,STRING_v12,,,,
EBI3,TYK2,0,0,0,0,0,43,60,0,0,500,0,81,65,543,STRING_v12,,,Yes,No
LTBP4,PYCR1,0,0,0,0,0,0,0,0,0,0,0,323,0,323,STRING_v12,,,,
FGFR3,CRTAP,0,0,0,0,0,0,0,0,0,0,0,137,347,412,STRING_v12,Yes,No,,
SLC25A3,RPL9,0,0,0,0,0,136,256,0,0,0,0,140,166,477,STRING_v12,,,,
ELAVL4,NFASC,0,0,0,0,0,138,87,0,77,0,0,103,100,306,STRING_v12,,,,
HAVCR2,TYK2,0,0,0,0,0,42,57,226,81,0,0,149,0,353,STRING_v12,,,Yes,No
LCA5L,CCM2,0,0,0,0,0,0,0,0,119,0,0,245,350,529,STRING_v12,,,,
TTC37,RPL9,0,0,0,0,0,56,0,0,429,0,0,0,0,437,STRING_v12,,,,
ODC1,PYCR1,0,50,0,0,0,72,0,0,0,0,0,358,164,463,STRING_v12,,,,
RPLP1,SCAMP1,0,0,0,0,0,42,0,0,0,0,0,76,292,318,STRING_v12,,,,
CRPPA,POLN,0,0,0,0,0,0,0,0,0,0,0,166,155,265,STRING_v12,,,,
GART,POLN,0,270,0,0,0,0,0,0,0,0,0,0,52,278,STRING_v12,,,,
NCR2,LAMP1,0,0,0,0,0,0,0,0,0,0,0,608,0,608,STRING_v12,,,,
ITGA4,LAMP1,0,0,0,0,0,42,0,0,0,0,0,717,56,721,STRING_v12,,,,
MSH5,POLN,0,0,0,0,0,0,49,0,64,0,0,205,156,322,STRING_v12,,,,
FERMT2,PLEKHG4,0,0,0,0,0,0,0,0,0,400,0,0,138,460,STRING_v12,,,,
LPP,MFAP5,0,0,0,0,0,59,0,0,0,0,0,247,0,261,STRING_v12,No,No,,
EZH2,EOMES,0,0,0,0,0,44,68,0,44,0,0,348,0,370,STRING_v12,Yes,Yes,,
COL8A2,MFAP5,0,0,0,0,0,163,52,0,0,0,0,208,80,344,STRING_v12,,,,
CLEC14A,EOMES,0,0,0,258,0,49,0,0,45,0,0,0,44,269,STRING_v12,,,,
EID1,TBX22,0,0,0,0,0,0,0,0,0,0,0,102,349,390,STRING_v12,,,,
HSPG2,SRGN,0,0,0,0,0,0,0,0,0,0,0,583,74,597,STRING_v12,,,,
GAPDH,CCM2,0,0,0,0,0,44,0,0,71,0,0,145,166,281,STRING_v12,,,,
SCNN1D,TRPV1,0,0,0,0,0,53,52,0,0,0,0,260,101,322,STRING_v12,,,,
NUDT4B,ARNTL2,0,0,0,0,0,0,0,0,0,0,0,257,83,289,STRING_v12,,,,
ZC3H4,CHD8,0,0,0,0,0,216,87,0,0,0,0,103,252,455,STRING_v12,,,,
HEXA,GNPTAB,0,0,0,0,0,67,0,0,0,0,0,0,348,365,STRING_v12,,,,
ERCC2,POLN,0,0,0,0,0,0,56,0,0,0,0,211,160,319,STRING_v12,No,Yes,,
MEIS1,EOMES,0,0,0,0,0,0,0,0,46,0,0,252,81,286,STRING_v12,,,,
DPT,MFAP5,0,0,0,0,0,253,104,0,0,0,0,201,55,427,STRING_v12,,,,
SLC1A2,SLC13A2,0,0,0,0,0,0,55,0,0,0,208,175,131,391,STRING_v12,No,No,,
RPL10L,NFXL1,0,0,0,0,0,0,0,0,319,0,0,0,0,319,STRING_v12,,,,
MRPS15,RPL9,0,0,0,0,0,62,657,0,579,0,0,0,240,883,STRING_v12,,,,
ASNS,PYCR1,0,0,0,0,0,121,67,0,0,0,0,419,155,543,STRING_v12,,,,
MT-ND4L,TYK2,0,0,0,0,0,0,0,0,296,0,0,0,48,301,STRING_v12,,,Yes,No
TUBB8,SECISBP2L,0,0,0,0,0,0,242,0,130,0,0,0,53,320,STRING_v12,,,,
EDAR,IAH1,0,0,0,0,0,0,0,0,0,0,0,150,197,288,STRING_v12,,,,
ALB,TRPV1,0,0,0,0,0,0,0,0,0,0,0,505,116,543,STRING_v12,No,No,,
MAT2B,PRAMEF6,0,0,0,0,0,0,109,0,256,0,0,0,0,308,STRING_v12,,,,
AGT,CXCL5,0,0,0,0,0,0,0,0,0,500,0,213,0,589,STRING_v12,,,,
SELE,CXCL5,0,0,0,0,0,56,86,0,0,0,0,397,0,434,STRING_v12,,,,
ENO4,CARD14,0,41,0,0,0,0,110,0,188,0,0,0,91,285,STRING_v12,,,,
CD19,EOMES,0,0,0,0,0,57,86,0,0,0,0,513,80,562,STRING_v12,Yes,No,,
NRXN2,FXR2,0,0,0,0,0,42,0,0,0,0,0,248,102,296,STRING_v12,,,,
FZD8,PTPRU,0,0,0,0,0,83,0,0,71,0,0,600,0,629,STRING_v12,,,,
CXXC1,SETDB2,0,0,0,0,0,60,87,0,292,0,0,148,130,467,STRING_v12,,,No,Yes
NRXN1,CHD8,0,0,0,0,0,0,0,0,46,0,0,570,0,572,STRING_v12,,,,
VEGFC,CXCL5,0,0,0,0,0,55,0,0,0,0,0,317,0,326,STRING_v12,,,,
HDC,CMA1,0,0,0,0,0,127,64,0,99,0,104,369,77,526,STRING_v12,,,,
NPPA,CMA1,0,0,0,0,0,45,0,0,0,0,0,259,47,266,STRING_v12,,,,
SYN1,NFASC,0,0,0,0,0,127,64,0,0,0,0,209,0,297,STRING_v12,,,,
CMPK1,RPL9,0,61,0,0,0,117,487,0,0,0,0,0,138,584,STRING_v12,,,,
NPSR1,GLRA3,0,0,0,0,0,0,86,0,0,0,0,201,98,283,STRING_v12,,,,
FCN1,SRGN,0,0,0,0,0,149,55,0,0,0,0,147,114,310,STRING_v12,,,,
WRB-SH3BGR,CCM2,0,0,0,0,0,0,55,0,0,0,0,0,287,297,STRING_v12,,,,
CCDC134,CRTAP,0,0,0,0,0,56,0,0,0,0,0,371,91,413,STRING_v12,,,,
MRPL23,CHD8,0,0,0,0,0,47,0,0,0,0,0,492,0,495,STRING_v12,,,,
CUL7,PPIAL4C,0,0,0,0,0,0,137,0,228,0,0,0,52,313,STRING_v12,,,,
DNAJC25-GNG10,RPL9,0,0,0,0,0,0,63,0,261,0,0,0,53,286,STRING_v12,,,,
FBXO40,RPL9,0,54,0,0,0,0,208,0,0,0,0,0,116,279,STRING_v12,,,,
RFC3,POLN,0,0,0,0,0,0,142,0,60,0,0,0,161,264,STRING_v12,,,,
HAVCR2,EOMES,0,0,0,0,0,74,103,0,0,0,0,622,51,662,STRING_v12,,,,
MRPS11,NFXL1,0,0,0,0,0,0,0,0,275,0,0,0,0,275,STRING_v12,,,,
CREB1,CHD8,0,0,0,0,0,100,0,164,0,0,0,117,0,277,STRING_v12,Yes,No,,
MIOS,NFXL1,0,0,0,0,0,220,205,0,0,0,0,0,0,353,STRING_v12,,,,
MRPS18A,PRAMEF6,0,0,0,0,0,0,196,0,303,0,0,0,100,451,STRING_v12,,,,
SEC16B,CRTAP,0,0,0,0,0,0,0,0,0,0,0,79,233,263,STRING_v12,,,,
SLC6A5,GLRA3,0,0,0,0,0,42,107,0,0,0,0,445,0,483,STRING_v12,,,,
DCN,CRTAP,0,0,0,0,0,56,0,0,0,0,0,246,47,262,STRING_v12,,,,
KIF23,FXR2,0,0,0,0,0,49,0,292,0,0,0,0,0,297,STRING_v12,,,,
MRPL38,RPL9,0,0,0,0,0,67,77,0,443,0,0,0,51,483,STRING_v12,,,,
ITGA4,EOMES,0,0,0,0,0,55,104,0,0,0,0,350,0,401,STRING_v12,,,,
MS4A2,CMA1,0,0,0,0,0,247,110,0,0,0,0,740,0,810,STRING_v12,,,,
TUBB3,SECISBP2L,0,0,0,0,0,0,242,0,130,0,0,0,53,320,STRING_v12,,,,
TRAPPC8,GNPTAB,0,0,0,0,0,257,55,0,0,0,0,0,0,267,STRING_v12,,,,
GAGE10,PRAMEF6,0,45,0,0,0,0,294,0,227,0,0,0,67,448,STRING_v12,,,,
IL22RA1,CXCL5,0,0,0,0,0,0,0,0,0,0,0,288,0,288,STRING_v12,,,,
MPHOSPH8,SETDB2,0,0,0,0,0,72,45,0,296,0,0,213,100,477,STRING_v12,,,No,Yes
DLGAP3,FXR2,0,0,0,0,0,44,0,0,60,0,0,392,0,405,STRING_v12,,,,
AP4E1,GNPTAB,0,0,0,0,0,138,0,0,45,0,0,473,242,627,STRING_v12,,,,
GNAO1,NFASC,0,0,0,0,0,179,0,0,64,0,0,108,49,260,STRING_v12,,,,
STX12,SCAMP1,0,0,0,0,0,98,0,218,0,0,0,197,73,404,STRING_v12,,,,
TLR2,CMA1,0,0,0,0,0,56,0,0,0,0,0,292,0,303,STRING_v12,,,,
MSS51,RPL9,0,0,0,0,0,0,56,0,0,0,0,116,187,262,STRING_v12,,,,
GOLGA4,LAMP1,0,0,0,0,0,42,0,0,0,0,0,371,52,378,STRING_v12,,,,
IFNA1,CXCL5,0,0,0,0,0,0,0,0,0,0,0,419,0,418,STRING_v12,,,,
GAPDH,IAH1,0,113,0,0,0,56,63,0,0,0,0,0,251,333,STRING_v12,,,,
SIN3A,CHD8,0,0,0,0,0,212,67,0,114,0,0,272,128,511,STRING_v12,,,,
KIR2DL4,LAMP1,0,0,0,0,0,0,0,0,0,0,0,309,0,309,STRING_v12,,,,
SRFBP1,RPL9,0,42,0,0,0,0,86,0,96,0,0,0,203,284,STRING_v12,,,,
PSG9,SECISBP2L,0,0,0,0,0,0,0,464,55,0,0,0,48,475,STRING_v12,,,,
SS18L1,DTX1,0,0,0,0,0,0,0,0,0,0,0,510,70,524,STRING_v12,No,No,No,Yes
PLIN3,LAMP1,0,0,0,0,0,68,0,0,43,0,0,275,83,327,STRING_v12,,,,
VARS1,PRAMEF6,0,0,0,0,0,0,294,0,52,0,0,0,166,393,STRING_v12,,,,
EFNB2,PLEKHG4,0,0,0,0,0,0,52,319,0,0,0,0,45,329,STRING_v12,,,,
EPX,CMA1,0,0,0,0,0,42,0,0,44,0,0,290,79,320,STRING_v12,,,,
TRRAP,CHD8,0,0,0,0,0,95,103,0,257,0,0,189,98,478,STRING_v12,No,No,,
IFI27,TYK2,0,0,0,0,0,0,0,0,84,0,0,245,0,278,STRING_v12,,,Yes,No
H4C6,CHD8,0,0,0,0,0,49,0,292,239,0,0,124,90,517,STRING_v12,No,No,,
KIF1A,FXR2,0,0,0,0,0,0,0,162,0,0,0,125,86,271,STRING_v12,,,,
WDR45B,NRBF2,0,0,0,0,0,0,0,0,0,0,0,358,154,433,STRING_v12,,,,
SLC6A9,GLRA3,0,0,0,0,0,0,75,0,0,0,0,323,160,428,STRING_v12,,,,
MRPL38,USP35,0,0,0,0,0,0,0,0,0,0,0,0,278,278,STRING_v12,,,,
KCNA4,PRAMEF6,0,0,0,0,0,0,213,0,165,0,0,0,51,321,STRING_v12,,,,
MRPL9,PRAMEF6,0,0,0,0,0,0,449,0,422,0,0,0,163,710,STRING_v12,,,,
HDAC7,SETDB2,0,42,0,0,0,0,60,0,127,0,0,145,102,286,STRING_v12,Yes,No,No,Yes
RPS6KB2,RPL9,0,0,0,0,0,0,55,292,0,0,0,0,0,302,STRING_v12,Yes,No,,
CHRNB3,GLRA3,0,0,0,219,568,47,60,0,0,0,0,113,71,318,STRING_v12,,,,
GUF1,POLN,0,92,0,0,0,0,67,0,0,0,0,0,204,266,STRING_v12,,,,
PSMD14,RPL9,0,0,0,0,0,276,79,0,136,0,0,129,135,486,STRING_v12,,,,
JAG1,PLEKHG4,0,0,0,0,0,0,45,0,88,400,0,0,0,431,STRING_v12,,,,
TGFB1,LAMP1,0,0,0,0,0,67,50,0,0,0,0,348,0,371,STRING_v12,,,,
LRRTM1,NFASC,0,0,0,0,0,109,97,0,75,0,0,244,68,380,STRING_v12,,,,
GAGE2E,PRAMEF6,0,45,0,0,0,0,294,0,227,0,0,0,67,448,STRING_v12,,,,
COL26A1,CRTAP,0,0,0,0,0,0,0,0,0,500,0,102,79,550,STRING_v12,,,,
SOD1,LAMP1,0,0,0,0,0,49,0,292,0,0,0,265,73,479,STRING_v12,,,,
ANO1,TRPV1,0,0,0,0,0,0,0,0,0,0,0,507,115,545,STRING_v12,,,,
TAF7,CHD8,0,0,0,0,0,49,0,0,0,900,0,0,73,904,STRING_v12,,,,
GRIA4,NFASC,0,0,0,0,0,109,104,0,0,0,0,160,79,299,STRING_v12,,,,
U2AF2,FXR2,0,0,0,0,0,141,0,0,0,0,0,234,120,370,STRING_v12,No,No,,
ADGRV1,LYSMD3,0,0,0,0,0,0,0,0,0,0,0,475,86,499,STRING_v12,,,,
MIPOL1,CARD14,0,0,0,0,0,0,0,0,0,0,0,548,0,548,STRING_v12,,,,
ERVFRD-1,SRGN,0,0,0,0,0,0,49,0,0,0,0,407,0,411,STRING_v12,,,,
TEX261,PCBD2,0,0,0,0,0,42,0,0,0,0,0,348,0,348,STRING_v12,,,,
KCNH1,GLRA3,0,0,1,0,0,80,62,0,0,0,0,197,75,273,STRING_v12,,,,
LRRTM2,NFASC,0,0,0,0,0,100,0,0,75,0,0,200,80,305,STRING_v12,,,,
IRF4,TYK2,0,0,0,0,0,0,106,0,94,0,0,323,56,413,STRING_v12,Yes,No,Yes,No
TOP3A,RPL9,0,0,0,0,0,0,108,0,0,0,0,0,281,331,STRING_v12,,,,
GPR139,MRGPRE,0,0,0,0,0,0,0,0,0,0,0,446,101,480,STRING_v12,,,,
NLGN3,CHD8,0,0,0,0,0,0,55,0,46,0,0,521,0,530,STRING_v12,,,,
EDNRA,TRPV1,0,0,0,0,0,0,0,0,45,0,0,290,0,292,STRING_v12,,,,
BARHL1,EOMES,0,0,0,0,0,42,0,0,71,0,0,199,90,264,STRING_v12,,,,
TFPI2,MFAP5,0,0,0,0,0,0,206,0,0,0,0,160,69,324,STRING_v12,,,,
PLRG1,LINS1,0,0,0,0,0,55,0,625,0,0,0,0,0,630,STRING_v12,,,,
ADAM12,MFAP5,0,0,0,0,0,95,68,0,0,0,0,297,47,359,STRING_v12,,,,
ADAMTS9,TBX22,0,0,0,0,0,0,0,0,0,0,0,0,272,272,STRING_v12,,,,
FCGR3A,EOMES,0,0,0,0,0,67,0,0,0,0,0,507,65,532,STRING_v12,,,,
IL17A,CMA1,0,0,0,0,0,48,55,0,0,0,0,348,0,362,STRING_v12,,,,
STARD3,LAMP1,0,0,0,0,0,62,0,202,0,0,0,233,66,392,STRING_v12,,,,
PSMG1,RPL9,0,0,0,0,0,163,116,0,563,0,0,0,121,677,STRING_v12,,,,
CADM4,NFASC,0,0,0,0,0,80,0,0,0,0,0,445,56,475,STRING_v12,,,,
PCF11,PYCR1,0,0,0,0,0,42,0,0,0,0,0,901,204,917,STRING_v12,,,,
SHC1,TYK2,0,0,0,0,0,49,98,0,73,500,0,304,50,675,STRING_v12,,,Yes,No
ADGRB2,PPIAL4C,0,0,0,0,0,0,99,0,237,0,0,0,67,302,STRING_v12,,,,
UBE2E2,IPO11,0,0,0,0,0,67,0,292,0,0,0,603,0,714,STRING_v12,,,,
DEUP1,PTPRU,0,0,0,0,0,0,0,0,0,0,0,358,0,358,STRING_v12,,,,
ARF5,LAMP1,0,0,0,0,0,57,74,0,0,0,0,453,66,494,STRING_v12,,,,
DAP3,PPIAL4C,0,0,0,0,0,0,55,0,316,0,0,0,0,325,STRING_v12,,,,
CD8A,CXCL5,0,0,0,0,0,42,52,0,0,0,0,575,0,580,STRING_v12,,,,
EIF2AK2,FXR2,0,0,0,0,0,67,0,162,0,0,0,177,0,300,STRING_v12,,,,
BCLAF1,FXR2,0,0,0,0,0,102,0,0,0,0,0,91,166,259,STRING_v12,,,,
NOS2,LAMP1,0,0,0,0,0,0,0,0,0,0,0,202,115,263,STRING_v12,,,,
HMOX1,TRPV1,0,0,0,0,0,0,0,0,0,0,0,302,128,365,STRING_v12,,,,
CCDC71,USP35,0,0,0,0,0,322,0,0,0,0,0,0,0,321,STRING_v12,,,,
POLR2I,PYCR1,0,0,0,0,0,62,0,0,0,0,0,571,0,580,STRING_v12,,,,
TWIST1,EOMES,0,0,0,0,0,0,54,0,0,0,0,211,90,261,STRING_v12,,,,
WDR12,PRAMEF6,0,0,0,0,0,0,105,0,312,0,0,0,79,383,STRING_v12,,,,
ATG9B,NRBF2,0,0,0,0,0,0,0,0,0,0,0,307,81,335,STRING_v12,,,,
IL2RG,LAMP1,0,0,0,0,0,0,55,0,0,0,0,324,57,344,STRING_v12,,,,
ELN,CMA1,0,0,0,0,0,88,0,0,0,0,0,312,0,345,STRING_v12,Yes,No,,
CBSL,SLC13A2,0,0,0,0,0,0,194,0,0,0,0,0,164,297,STRING_v12,,,,
ADAMTS13,CXCL5,0,0,0,0,0,0,54,0,0,0,0,410,0,417,STRING_v12,,,,
KDM1B,SETDB2,0,0,0,0,0,49,64,0,71,0,0,312,131,415,STRING_v12,,,No,Yes
EIF5AL1,PRAMEF6,0,0,0,0,0,0,298,0,303,0,0,0,79,510,STRING_v12,,,,
MYCBPAP,RPL9,0,0,0,0,0,0,108,0,100,0,0,0,240,336,STRING_v12,,,,
MRPL3,PRAMEF6,0,56,0,0,0,0,361,0,422,0,0,0,120,652,STRING_v12,,,,
PDCD5,CARD14,0,0,0,0,0,0,73,0,0,0,0,148,171,288,STRING_v12,,,,
CSF2,CMA1,0,0,0,0,0,0,0,0,0,0,0,370,0,370,STRING_v12,,,,
CTSF,LAMP1,0,0,0,0,0,60,91,0,68,0,0,302,81,396,STRING_v12,,,,
ADGRG6,LAMP1,0,0,0,0,0,0,56,0,52,0,0,370,0,386,STRING_v12,,,,
PLK5,GLRA3,0,0,0,0,0,0,0,0,0,0,0,58,353,364,STRING_v12,,,,
CDH8,CHD8,0,0,0,0,0,0,0,0,57,0,0,471,80,500,STRING_v12,,,,
KCNA10,PRAMEF6,0,0,0,0,0,0,213,0,165,0,0,0,51,321,STRING_v12,,,,
RAD54B,POLN,0,47,0,0,0,0,56,0,60,0,0,162,154,291,STRING_v12,,,,
PRAMEF18,PRAMEF6,0,0,0,73,925,312,47,0,0,0,0,0,61,353,STRING_v12,,,,
TFEB,NRBF2,0,0,0,0,0,55,0,0,0,0,0,321,74,353,STRING_v12,No,No,,
PTCH1,TBX22,0,0,0,0,0,0,0,0,0,0,0,211,115,271,STRING_v12,No,Yes,,
BPHL,IAH1,0,0,0,0,0,54,0,0,0,0,0,226,131,308,STRING_v12,,,,
GTF2A2,PCBD2,0,0,0,0,0,44,0,0,0,0,0,202,130,278,STRING_v12,,,,
MRPL16,RPL9,0,86,0,0,0,72,591,222,497,0,0,147,194,880,STRING_v12,,,,
FGF20,EOMES,0,0,0,0,0,42,67,0,0,0,0,230,68,272,STRING_v12,,,,
CLK4,LYSMD3,0,0,0,0,0,100,0,0,0,0,0,184,119,296,STRING_v12,,,,
RHOB,CCM2,0,0,0,0,0,0,55,143,78,0,0,91,93,272,STRING_v12,,,,
NTM,NFASC,0,0,0,0,591,137,74,0,49,0,0,150,93,307,STRING_v12,,,,
TNPO2,IPO11,0,0,0,0,0,62,0,0,0,0,0,577,275,687,STRING_v12,,,,
TMEM156,NFXL1,0,0,0,0,0,0,0,0,0,0,0,248,166,346,STRING_v12,,,,
NDUFC2,USP35,0,0,0,0,0,44,0,0,0,0,0,271,0,273,STRING_v12,,,,
SYT1,SCAMP1,0,0,0,0,0,54,0,0,0,0,0,224,78,264,STRING_v12,,,,
NOS1,TRPV1,0,0,0,0,0,0,0,0,0,0,0,376,204,482,STRING_v12,,,,
RAD51D-2,POLN,0,54,0,0,0,0,123,0,126,0,0,125,179,384,STRING_v12,,,,
CCL5,CMA1,0,0,0,0,0,48,105,0,0,0,0,390,0,434,STRING_v12,,,,
CHAT,TRPV1,0,0,0,0,0,0,0,0,0,0,0,305,0,305,STRING_v12,,,,
INS,EOMES,0,0,0,0,0,0,0,0,0,0,0,257,52,265,STRING_v12,,,,
SGPL1,PCBD2,0,0,0,0,0,42,0,0,56,0,0,0,248,260,STRING_v12,,,,
CIT,PLEKHG4,0,0,0,0,0,63,0,0,0,400,0,0,0,413,STRING_v12,,,,
IRF4,EOMES,0,0,0,0,0,56,101,0,45,0,0,540,67,588,STRING_v12,Yes,No,,
SYNM,MRGPRE,0,0,0,354,0,0,0,0,0,0,0,0,0,354,STRING_v12,,,,
ANKZF1,RPL9,0,0,0,0,0,56,0,0,429,0,0,0,0,437,STRING_v12,,,,
ATP6V1G1,LAMP1,0,0,0,0,0,42,0,0,71,0,0,228,92,292,STRING_v12,,,,
THBS4,MFAP5,0,0,0,0,0,109,109,0,0,0,0,220,45,329,STRING_v12,,,,
IL1B,SRGN,0,0,0,0,0,241,60,0,0,0,0,559,0,657,STRING_v12,,,,
ADAMTS2,PYCR1,0,0,0,0,0,42,0,0,0,0,0,625,0,625,STRING_v12,,,,
STIM1,LAMP1,0,0,0,0,0,44,0,109,0,0,0,203,0,261,STRING_v12,,,,
KDM3A,SETDB2,0,0,0,0,0,49,0,0,0,0,0,293,68,318,STRING_v12,,,No,Yes
CHCHD1,FXR2,0,0,0,0,0,62,63,0,0,0,0,108,204,292,STRING_v12,,,,
MBNL1,FXR2,0,0,0,0,0,163,0,0,0,0,0,269,115,411,STRING_v12,,,,
C3orf14,ZNF525,0,0,0,0,0,0,0,0,0,0,0,323,0,323,STRING_v12,,,,
NUDCD2,RPL9,0,0,0,0,0,159,0,292,0,0,0,0,0,379,STRING_v12,,,,
COL23A1,CRTAP,0,0,0,0,0,0,0,0,0,500,0,0,47,503,STRING_v12,,,,
VAMP7,LAMP1,0,0,0,0,0,44,88,228,45,0,0,706,159,804,STRING_v12,,,,
RDX,CCM2,0,0,0,0,0,0,0,0,66,0,0,320,66,354,STRING_v12,,,,
VPS18,GNPTAB,0,0,0,0,0,60,0,0,0,0,0,164,154,277,STRING_v12,,,,
SOCS6,TYK2,0,0,0,0,0,0,0,0,91,650,0,240,45,738,STRING_v12,,,Yes,No
GART,RPL9,0,0,0,0,0,560,67,0,0,0,0,63,0,581,STRING_v12,,,,
MSH4,POLN,0,0,0,0,0,49,62,0,64,0,0,215,156,345,STRING_v12,,,,
CCL3L1,CXCL5,0,0,0,0,0,60,128,0,0,0,0,289,251,505,STRING_v12,,,,
TAFA1,GLRA3,0,0,0,0,0,67,0,0,0,0,0,316,107,380,STRING_v12,,,,
AK3,CARD14,0,0,0,0,0,0,110,0,133,0,184,0,91,351,STRING_v12,,,,
TRAF1,TYK2,0,0,0,0,0,74,57,0,90,0,0,200,65,297,STRING_v12,,,Yes,No
SLC6A20,ATP13A5,0,0,0,0,0,0,0,0,0,0,0,245,137,320,STRING_v12,,,,
GPR143,IAH1,0,0,0,0,0,0,0,0,0,0,520,0,158,578,STRING_v12,,,,
MYOF,LAMP1,0,0,0,0,0,67,55,128,0,0,0,99,111,271,STRING_v12,,,,
SLC18A3,TRPV1,0,0,0,0,0,0,0,0,0,0,0,304,0,304,STRING_v12,,,,
TNFSF10,CXCL5,0,0,0,0,0,0,0,0,0,0,0,290,0,290,STRING_v12,,,,
CCT8,RPL9,0,0,0,242,0,665,0,0,0,0,0,104,0,752,STRING_v12,,,,
ZNF613,ZNF525,0,0,0,88,878,264,0,0,0,0,0,0,0,300,STRING_v12,,,,
SPCS3,RPL9,0,0,0,0,0,54,99,0,0,400,0,110,76,502,STRING_v12,,,,
KIF3C,FXR2,0,0,0,0,0,49,0,0,0,0,0,520,90,548,STRING_v12,,,,
GOLGA2,LAMP1,0,0,0,0,0,85,54,0,0,0,0,621,80,657,STRING_v12,,,,
SLC9A3,SLC13A2,0,51,0,0,0,60,110,0,0,0,0,375,90,466,STRING_v12,,,,
ERO1A,SECISBP2L,0,0,0,0,0,0,102,0,130,0,0,0,136,266,STRING_v12,,,,
CARD16,SRGN,0,0,0,0,0,224,55,0,0,0,0,116,0,295,STRING_v12,,,,
SH2B1,TYK2,0,0,0,0,0,191,0,0,89,0,0,91,67,291,STRING_v12,,,Yes,No
JAG1,MFAP5,0,0,0,0,0,44,54,0,0,0,0,257,0,269,STRING_v12,,,,
MYCBPAP,LYSMD3,0,0,0,0,0,0,0,0,0,0,0,305,0,305,STRING_v12,,,,
PARP6,RPL9,0,95,0,0,0,0,400,0,512,0,0,0,47,713,STRING_v12,,,,
PRICKLE2,PTPRU,0,0,0,0,0,80,0,0,0,0,0,663,0,676,STRING_v12,,,,
CD276,EOMES,0,0,0,0,0,0,0,0,0,0,0,595,44,596,STRING_v12,Yes,No,,
H2BC21,CHD8,0,0,0,0,0,0,0,186,146,0,0,167,57,380,STRING_v12,,,,
APLP2,NFASC,0,0,0,0,0,0,55,0,309,0,0,55,0,329,STRING_v12,,,,
DNMT3A,CHD8,0,0,0,0,0,63,0,0,91,0,0,293,0,345,STRING_v12,No,Yes,,
APOE,LAMP1,0,0,0,0,0,61,87,0,0,0,0,355,128,453,STRING_v12,,,,
MYC,CHD8,0,0,0,0,0,0,0,164,0,0,0,246,0,342,STRING_v12,Yes,No,,
ZNF675,ZNF525,0,0,0,85,907,259,0,0,0,0,0,0,0,293,STRING_v12,,,,
FDXACB1,PRAMEF6,0,0,0,0,0,0,205,0,0,0,0,0,116,267,STRING_v12,,,,
ATP6V1B2,LAMP1,0,0,0,0,0,88,53,0,91,0,0,321,127,449,STRING_v12,No,Yes,,
ACO2,SRGN,0,0,0,0,0,0,0,0,0,0,0,0,353,353,STRING_v12,,,,
IL1RN,CARD14,0,0,0,0,0,54,0,0,0,0,0,276,0,285,STRING_v12,,,,
MTHFSD,MFAP5,0,0,0,0,0,0,0,0,0,0,0,212,114,271,STRING_v12,,,,
PSMB8,SRGN,0,0,0,0,0,197,47,0,0,0,0,203,137,403,STRING_v12,,,,
ZER1,PRAMEF6,0,0,0,0,0,0,0,0,0,900,0,0,52,901,STRING_v12,,,,
CTDSPL2,PLEKHG4,0,0,0,0,0,0,0,0,98,0,0,199,116,305,STRING_v12,,,,
SHANK1,CHD8,0,0,0,0,0,0,0,0,99,0,0,289,46,335,STRING_v12,,,,
VPS72,CHD8,0,0,0,0,0,49,0,0,263,0,0,0,91,307,STRING_v12,,,,
COL11A1,MFAP5,0,0,0,0,0,181,52,0,0,0,0,431,0,519,STRING_v12,,,,
SMARCA1,CHD8,0,0,0,168,730,0,51,0,298,0,0,135,64,469,STRING_v12,Yes,Yes,,
RSL1D1,PRAMEF6,0,0,0,0,0,0,109,0,306,0,0,0,0,355,STRING_v12,,,,
OXTR,TRPV1,0,0,0,0,0,0,0,0,45,0,0,307,0,309,STRING_v12,,,,
WDR91,GNPTAB,0,0,0,0,0,186,0,0,0,0,0,271,159,457,STRING_v12,,,,
RAB9A,SCAMP1,0,0,0,0,0,49,0,84,0,0,0,460,0,488,STRING_v12,,,,
CCT4,FXR2,0,0,0,0,0,180,67,0,92,0,0,72,62,285,STRING_v12,,,,
PLAU,CXCL5,0,0,0,0,0,72,120,0,0,0,0,302,47,384,STRING_v12,,,,
TP53,LAMP1,0,0,0,0,0,0,0,164,0,0,0,400,0,476,STRING_v12,No,Yes,,
TMEM38B,CRTAP,0,0,0,0,0,42,0,0,0,0,0,799,204,833,STRING_v12,,,,
EIF3D,RPL9,0,0,0,0,0,435,189,0,0,0,0,64,52,539,STRING_v12,,,,
EDN1,CXCL5,0,0,0,0,0,56,56,0,0,0,0,246,0,269,STRING_v12,,,,
ADAMTSL5,CARD14,0,0,0,0,0,49,0,0,45,0,0,414,74,441,STRING_v12,,,,
BCS1L,PRAMEF6,0,0,0,0,0,0,103,0,287,0,0,0,46,336,STRING_v12,,,,
CDC20,USP35,0,0,0,0,0,0,0,0,180,0,0,102,95,275,STRING_v12,,,,
CATSPER1,TRPV1,0,0,0,0,0,0,0,0,0,0,0,213,138,292,STRING_v12,,,,
DKC1,RPL9,0,102,0,0,0,107,195,0,0,0,0,77,118,378,STRING_v12,,,,
PENK,TRPV1,0,0,0,0,0,0,0,0,0,0,0,324,187,426,STRING_v12,,,,
PHF3,CHD8,0,0,0,0,0,149,140,0,65,0,0,223,163,473,STRING_v12,,,,
POLR2K,CHD8,0,0,0,0,0,0,0,0,297,0,0,0,57,308,STRING_v12,,,,
ATG10,LAMP1,0,0,0,0,0,0,0,0,0,0,0,368,182,460,STRING_v12,,,,
GTPBP3,PPIAL4C,0,55,0,0,0,0,0,0,386,0,0,0,0,394,STRING_v12,,,,
TBL1Y,PPIAL4C,0,0,0,0,0,0,69,0,251,0,0,0,114,328,STRING_v12,,,,
BTLA,LAMP1,0,0,0,0,0,0,58,0,0,0,0,295,0,307,STRING_v12,No,No,,
OMD,MFAP5,0,0,0,0,0,245,107,0,0,0,0,58,0,309,STRING_v12,No,No,,
GARS1,PPIAL4C,0,0,0,0,0,0,238,0,133,0,0,0,57,322,STRING_v12,,,,
LIAS,RPL9,0,0,0,0,0,48,0,0,0,0,0,272,243,429,STRING_v12,,,,
CACYBP,NRBF2,0,0,0,0,0,0,0,0,0,0,0,85,252,286,STRING_v12,,,,
ESR1,ARNTL2,0,0,0,0,0,0,0,0,183,0,0,125,85,288,STRING_v12,Yes,No,,
TMEM30B,ATP13A5,0,0,0,0,0,0,0,0,300,0,0,0,92,337,STRING_v12,,,,
ATXN10,PLEKHG4,0,0,0,0,0,0,87,0,0,0,0,663,0,679,STRING_v12,,,,
GEMIN2,PCBD2,0,0,0,0,0,67,0,0,0,0,0,60,253,287,STRING_v12,,,,
SLC32A1,GLRA3,0,0,0,0,0,67,55,0,0,0,0,220,197,373,STRING_v12,,,,
EPHA4,CCM2,0,0,0,0,0,0,0,0,98,0,0,318,0,358,STRING_v12,,,,
ISLR,MFAP5,0,0,0,0,0,199,0,0,0,0,0,137,44,281,STRING_v12,,,,
ADGRE5,LAMP1,0,0,0,0,0,45,56,0,52,0,0,167,353,455,STRING_v12,,,,
NES,LAMP1,0,0,0,0,0,42,0,0,0,0,0,220,101,269,STRING_v12,,,,
DHX38,CHD8,0,0,0,0,0,245,0,0,87,0,0,0,65,299,STRING_v12,,,,
CD96,LAMP1,0,0,0,0,0,0,59,0,0,0,0,311,0,323,STRING_v12,,,,
SPI1,DTX1,0,0,0,0,0,81,0,0,0,0,0,270,61,315,STRING_v12,,,No,Yes
ACOT9,LYSMD3,0,0,0,0,0,0,81,0,0,0,0,224,90,294,STRING_v12,,,,
LRRN4CL,PCBD2,0,0,0,0,0,49,0,0,0,0,0,311,91,352,STRING_v12,,,,
FGFR2,EOMES,0,0,0,0,0,0,0,0,46,0,0,270,49,279,STRING_v12,Yes,No,,
HMGCR,CMA1,0,0,0,0,0,0,0,0,0,0,0,343,45,345,STRING_v12,,,,
RETN,CXCL5,0,0,0,0,0,58,0,0,0,0,0,311,82,352,STRING_v12,,,,
KCNMA1,TRPV1,0,0,0,0,0,0,0,0,0,0,0,370,100,408,STRING_v12,,,,
TUBB1,SECISBP2L,0,0,0,0,0,0,242,0,130,0,0,73,53,343,STRING_v12,,,,
CTH,TRPV1,0,0,0,0,0,0,0,0,0,0,0,248,70,270,STRING_v12,,,,
FUT7,EOMES,0,0,0,0,0,62,53,0,51,0,0,339,0,368,STRING_v12,,,,
TYROBP,EOMES,0,0,0,0,0,80,87,0,0,0,0,222,0,289,STRING_v12,,,,
ZNF551,ZNF525,0,0,0,103,861,255,0,0,0,0,0,0,0,303,STRING_v12,,,,
TEDDM1,SLC13A2,0,0,0,0,0,44,55,0,0,0,0,248,0,261,STRING_v12,,,,
DNAJC25,RPL9,0,0,0,0,0,0,63,314,261,0,0,0,53,489,STRING_v12,,,,
POLM,POLN,0,0,0,0,0,49,109,0,56,0,0,725,155,780,STRING_v12,,,,
KIF21B,TYK2,0,0,0,0,0,58,0,0,83,0,0,219,52,274,STRING_v12,,,Yes,No
PPP1R26,RPL9,0,50,0,0,0,0,591,0,497,0,0,60,194,824,STRING_v12,,,,
NLGN4X,FXR2,0,0,0,0,0,0,0,0,0,0,0,321,89,354,STRING_v12,,,,
RELB,CARD14,0,0,0,0,0,42,0,0,125,0,0,202,49,278,STRING_v12,,,,
HSD3B1,RPL9,0,0,0,0,0,0,130,0,431,0,0,0,51,489,STRING_v12,Yes,No,,
SLC25A16,RPL9,0,0,0,0,0,42,140,0,297,0,0,0,0,370,STRING_v12,,,,
NAAA,TRPV1,0,0,0,0,0,0,0,0,0,0,0,505,80,525,STRING_v12,,,,
PIK3CA,NRBF2,0,0,0,0,0,99,0,0,0,360,0,0,86,426,STRING_v12,Yes,No,,
WDR31,RPL9,0,0,0,0,0,0,677,0,746,0,0,0,66,916,STRING_v12,,,,
HEYL,DTX1,0,0,0,0,0,42,0,0,71,0,0,348,44,371,STRING_v12,,,No,Yes
STING1,TYK2,0,0,0,0,0,67,55,0,54,0,0,246,0,286,STRING_v12,,,Yes,No
RPS23,PRAMEF6,0,57,0,0,0,0,386,0,314,0,0,0,133,609,STRING_v12,,,,
KDM5A,PRAMEF6,0,0,0,0,0,0,294,0,0,0,0,0,0,294,STRING_v12,Yes,No,,
EEF1G,PPIAL4C,0,0,0,0,0,0,107,0,52,0,0,0,203,266,STRING_v12,,,,
HES1,DTX1,0,0,0,0,0,0,0,0,71,0,0,292,89,348,STRING_v12,,,No,Yes
BHLHE40,ARNTL2,0,0,0,0,0,0,0,0,89,0,0,669,82,699,STRING_v12,,,,
FN1,LAMP1,0,0,0,0,0,42,0,0,0,0,0,635,0,635,STRING_v12,,,,
DYSF,LAMP1,0,0,0,0,0,47,55,0,0,0,0,199,137,294,STRING_v12,,,,
CEACAM8,CXCL5,0,0,0,0,0,42,67,0,0,0,0,327,0,345,STRING_v12,,,,
S100A7,CXCL5,0,0,0,0,0,48,0,0,0,0,0,398,0,402,STRING_v12,,,,
AK4,CARD14,0,0,0,0,0,0,110,0,133,0,184,0,91,351,STRING_v12,,,,
PXDNL,TYK2,0,0,0,0,0,0,52,0,0,0,0,290,66,316,STRING_v12,,,Yes,No
PTF1A,EOMES,0,0,0,0,0,0,50,0,66,0,0,220,62,263,STRING_v12,,,,
OLIG1,EOMES,0,0,0,0,0,0,57,0,46,0,0,255,100,316,STRING_v12,,,,
TTC8,TRPV1,0,0,0,0,0,49,0,0,0,0,0,513,57,525,STRING_v12,,,,
TSC2,CHD8,0,0,0,0,0,86,0,0,0,0,0,348,51,385,STRING_v12,No,Yes,,
LY96,SRGN,0,0,0,217,0,258,0,0,0,0,0,0,0,394,STRING_v12,,,,
GLCCI1,NRBF2,0,0,0,0,0,0,0,0,0,0,0,104,213,264,STRING_v12,,,,
CA7,SLC13A2,0,0,0,0,0,62,89,0,0,0,0,148,107,262,STRING_v12,,,,
TOMM20,LAMP1,0,0,0,0,0,74,0,0,0,0,0,583,115,628,STRING_v12,,,,
IRGM,LAMP1,0,0,0,0,0,0,46,0,0,0,0,322,0,325,STRING_v12,,,,
CCL24,CMA1,0,0,0,0,0,62,47,0,0,0,0,464,0,479,STRING_v12,,,,
SNRNP70,FXR2,0,0,0,0,0,163,0,165,0,0,0,91,57,320,STRING_v12,,,,
S100A12,CXCL5,0,0,0,0,0,72,52,0,0,0,0,324,0,353,STRING_v12,,,,
NR2C2,RPL9,0,0,0,0,0,0,0,292,97,0,0,0,65,350,STRING_v12,,,,
PCDH18,LYSMD3,0,0,0,0,0,0,0,0,0,0,0,201,349,457,STRING_v12,,,,
MPHOSPH8,CHD8,0,0,0,0,0,79,56,0,293,0,0,0,91,366,STRING_v12,,,,
WWOX,PCBD2,0,0,0,0,0,0,74,0,0,0,215,0,104,291,STRING_v12,,,,
KLF4,EOMES,0,0,0,0,0,0,0,0,54,0,0,433,52,447,STRING_v12,Yes,Yes,,
RINT1,NFXL1,0,0,0,0,0,182,549,0,0,0,0,0,0,615,STRING_v12,,,,
ATXN2,PLEKHG4,0,0,0,0,0,0,0,0,0,0,0,581,0,581,STRING_v12,No,Yes,,
ZBTB38,SETDB2,0,0,0,0,0,0,67,0,95,0,0,261,122,378,STRING_v12,,,No,Yes
ANAPC16,PYCR1,0,0,0,0,0,0,0,456,0,0,0,0,0,456,STRING_v12,,,,
AGTR1,CMA1,0,0,0,0,0,65,0,0,52,0,0,602,0,616,STRING_v12,,,,
CELSR2,PTPRU,0,0,0,0,0,103,87,0,0,0,0,414,0,478,STRING_v12,,,,
MKI67,RPL9,0,0,0,0,0,42,0,292,0,0,0,0,0,292,STRING_v12,Yes,No,,
RTEL1,POLN,0,0,0,0,0,0,91,0,0,0,0,148,166,297,STRING_v12,No,Yes,,
SLC1A5,PLEKHG4,0,0,0,0,0,83,0,0,0,400,0,0,0,426,STRING_v12,,,,
RAP1GAP,EOMES,0,0,0,0,0,0,0,0,49,0,0,448,0,452,STRING_v12,,,,
MRPL41,RPL9,0,0,0,0,0,72,80,0,814,0,0,0,0,827,STRING_v12,,,,
ARSA,GNPTAB,0,0,0,0,0,0,0,0,89,0,0,223,0,261,STRING_v12,,,,
BAZ2B,SETDB2,0,0,0,0,0,67,67,0,44,0,0,447,75,496,STRING_v12,,,No,Yes
CCL4,EOMES,0,0,0,0,0,84,0,0,0,0,0,350,57,389,STRING_v12,,,,
LY86,SRGN,0,0,0,0,0,246,55,0,0,0,0,82,93,327,STRING_v12,,,,
DNAJC10,PPIAL4C,0,41,0,0,0,0,61,0,279,0,0,0,102,338,STRING_v12,,,,
IL6,CMA1,0,0,0,0,0,0,0,0,0,0,0,541,0,541,STRING_v12,,,,
CMTR1,FXR2,0,0,0,0,0,103,0,292,0,0,0,0,0,337,STRING_v12,,,,
KCNA3,TRPV1,0,0,0,0,0,0,0,0,0,0,0,392,52,398,STRING_v12,,,,
SLC25A6,PPIAL4C,0,0,0,0,0,0,120,0,253,0,0,0,72,336,STRING_v12,,,,
CAMK2N1,SCAMP1,0,0,0,0,0,0,0,0,0,0,0,104,351,393,STRING_v12,,,,
THOP1,CMA1,0,0,0,0,0,0,0,0,0,0,0,311,52,318,STRING_v12,,,,
EPRS1,PRAMEF6,0,0,0,0,0,0,301,0,291,0,0,0,141,537,STRING_v12,,,,
LRRC6,PLEKHG4,0,0,0,0,0,0,0,0,0,0,0,135,209,286,STRING_v12,,,,
TGFBR3,SRGN,0,0,0,0,0,42,0,0,0,0,0,336,0,336,STRING_v12,,,,
UBAP2,CHD8,0,0,0,0,0,213,55,0,86,0,0,0,115,317,STRING_v12,,,,
REST,CHD8,0,0,0,0,0,49,67,292,102,0,0,220,0,479,STRING_v12,No,Yes,,
CXCL12,EOMES,0,0,0,0,0,43,0,0,0,0,0,270,0,271,STRING_v12,,,,
QARS1,RPL9,0,0,0,0,0,166,401,0,498,0,0,0,194,770,STRING_v12,,,,
DNAJC13,SCAMP1,0,0,0,0,0,49,55,216,0,0,0,88,51,279,STRING_v12,,,,
RORB,EOMES,0,0,0,0,0,42,0,0,0,0,0,279,81,309,STRING_v12,,,,
PURB,FXR2,0,0,0,0,0,92,0,0,108,0,0,181,136,350,STRING_v12,,,,
AUH,RPL9,0,0,0,0,0,55,0,0,312,0,0,0,0,322,STRING_v12,,,,
KIRREL1,PTPRU,0,0,0,0,0,107,52,0,69,0,0,290,65,381,STRING_v12,,,,
ATG9A,NRBF2,0,0,0,0,0,42,0,0,0,0,0,251,91,290,STRING_v12,,,,
UBL5,IPO11,0,0,0,0,0,54,0,0,0,0,0,63,243,270,STRING_v12,,,,
DRG2,SCAMP1,0,0,0,0,0,42,67,0,0,0,0,148,295,391,STRING_v12,,,,
ATP6V1A,LAMP1,0,0,0,0,0,88,0,143,0,0,0,366,115,502,STRING_v12,,,,
ANLN,PYCR1,0,0,0,0,0,109,0,292,0,0,0,56,0,352,STRING_v12,,,,
COL5A2,MFAP5,0,0,0,0,0,195,113,0,0,0,0,433,0,559,STRING_v12,,,,
ALB,EOMES,0,0,0,0,0,0,0,0,0,0,0,311,51,318,STRING_v12,No,No,,
RFX5,EOMES,0,0,0,0,0,42,42,0,0,0,0,0,279,280,STRING_v12,,,,
LUM,MFAP5,0,0,0,0,0,128,194,0,0,0,0,348,43,502,STRING_v12,,,,
PLCD4,IPO11,0,0,0,0,0,0,0,421,0,0,0,0,57,430,STRING_v12,,,,
COL4A2,MFAP5,0,0,0,0,0,84,52,0,0,0,0,220,0,263,STRING_v12,,,,
CASP3,TYK2,0,0,0,0,0,42,78,0,67,0,0,291,66,354,STRING_v12,,,Yes,No
ACE2,CXCL5,0,0,0,0,0,0,0,0,0,0,0,270,0,270,STRING_v12,,,,
H4C4,CHD8,0,0,0,0,0,0,0,0,239,0,0,0,90,277,STRING_v12,,,,
CDKN2A,LAMP1,0,0,0,0,0,42,0,0,46,0,0,290,0,294,STRING_v12,No,Yes,,
CNKSR1,TRPV1,0,0,0,0,0,56,56,0,0,0,0,0,280,302,STRING_v12,,,,
SCN2A,NFASC,0,0,0,0,0,138,93,0,0,500,0,571,68,815,STRING_v12,,,,
BAZ1B,CHD8,0,0,0,0,0,190,209,0,181,0,0,222,90,560,STRING_v12,,,,
DHRS4L2,PCBD2,0,0,0,0,0,0,74,0,0,0,215,0,111,297,STRING_v12,,,,
RPLP0,IPO11,0,0,0,0,0,67,0,0,64,0,0,0,238,276,STRING_v12,,,,
SLC7A5,LAMP1,0,0,0,0,0,62,55,122,46,0,0,177,0,277,STRING_v12,,,,
MPO,CMA1,0,0,0,0,0,56,0,0,44,0,0,524,79,551,STRING_v12,,,,
WDR20,USP35,0,0,0,0,0,49,55,0,184,0,0,0,187,324,STRING_v12,,,,
HES4,DTX1,0,0,0,0,0,0,0,0,71,0,0,474,89,515,STRING_v12,,,No,Yes
CXCL16,EOMES,0,0,0,0,0,47,0,0,0,0,0,269,0,273,STRING_v12,,,,
CRNKL1,PPIAL4C,0,0,0,0,0,0,98,0,265,0,0,0,57,320,STRING_v12,,,,
IQGAP1,PLEKHG4,0,0,0,0,0,0,67,0,0,400,0,0,0,416,STRING_v12,Yes,No,,
PARL,USP35,0,0,0,0,0,0,0,0,0,0,0,358,91,391,STRING_v12,,,,
CBX3,CHD8,0,0,0,0,0,75,0,94,130,0,0,80,163,336,STRING_v12,,,,
COL4A1,MFAP5,0,0,0,0,0,105,55,0,0,0,0,279,0,336,STRING_v12,,,,
ATP6AP1L,ATP13A5,0,0,0,0,0,0,0,0,0,0,0,249,80,279,STRING_v12,,,,
PLOD1,PYCR1,0,0,0,0,0,109,0,0,0,0,0,211,42,267,STRING_v12,,,,
CSNK2A3,PPIAL4C,0,0,0,0,0,0,0,0,257,0,0,0,51,264,STRING_v12,,,,
NLGN3,GNPTAB,0,0,0,0,0,0,0,0,45,0,0,0,290,292,STRING_v12,,,,
PRODH2,PYCR1,0,61,0,0,0,49,0,0,71,900,0,0,169,918,STRING_v12,,,,
CSPG4,SRGN,0,0,0,0,0,0,0,0,0,0,0,310,0,309,STRING_v12,,,,
LYST,POLN,0,0,0,0,0,0,0,0,0,0,0,0,353,353,STRING_v12,,,,
DOCK4,RPL9,0,57,0,0,0,0,679,0,719,0,0,63,197,924,STRING_v12,,,,
PSMB1,SETDB2,0,0,0,0,0,44,0,0,45,0,0,63,353,372,STRING_v12,,,No,Yes
MRPL22,PRAMEF6,0,56,0,0,0,0,361,0,428,0,0,0,120,655,STRING_v12,,,,
WDR37,USP35,0,0,0,0,0,85,0,0,180,0,0,0,95,261,STRING_v12,,,,
IKZF1,EOMES,0,0,0,0,0,74,99,0,54,0,0,348,52,423,STRING_v12,No,No,,
IL2RA,LAMP1,0,0,0,0,0,0,0,0,0,0,0,306,49,311,STRING_v12,,,,
SATB1,EOMES,0,0,0,0,0,58,75,0,0,0,0,313,161,430,STRING_v12,,,,
CASR,CHD8,0,0,0,0,0,0,57,292,46,0,0,0,0,307,STRING_v12,,,,
HIBCH,RPL9,0,0,0,0,0,49,0,0,312,0,0,91,0,353,STRING_v12,,,,
ORAI1,TRPV1,0,0,0,0,0,0,0,0,0,0,0,447,77,467,STRING_v12,,,,
MYADML2,PYCR1,0,0,181,0,0,0,0,0,0,0,0,164,0,286,STRING_v12,,,,
CORO1A,LAMP1,0,0,0,0,0,42,46,0,0,0,0,285,0,289,STRING_v12,,,,
MAPK3,EOMES,0,0,0,0,0,0,62,0,67,0,0,247,0,283,STRING_v12,Yes,No,,
BCAP31,LAMP1,0,0,0,0,0,133,55,292,0,0,0,151,0,441,STRING_v12,,,,
MMP2,CXCL5,0,0,0,0,0,0,58,0,0,0,0,373,66,400,STRING_v12,,,,
CCNQ,OR2T27,0,0,0,0,0,0,0,0,0,0,0,447,0,447,STRING_v12,No,Yes,,
MAPK8IP3,TYK2,0,0,0,0,0,74,55,0,52,0,0,0,302,343,STRING_v12,,,Yes,No
KDM2A,CHD8,0,0,0,0,0,124,249,0,125,0,0,125,102,465,STRING_v12,,,,
USP39,USP35,0,0,0,0,0,0,55,0,0,0,0,359,278,524,STRING_v12,,,,
CNTF,TYK2,0,0,0,0,0,0,0,0,0,500,0,371,45,673,STRING_v12,,,Yes,No
TES,IAH1,0,0,0,0,0,60,0,0,0,0,0,85,348,390,STRING_v12,,,,
POLE4,POLN,0,0,0,0,0,0,0,0,0,0,0,271,102,317,STRING_v12,,,,
DEPDC7,CARD14,0,0,0,0,0,0,0,0,0,0,0,621,67,631,STRING_v12,,,,
TPRA1,TRPV1,0,0,0,0,0,0,0,0,0,0,0,445,53,451,STRING_v12,,,,
XCL1,CXCL5,0,0,0,0,0,0,0,0,0,0,0,471,64,483,STRING_v12,,,,
POLE2,PPIAL4C,0,0,0,0,0,0,0,0,304,0,0,0,0,304,STRING_v12,,,,
TCP1,SECISBP2L,0,0,0,0,0,0,321,0,51,0,0,0,84,358,STRING_v12,,,,
PXDNL,CMA1,0,0,0,0,0,0,0,0,44,0,0,287,86,322,STRING_v12,,,,
DPH3,NRBF2,0,0,0,0,0,300,0,0,0,0,0,0,0,300,STRING_v12,,,,
GRIN2A,FXR2,0,0,0,0,0,0,0,0,0,0,0,358,65,374,STRING_v12,No,Yes,,
WDR73,SETDB2,0,0,0,0,0,49,60,0,190,0,0,0,101,261,STRING_v12,,,No,Yes
PANX1,TRPV1,0,0,0,0,0,0,0,0,0,0,0,393,56,402,STRING_v12,,,,
METTL16,FXR2,0,0,0,0,0,95,63,0,0,0,0,220,0,280,STRING_v12,,,,
KLK6,NFASC,0,0,0,0,0,74,0,0,82,0,0,82,277,360,STRING_v12,,,,
RPL5,NFXL1,0,0,0,0,0,0,0,0,479,0,0,0,49,483,STRING_v12,No,Yes,,
BDNF,CXCL5,0,0,0,0,0,0,0,0,0,0,0,278,0,278,STRING_v12,,,,
NOC3L,RPL9,0,0,0,0,0,86,0,0,842,0,0,0,62,852,STRING_v12,,,,
ZNF687,CHD8,0,0,0,0,0,98,55,0,102,0,0,108,104,276,STRING_v12,,,,
GALT,NRBF2,0,0,0,0,0,0,0,431,0,0,0,0,0,431,STRING_v12,,,,
PRPF8,RPL9,0,0,0,0,0,67,0,209,0,0,0,69,57,265,STRING_v12,No,Yes,,
IRF5,TYK2,0,0,0,0,0,62,98,0,94,0,0,807,56,834,STRING_v12,,,Yes,No
UBQLN2,RPL9,0,0,0,0,0,55,151,0,313,0,0,0,67,416,STRING_v12,,,,
ADAMTS4,PYCR1,0,0,0,0,0,0,0,0,0,0,0,515,0,515,STRING_v12,,,,
CTNNB1,CXCL5,0,0,0,0,0,0,0,0,0,0,0,325,0,325,STRING_v12,Yes,No,,
ULBP1,LAMP1,0,0,0,0,0,0,117,0,0,0,0,476,64,529,STRING_v12,,,,
PRDX6,SECISBP2L,0,48,0,0,0,0,110,0,174,0,0,0,114,296,STRING_v12,,,,
RPLP0,PPIAL4C,0,0,0,0,0,0,185,0,71,0,0,0,102,260,STRING_v12,,,,
DPP8,SCAMP1,0,0,0,0,0,242,0,0,0,0,0,87,0,278,STRING_v12,,,,
WRN,POLN,0,45,0,0,0,0,96,0,0,0,0,248,271,463,STRING_v12,No,Yes,,
DNM2,LAMP1,0,0,0,0,0,92,57,0,0,0,0,397,112,480,STRING_v12,Yes,No,,
NUP107,IPO11,0,0,0,0,0,56,0,0,0,0,0,184,165,300,STRING_v12,,,,
TEX10,RPL9,0,0,0,0,0,67,0,0,442,500,0,0,45,718,STRING_v12,,,,
BECN2,NRBF2,0,0,0,0,0,0,74,0,51,900,0,121,282,934,STRING_v12,,,,
LILRB1,EOMES,0,0,0,0,0,83,0,0,45,0,0,297,0,330,STRING_v12,,,,
ZNF653,USP35,0,0,0,0,0,310,0,0,53,0,0,0,53,327,STRING_v12,,,,
DNAJB13,RPL9,0,0,0,0,0,0,63,0,261,0,0,0,53,286,STRING_v12,,,,
SMURF1,LAMP1,0,0,0,0,0,0,0,0,0,0,0,119,197,262,STRING_v12,,,,
PRX,NFASC,0,0,0,0,0,0,0,0,51,0,0,265,103,319,STRING_v12,,,,
EIF5A2,RPL9,0,0,0,0,0,0,634,0,752,0,0,105,185,924,STRING_v12,,,,
PAF1,FXR2,0,0,0,0,0,60,0,274,0,0,0,0,0,288,STRING_v12,,,,
WDR76,CHD8,0,0,0,0,0,0,93,292,91,0,0,0,81,391,STRING_v12,,,,
JAG2,DTX1,0,0,0,0,0,42,0,0,133,0,0,473,52,529,STRING_v12,,,No,Yes
RPL13A,DTX1,0,0,0,0,0,0,63,0,126,0,0,137,80,262,STRING_v12,,,No,Yes
ITK,EOMES,0,0,0,0,0,253,59,0,0,0,0,445,57,582,STRING_v12,No,No,,
PLEKHA5,OR2T27,0,0,0,0,0,0,0,0,0,0,0,366,0,366,STRING_v12,,,,
CD38,LAMP1,0,0,0,0,0,42,0,0,0,0,0,511,47,514,STRING_v12,,,,
ATF3,TRPV1,0,0,0,0,0,0,0,0,0,0,0,432,166,506,STRING_v12,,,,
BST2,TYK2,0,0,0,0,0,58,98,0,0,0,0,298,0,351,STRING_v12,,,Yes,No
TRAK2,GLRA3,0,0,0,0,0,0,0,0,0,0,0,332,137,398,STRING_v12,,,,
TNFRSF1B,CXCL5,0,0,0,0,0,43,60,0,0,0,0,315,0,329,STRING_v12,,,,
ADGRL4,ATP13A5,0,0,0,0,0,0,0,0,0,0,0,270,101,315,STRING_v12,,,,
RSAD1,RPL9,0,102,0,0,0,49,659,0,746,0,0,0,240,933,STRING_v12,,,,
ARRB2,CHD8,0,0,0,0,0,0,0,0,0,0,0,0,352,351,STRING_v12,,,,
NAA16,RPL9,0,0,0,0,0,0,55,0,319,0,0,0,0,328,STRING_v12,,,,
ACE2,LAMP1,0,0,0,0,0,0,0,0,0,0,0,289,93,327,STRING_v12,,,,
TPM3,TRPV1,0,0,0,0,0,0,0,0,0,0,0,396,51,402,STRING_v12,No,No,,
HECW1,LAMP1,0,0,0,0,0,0,0,0,0,0,0,0,274,274,STRING_v12,,,,
TUBB3,EOMES,0,0,0,0,0,0,67,0,46,0,0,325,102,388,STRING_v12,,,,
DSG4,SETDB2,0,0,0,0,0,0,58,203,125,0,0,0,51,293,STRING_v12,,,No,Yes
TYROBP,LAMP1,0,0,0,0,0,67,101,0,0,0,0,348,0,405,STRING_v12,,,,
POLD1,CHD8,0,48,0,0,0,108,85,0,106,0,0,75,101,287,STRING_v12,No,Yes,,
DSG2,LAMP1,0,0,0,0,0,42,55,188,0,0,0,108,45,259,STRING_v12,,,,
RPL26L1,NFXL1,0,0,0,0,0,0,0,0,313,0,0,0,0,313,STRING_v12,,,,
LHX6,EOMES,0,0,0,0,0,0,86,0,71,0,0,356,68,422,STRING_v12,,,,
CCN2,MFAP5,0,0,0,0,0,107,103,0,0,0,0,230,0,329,STRING_v12,,,,
ECM2,MFAP5,0,0,0,0,0,253,94,0,0,0,0,187,72,421,STRING_v12,,,,
ITGB7,EOMES,0,0,0,0,0,72,0,0,0,0,0,247,47,275,STRING_v12,,,,
PRDX2,SECISBP2L,0,48,0,0,0,0,110,0,174,0,0,0,102,287,STRING_v12,,,,
AHSA1,RPL9,0,0,0,0,0,83,0,292,0,0,0,0,0,323,STRING_v12,,,,
RPL8,PRAMEF6,0,56,0,0,0,0,361,0,303,0,0,0,120,580,STRING_v12,,,,
KIFC3,FXR2,0,0,0,0,0,60,0,0,0,0,0,417,0,428,STRING_v12,,,,
GLYAT,C3orf33,0,0,0,0,0,0,0,0,44,0,0,290,132,359,STRING_v12,,,,
LIF,CXCL5,0,0,0,0,0,68,104,0,0,0,0,301,53,373,STRING_v12,,,,
INSYN2A,SECISBP2L,0,0,0,0,0,0,0,372,0,0,0,0,52,379,STRING_v12,,,,
PRDX5,SECISBP2L,0,0,0,0,0,0,67,0,227,0,0,0,155,337,STRING_v12,,,,
AGTR2,CMA1,0,0,0,0,0,47,0,0,52,0,0,412,120,469,STRING_v12,,,,
OPN4,EOMES,0,0,0,0,0,0,0,0,0,0,0,265,44,267,STRING_v12,,,,
LNPEP,CMA1,0,0,0,0,0,0,0,0,45,0,0,248,62,267,STRING_v12,,,,
FURIN,LAMP1,0,0,0,0,0,74,0,0,0,0,0,322,57,356,STRING_v12,Yes,No,,
ACKR2,EOMES,0,0,0,0,0,42,0,0,0,0,0,348,44,350,STRING_v12,,,,
SOX15,FXR2,0,0,130,0,0,43,0,0,0,0,0,84,165,278,STRING_v12,,,,
JAK3,TYK2,0,0,0,66,866,72,55,292,0,0,0,864,0,906,STRING_v12,Yes,No,Yes,No
MMP13,CXCL5,0,0,0,0,0,44,85,0,0,0,0,327,48,364,STRING_v12,,,,
TSFM,PYCR1,0,42,0,0,0,55,0,88,0,0,0,193,130,314,STRING_v12,,,,
CDK14,TYK2,0,0,0,0,581,0,244,0,98,0,0,0,57,300,STRING_v12,,,Yes,No
RPL13,PRAMEF6,0,0,0,0,0,0,401,0,422,0,0,0,157,682,STRING_v12,,,,
EXOC2,PTPRU,0,0,0,0,0,0,53,0,0,0,0,398,0,405,STRING_v12,,,,
POLR3A,PRAMEF6,0,57,0,0,0,0,386,0,189,0,0,0,133,538,STRING_v12,,,,
EZR,CCM2,0,0,0,0,0,0,0,0,66,0,0,269,66,306,STRING_v12,No,No,,
ITGA3,PTPRU,0,0,0,0,0,74,0,0,74,0,0,213,50,273,STRING_v12,,,,
RPN1,LAMP1,0,0,0,0,0,122,100,162,0,0,0,92,92,354,STRING_v12,No,No,,
PIK3CD,NRBF2,0,0,0,0,0,55,0,0,0,360,0,0,86,398,STRING_v12,Yes,No,,
MAPKAPK5,CARD14,0,0,0,0,0,0,0,0,0,0,0,159,347,427,STRING_v12,,,,
PHF14,PCBD2,0,0,0,0,0,63,0,213,0,0,0,220,0,374,STRING_v12,,,,
MEIS2,TBX22,0,0,0,0,0,0,0,0,57,0,0,411,69,437,STRING_v12,,,,
MSRB1,PRAMEF6,0,0,0,0,0,0,0,0,178,0,0,550,0,614,STRING_v12,,,,
UBD,PRAMEF6,0,0,0,0,0,0,199,0,185,0,0,0,65,336,STRING_v12,,,,
EIF2AK2,TYK2,0,0,0,0,573,49,86,292,0,0,0,255,0,480,STRING_v12,,,Yes,No
P2RX2,TRPV1,0,0,0,0,0,0,0,0,0,0,0,668,52,671,STRING_v12,,,,
TRAF3,DTX1,0,0,0,0,0,42,0,0,0,0,0,356,50,362,STRING_v12,No,Yes,No,Yes
IL3,TYK2,0,0,0,0,0,0,0,0,0,0,0,644,0,644,STRING_v12,Yes,No,Yes,No
TLR8,SRGN,0,0,0,0,0,197,106,0,0,0,0,76,0,278,STRING_v12,,,,
SLC34A1,PCBD2,0,0,0,0,0,0,74,0,0,0,215,0,104,291,STRING_v12,,,,
FGF17,EOMES,0,0,0,0,0,64,0,0,0,0,0,267,68,304,STRING_v12,,,,
MRPL12,PRAMEF6,0,61,0,0,0,0,449,0,422,0,0,0,163,716,STRING_v12,,,,
APRT,CARD14,0,48,0,0,0,0,294,0,0,0,265,0,155,526,STRING_v12,,,,
CHD4,RPL9,0,0,0,0,0,67,0,292,0,0,0,0,0,311,STRING_v12,Yes,No,,
PRMT2,SETDB2,0,0,0,0,0,47,55,0,49,0,0,223,71,269,STRING_v12,,,No,Yes
ATAD2B,CHD8,0,0,0,0,0,253,55,0,166,0,0,0,80,385,STRING_v12,,,,
EFHB,MRGPRE,0,0,0,0,0,0,0,0,0,0,0,276,0,276,STRING_v12,,,,
TCP1,RPL9,0,0,0,0,0,483,87,0,0,0,0,0,147,562,STRING_v12,,,,
MEAF6,FXR2,0,0,0,0,0,0,0,420,0,0,0,0,0,420,STRING_v12,,,,
GCHFR,PCBD2,0,0,0,0,0,0,75,0,0,0,0,202,166,330,STRING_v12,,,,
LIPT2,IAH1,0,0,0,0,0,0,0,0,0,0,0,0,349,349,STRING_v12,,,,
PCDH11X,PTPRU,0,0,0,0,0,0,62,0,102,0,0,294,0,353,STRING_v12,,,,
DHTKD1,ARNTL2,0,0,0,0,0,0,0,311,0,0,0,0,57,322,STRING_v12,,,,
SCN5A,TRPV1,0,0,0,0,0,0,0,0,0,0,0,355,62,369,STRING_v12,,,,
ARL5B,LAMP1,0,0,0,0,0,0,74,0,0,0,0,392,73,432,STRING_v12,,,,
DBX1,EOMES,0,0,0,0,0,0,0,0,71,0,0,248,74,296,STRING_v12,,,,
MRPL2,RPL9,0,102,0,0,0,54,659,0,579,0,0,0,240,890,STRING_v12,,,,
VAV1,TYK2,0,0,0,0,0,79,67,292,0,0,0,563,0,698,STRING_v12,Yes,No,Yes,No
UBC,PPIAL4C,0,0,0,0,0,0,363,0,96,0,0,0,73,419,STRING_v12,,,,
IFNG,TRPV1,0,0,0,0,0,0,0,0,0,0,0,370,45,372,STRING_v12,,,,
POU3F1,EOMES,0,0,0,0,0,0,61,0,91,0,0,247,0,301,STRING_v12,,,,
PTPN11,NFASC,0,0,0,0,0,0,0,0,139,0,0,56,166,262,STRING_v12,Yes,No,,
MSX2,EOMES,0,0,0,0,0,0,0,0,57,0,0,220,74,259,STRING_v12,,,,
IFIT1,SRGN,0,0,0,0,0,62,0,0,0,0,0,0,264,280,STRING_v12,,,,
ADAR,FXR2,0,0,0,0,0,67,0,0,71,0,0,222,86,301,STRING_v12,,,,
CHMP4B,FXR2,0,0,0,0,0,67,0,292,91,0,0,0,0,347,STRING_v12,,,,
ATG13,NRBF2,0,0,0,0,0,49,0,0,0,0,0,529,226,623,STRING_v12,,,,
CASP1,CXCL5,0,0,0,0,0,60,90,0,0,0,0,296,0,345,STRING_v12,,,,
ESAM,DTX1,0,0,0,0,0,55,0,0,0,0,0,228,73,264,STRING_v12,,,No,Yes
PNPLA1,CARD14,0,0,0,0,0,0,53,0,0,0,0,184,210,336,STRING_v12,,,,
NCKAP1,CHD8,0,0,0,0,0,42,0,0,0,0,0,290,88,325,STRING_v12,,,,
TBC1D1,CARD14,0,0,0,0,0,0,49,0,0,0,0,58,295,313,STRING_v12,,,,
TYR,PYCR1,0,0,0,0,0,73,0,0,0,0,0,337,0,359,STRING_v12,,,,
GDNF,TRPV1,0,0,0,0,0,0,0,0,0,0,0,684,0,684,STRING_v12,,,,
BTLA,EOMES,0,0,0,0,0,74,103,0,0,0,0,390,111,489,STRING_v12,No,No,,
NGF,CXCL5,0,0,0,0,0,0,0,0,0,0,0,488,0,487,STRING_v12,,,,
RETREG1,RPL9,0,0,0,0,0,44,0,0,451,0,0,0,51,458,STRING_v12,,,,
SYT7,LAMP1,0,0,0,0,0,0,0,0,0,0,0,684,41,684,STRING_v12,,,,
PWWP3A,TYK2,0,0,0,0,0,63,0,0,197,0,105,0,0,267,STRING_v12,,,Yes,No
CUL5,TYK2,0,0,0,0,0,0,0,0,0,500,0,220,72,606,STRING_v12,,,Yes,No
AGXT,SLC13A2,0,95,0,0,0,83,67,0,0,0,0,134,89,277,STRING_v12,,,,
BCL6,DTX1,0,0,0,0,0,58,53,0,65,0,0,263,0,303,STRING_v12,Yes,No,No,Yes
PTPRC,SRGN,0,0,0,0,0,312,186,0,0,0,0,180,0,500,STRING_v12,No,No,,
STX5,LAMP1,0,0,0,0,0,60,0,112,0,0,0,302,163,447,STRING_v12,,,,
C15orf40,PPIAL4C,0,0,0,0,0,0,0,0,304,0,0,0,0,304,STRING_v12,,,,
PAXIP1,POLN,0,0,0,0,0,49,110,0,71,0,0,55,168,269,STRING_v12,,,,
REST,PRAMEF6,0,0,0,218,0,0,0,0,97,0,0,0,0,263,STRING_v12,No,Yes,,
PRSS45P,SLC13A2,0,0,0,0,0,0,55,0,0,0,0,255,115,322,STRING_v12,,,,
RUNX3,EOMES,0,0,0,0,0,137,74,0,64,0,0,601,49,664,STRING_v12,,,,
EMX1,EOMES,0,0,0,0,0,48,0,0,49,0,0,582,131,627,STRING_v12,,,,
MCMDC2,ZNF525,0,0,0,0,0,0,0,0,0,0,0,348,0,347,STRING_v12,,,,
ZNF711,TBX22,0,0,0,0,0,86,0,0,0,0,0,203,115,299,STRING_v12,,,,
IL20RB,TYK2,0,0,0,0,0,0,51,0,97,650,0,220,0,734,STRING_v12,,,Yes,No
TRPV3,SRGN,0,0,0,265,0,0,0,0,0,0,0,0,0,265,STRING_v12,,,,
TMEM192,LAMP1,0,0,0,0,0,56,55,434,43,0,0,397,91,673,STRING_v12,,,,
CDK17,TYK2,0,0,0,0,574,0,244,0,98,0,0,0,57,300,STRING_v12,,,Yes,No
LARS2,RPL9,0,44,0,0,0,42,197,0,0,0,0,0,281,400,STRING_v12,,,,
MT-ND3,LINS1,0,0,0,0,0,0,0,0,0,0,0,379,0,379,STRING_v12,,,,
OGG1,POLN,0,57,0,0,0,0,0,0,0,0,0,125,252,328,STRING_v12,,,,
SLC17A5,LAMP1,0,0,0,0,0,74,0,0,0,0,0,762,71,777,STRING_v12,,,,
PTCH2,NFXL1,0,0,0,0,0,0,0,0,0,0,0,0,349,349,STRING_v12,,,,
GPR132,TRPV1,0,0,0,0,0,0,0,0,0,0,0,310,115,363,STRING_v12,,,,
EMP1,SRGN,0,0,0,0,0,70,0,0,0,0,0,249,115,327,STRING_v12,,,,
PGM3,TYK2,0,0,0,0,0,0,0,0,0,0,0,305,56,315,STRING_v12,,,Yes,No
MAGEA3,LAMP1,0,0,0,0,0,0,0,0,0,0,0,270,0,270,STRING_v12,,,,
LAG3,CXCL5,0,0,0,0,0,0,0,0,134,0,0,269,0,339,STRING_v12,,,,
ANK3,CCM2,0,0,0,0,0,0,64,0,98,0,0,287,0,345,STRING_v12,,,,
MARCHF5,USP35,0,0,0,0,0,0,0,0,0,0,0,290,254,447,STRING_v12,,,,
AK9,RPL9,0,61,0,0,0,0,487,0,0,0,0,0,138,548,STRING_v12,,,,
FMN1,CCM2,0,0,0,0,0,0,51,0,99,0,0,303,54,360,STRING_v12,,,,
LYAR,RPL9,0,0,0,0,0,58,0,800,0,0,0,0,0,803,STRING_v12,,,,
GATA6,EOMES,0,0,0,0,0,0,57,0,68,0,0,580,135,637,STRING_v12,Yes,No,,
NOP53,RPL9,0,0,0,0,0,146,0,0,843,0,0,59,0,862,STRING_v12,,,,
WAS,LAMP1,0,0,0,0,0,54,53,0,0,0,0,323,51,347,STRING_v12,No,No,,
RORC,ARNTL2,0,0,0,0,0,0,0,329,113,0,0,323,65,572,STRING_v12,,,,
GALNT1,SRGN,0,0,0,0,0,42,0,0,0,0,0,337,0,337,STRING_v12,,,,
ZBTB16,EOMES,0,0,0,0,0,49,0,0,54,0,0,583,52,596,STRING_v12,No,No,,
ACTB,CMA1,0,0,0,0,0,0,0,0,97,0,0,205,52,260,STRING_v12,No,No,,
SEBOX,TBX22,0,0,0,0,0,49,0,0,126,0,0,157,192,358,STRING_v12,,,,
STX17,NRBF2,0,0,0,0,0,0,0,0,0,0,0,418,0,418,STRING_v12,,,,
TP53,CXCL5,0,0,0,0,0,0,47,0,0,0,0,357,0,361,STRING_v12,No,Yes,,
DLG5,PTPRU,0,0,0,0,0,85,56,0,66,0,0,76,166,264,STRING_v12,,,,
SRP19,RPL9,0,0,0,0,0,74,67,830,363,0,0,0,0,894,STRING_v12,,,,
CYFIP2,CCM2,0,0,0,0,0,48,0,0,50,0,0,307,0,318,STRING_v12,,,,
TMPRSS2,TYK2,0,0,0,0,0,0,0,0,96,0,0,288,0,328,STRING_v12,No,No,Yes,No
USF1,FXR2,0,0,0,0,0,60,0,0,0,0,0,333,0,346,STRING_v12,,,,
RPL8,NFXL1,0,0,0,0,0,0,0,0,319,0,0,0,0,319,STRING_v12,,,,
ETV1,EOMES,0,0,0,0,0,0,52,0,45,0,0,312,42,323,STRING_v12,Yes,No,,
TYR,LAMP1,0,0,0,0,0,0,0,0,45,0,0,367,0,369,STRING_v12,,,,
VPS13B,CHD8,0,0,0,0,0,60,60,0,62,0,0,226,0,272,STRING_v12,,,,
LTB,EOMES,0,0,0,0,0,84,98,0,0,0,0,204,76,310,STRING_v12,Yes,Yes,,
RDH10,PCBD2,0,0,0,0,0,0,74,0,0,0,215,0,104,291,STRING_v12,,,,
RRBP1,LAMP1,0,0,0,0,0,86,0,0,45,0,0,404,0,434,STRING_v12,,,,
CHD3,RPL9,0,0,0,0,0,44,0,292,0,0,0,0,0,294,STRING_v12,,,,
TOMM40,PYCR1,0,0,0,0,0,90,51,0,0,0,0,54,246,301,STRING_v12,,,,
DHDDS,POLN,0,42,0,0,0,0,101,0,0,0,0,0,259,306,STRING_v12,,,,
IL17F,TYK2,0,0,0,0,0,0,99,0,0,0,0,470,44,503,STRING_v12,,,Yes,No
IL2RG,EOMES,0,0,0,0,0,72,103,0,0,0,0,395,65,466,STRING_v12,,,,
CER1,EOMES,0,0,0,0,0,82,83,0,0,0,0,434,45,484,STRING_v12,,,,
MBD5,CHD8,0,0,0,0,0,60,55,0,107,0,0,507,50,560,STRING_v12,,,,
EFCAB6,SETDB2,0,0,0,0,0,0,0,0,69,0,0,138,160,267,STRING_v12,,,No,Yes
NPPB,TRPV1,0,0,0,0,0,0,0,0,0,0,0,310,80,338,STRING_v12,,,,
OCIAD1,NFXL1,0,0,0,0,0,53,0,0,0,0,0,323,250,477,STRING_v12,,,,
MMP12,CXCL5,0,0,0,0,0,108,58,0,0,0,0,419,0,469,STRING_v12,,,,
CHRNA2,GLRA3,0,0,0,201,577,64,51,0,0,0,0,154,91,355,STRING_v12,,,,
PCBP3,FXR2,0,0,0,0,0,0,0,0,91,0,0,153,120,263,STRING_v12,,,,
NDUFS8,RPL9,0,0,0,0,0,49,111,0,100,0,0,60,136,269,STRING_v12,,,,
CCNT1,CHD8,0,0,0,0,0,322,0,0,46,0,0,0,68,344,STRING_v12,,,,
LMAN1,SCAMP1,0,0,0,0,0,110,0,125,0,0,0,90,93,271,STRING_v12,,,,
ZBTB7A,DTX1,0,0,0,0,0,49,53,0,65,0,0,390,0,417,STRING_v12,Yes,Yes,No,Yes
HMG20A,CHD8,0,0,0,0,0,74,0,0,114,0,0,137,349,477,STRING_v12,,,,
AKAP10,CRTAP,0,0,0,0,0,49,0,292,0,0,0,0,0,297,STRING_v12,,,,
HDC,SRGN,0,0,0,0,0,80,0,0,0,0,0,247,0,277,STRING_v12,,,,
SIRT1,LAMP1,0,0,0,0,0,0,0,0,0,0,0,272,63,288,STRING_v12,,,,
DCLRE1B,POLN,0,0,0,0,0,0,96,0,0,500,0,367,115,712,STRING_v12,,,,
CSNK1G1,CHD8,0,0,0,0,0,247,56,0,55,0,0,0,102,316,STRING_v12,,,,
TET2,CHD8,0,0,0,0,0,49,103,0,0,0,0,190,81,280,STRING_v12,No,Yes,,
POLR2C,PRAMEF6,0,57,0,0,0,0,386,0,190,0,0,0,133,538,STRING_v12,,,,
TP53BP1,TBX22,0,0,0,0,0,0,0,0,0,0,0,340,0,340,STRING_v12,No,Yes,,
PODXL,LAMP1,0,0,0,0,0,42,0,0,45,0,0,352,0,355,STRING_v12,,,,
FAHD1,PCBD2,0,83,0,0,0,67,140,0,0,0,0,0,162,300,STRING_v12,,,,
BCAT1,PYCR1,0,59,0,0,0,67,0,0,0,0,0,223,168,356,STRING_v12,,,,
ORC3,CHD8,0,0,0,0,0,300,0,0,71,0,0,0,78,348,STRING_v12,,,,
IKZF1,TYK2,0,0,0,0,0,48,45,0,71,0,0,310,0,339,STRING_v12,No,No,Yes,No
PXDNL,TRPV1,0,0,0,0,0,0,0,0,0,0,0,435,111,476,STRING_v12,,,,
UBE2L3,TYK2,0,0,0,0,0,42,99,0,88,0,0,294,49,375,STRING_v12,,,Yes,No
BTN3A1,LAMP1,0,0,0,0,0,0,0,0,0,0,0,264,0,264,STRING_v12,,,,
CCL18,CXCL5,0,0,0,0,0,75,67,0,0,0,0,722,81,750,STRING_v12,,,,
TRAF2,FXR2,0,0,0,0,0,57,0,206,0,0,0,0,102,268,STRING_v12,No,No,,
ADD3,NFASC,0,0,0,0,0,0,0,0,0,0,0,269,44,271,STRING_v12,,,,
RBBP4,SETDB2,0,0,0,0,0,0,61,0,190,0,0,60,101,271,STRING_v12,,,No,Yes
AP1S2,CCM2,0,0,0,0,0,42,0,273,0,0,0,0,70,295,STRING_v12,,,,
SPINK5,CMA1,0,0,0,0,0,54,0,0,96,0,0,554,45,587,STRING_v12,,,,
DES,PTPRU,0,0,0,200,0,0,74,0,45,0,0,63,70,271,STRING_v12,,,,
MRPL30,RPL9,0,0,0,0,0,62,67,0,510,0,0,0,80,552,STRING_v12,,,,
TNFRSF11B,DTX1,0,0,0,0,0,0,0,0,0,0,0,337,0,337,STRING_v12,,,No,Yes
ETS1,EOMES,0,0,0,0,0,74,106,0,45,0,0,398,0,460,STRING_v12,Yes,Yes,,
ANAPC10,USP35,0,0,0,0,0,0,0,0,0,0,0,0,298,298,STRING_v12,,,,
VIM,EOMES,0,0,0,0,0,0,48,0,0,0,0,349,81,380,STRING_v12,,,,
RAG2,LAMP1,0,0,0,0,0,0,0,0,0,0,0,267,0,267,STRING_v12,,,,
KLRK1,CXCL5,0,0,0,0,0,0,53,0,0,0,0,271,0,280,STRING_v12,,,,
KCNB1,RPL9,0,0,0,0,0,0,293,0,298,0,0,0,90,508,STRING_v12,,,,
NUFIP2,FXR2,0,0,0,0,0,55,0,372,0,0,0,851,44,904,STRING_v12,,,,
NR1D1,ARNTL2,0,0,0,0,0,0,0,0,0,0,0,669,90,685,STRING_v12,,,,
PLAUR,TYK2,0,0,0,0,0,56,55,292,0,0,0,733,0,808,STRING_v12,,,Yes,No
ZNF266,SETDB2,0,0,0,0,0,258,67,0,95,0,0,0,0,318,STRING_v12,,,No,Yes
ZYG11A,PRAMEF6,0,0,0,0,0,0,0,0,0,540,0,0,0,540,STRING_v12,,,,
CDK5,TRPV1,0,0,0,0,0,0,0,0,0,0,0,321,0,321,STRING_v12,,,,
GJB1,NFASC,0,0,0,0,0,72,0,0,0,0,0,366,0,386,STRING_v12,,,,
GZMA,CMA1,0,0,0,112,854,55,202,0,0,0,0,115,0,328,STRING_v12,,,,
NLGN3,FXR2,0,0,0,0,0,0,0,0,0,0,0,371,132,430,STRING_v12,,,,
CCL5,TYK2,0,0,0,0,0,49,62,0,0,0,0,329,47,353,STRING_v12,,,Yes,No
CRK,CCM2,0,0,0,0,0,49,0,0,50,0,0,406,0,416,STRING_v12,,,,
HNRNPR,FXR2,0,0,0,0,0,200,0,58,42,0,0,270,91,433,STRING_v12,,,,
HIF3A,ARNTL2,0,0,0,0,600,0,0,0,284,0,0,145,116,411,STRING_v12,,,,
SH3GL1,FXR2,0,0,0,0,0,193,0,0,0,0,0,150,41,284,STRING_v12,No,No,,
SELENOV,PRAMEF6,0,0,0,0,0,0,0,0,45,0,0,378,0,380,STRING_v12,,,,
HSD17B1,PCBD2,0,0,0,0,0,49,74,0,0,0,215,0,104,297,STRING_v12,,,,
HTT,FXR2,0,0,0,0,0,49,0,0,0,0,0,271,69,298,STRING_v12,,,,
PRR14,TYK2,0,0,0,0,0,260,0,0,0,0,0,0,0,260,STRING_v12,,,Yes,No
PLAT,SRGN,0,0,0,0,0,56,0,0,0,0,0,477,0,485,STRING_v12,,,,
CXCL1,SRGN,0,0,0,0,0,118,0,0,0,0,0,436,0,481,STRING_v12,,,,
CYTIP,SRGN,0,0,0,0,0,331,55,0,0,0,0,0,0,340,STRING_v12,,,,
GATA4,EOMES,0,0,0,0,0,0,57,0,68,0,0,736,72,755,STRING_v12,No,Yes,,
KAT2B,CHD8,0,0,0,0,0,0,46,0,173,0,0,160,159,368,STRING_v12,,,,
FAIM2,CARD14,0,0,0,0,0,44,0,0,0,0,0,68,260,283,STRING_v12,,,,
FLT3,EOMES,0,0,0,0,0,64,80,0,46,0,0,245,49,302,STRING_v12,Yes,No,,
MTFMT,CARD14,0,59,0,0,0,67,139,0,0,0,0,0,138,261,STRING_v12,,,,
DNM1L,LAMP1,0,0,0,0,0,49,57,0,0,0,0,317,112,383,STRING_v12,,,,
KPNA1,IPO11,0,0,0,0,0,68,0,0,0,0,0,370,166,467,STRING_v12,,,,
ITGAE,LAMP1,0,0,0,0,0,0,0,0,0,0,0,446,0,446,STRING_v12,,,,
FANCC,POLN,0,0,0,0,0,0,0,0,0,500,0,323,73,658,STRING_v12,No,Yes,,
CADM1,NFASC,0,0,0,0,0,78,0,0,45,0,0,277,51,315,STRING_v12,,,,
SLCO6A1,LAMP1,0,0,0,0,0,0,56,0,0,0,0,374,0,383,STRING_v12,,,,
ITSN1,PLEKHG4,0,0,0,0,0,0,0,0,0,0,0,252,155,340,STRING_v12,,,,
RPL41,RPL9,0,0,0,0,0,432,73,0,319,0,0,325,0,725,STRING_v12,,,,
COL17A1,CRTAP,0,0,0,0,0,0,0,0,0,500,0,0,47,503,STRING_v12,,,,
THBS1,SRGN,0,0,0,0,0,83,0,0,0,0,0,437,0,461,STRING_v12,,,,
MT-ATP6,PYCR1,0,75,0,0,0,44,0,0,0,0,0,636,64,658,STRING_v12,,,,
COL8A1,SRGN,0,0,0,0,0,67,0,0,0,0,0,69,286,325,STRING_v12,,,,
CXCR5,EOMES,0,0,0,0,0,68,0,0,0,0,0,507,90,545,STRING_v12,,,,
NR0B1,EOMES,0,0,0,0,0,0,0,0,71,0,0,248,43,273,STRING_v12,,,,
TXNRD1,SECISBP2L,0,0,0,0,0,0,93,0,186,0,0,108,175,383,STRING_v12,,,,
FCGR3A,TYK2,0,0,0,0,0,0,87,0,0,0,0,238,0,274,STRING_v12,,,Yes,No
CUBN,LAMP1,0,0,0,0,0,0,0,0,0,0,0,176,203,315,STRING_v12,,,,
IL4,EOMES,0,0,0,0,0,42,0,0,0,0,0,512,0,512,STRING_v12,,,,
TACO1,IAH1,0,231,0,0,0,54,0,0,0,0,0,0,349,485,STRING_v12,,,,
METAP2,RPL9,0,95,0,0,0,84,598,189,404,0,0,0,109,823,STRING_v12,,,,
VAV2,TYK2,0,0,0,0,0,43,67,0,0,0,0,447,0,463,STRING_v12,Yes,No,Yes,No
RPL6,PRAMEF6,0,55,0,0,0,0,333,0,296,0,0,0,114,554,STRING_v12,,,,
RRM1,CARD14,0,0,0,0,0,0,0,0,0,0,280,0,135,350,STRING_v12,,,,
CCHCR1,CARD14,0,0,0,0,0,0,0,0,0,0,0,290,0,290,STRING_v12,,,,
G6PD,PYCR1,0,44,0,0,0,74,0,0,0,0,0,223,136,326,STRING_v12,,,,
MIXL1,EOMES,0,0,0,0,0,0,86,0,95,500,0,669,349,894,STRING_v12,,,,
CBFA2T3,CCM2,0,0,0,0,0,0,0,0,51,0,0,104,207,266,STRING_v12,No,Yes,,
CHRNA7,GLRA3,0,0,0,182,573,0,56,0,0,0,0,140,83,310,STRING_v12,,,,
SERBP1,FXR2,0,0,0,0,0,97,0,601,246,0,0,194,166,784,STRING_v12,,,,
IFT22,PCBD2,0,0,0,0,0,65,0,0,0,0,0,181,350,458,STRING_v12,,,,
AMBP,LAMP1,0,0,0,0,0,0,0,0,0,0,0,351,0,351,STRING_v12,,,,
CCL13,CXCL5,0,0,0,0,0,67,87,0,0,500,0,577,81,804,STRING_v12,,,,
ASCC1,PRAMEF6,0,0,0,0,0,0,0,0,299,0,0,0,0,299,STRING_v12,,,,
SLC51B,SLC13A2,0,0,0,0,0,99,102,0,0,0,0,203,0,298,STRING_v12,,,,
MSLN,CARD14,0,0,0,274,0,0,0,0,0,0,0,0,51,281,STRING_v12,,,,
CNGA1,SRGN,0,0,0,0,0,0,0,0,0,0,0,0,288,288,STRING_v12,,,,
MT-CYB,LINS1,0,0,0,0,0,0,0,0,0,0,0,447,0,447,STRING_v12,,,,
INPP5E,CCM2,0,0,0,0,0,67,0,0,0,0,0,343,0,360,STRING_v12,,,,
COL6A3,MFAP5,0,0,0,0,0,99,87,0,0,0,0,310,47,386,STRING_v12,,,,
PCP2,CXCL5,0,0,0,0,0,0,0,0,0,400,0,0,0,400,STRING_v12,,,,
KPNA3,SETDB2,0,0,0,0,0,79,56,0,62,0,0,277,157,412,STRING_v12,,,No,Yes
ZNF841,SETDB2,0,0,0,0,0,49,67,0,95,0,0,203,353,510,STRING_v12,,,No,Yes
HADHA,RPL9,0,0,0,0,0,74,0,0,312,0,0,0,0,335,STRING_v12,,,,
CDKN1C,DTX1,0,0,0,0,0,0,249,0,0,0,0,59,47,267,STRING_v12,,,No,Yes
SULF1,MFAP5,0,0,0,0,0,144,90,162,0,0,0,213,0,417,STRING_v12,,,,
MRPL22,RPL9,0,102,0,0,0,110,657,183,579,0,0,0,240,911,STRING_v12,,,,
RPS27A,PPIAL4C,0,0,0,0,0,0,192,0,96,0,0,0,113,295,STRING_v12,,,,
PARK7,RPL9,0,42,0,0,0,127,104,0,181,0,0,0,82,333,STRING_v12,,,,
ALOX15,TRPV1,0,0,0,0,0,49,46,0,0,0,0,254,64,281,STRING_v12,,,,
ARG2,CXCL5,0,0,0,0,0,47,62,0,0,0,0,324,0,342,STRING_v12,,,,
TGFB2,CXCL5,0,0,0,0,0,56,83,0,0,0,0,368,0,405,STRING_v12,,,,
PTPRK,PTPRU,0,0,0,51,962,84,67,203,89,0,0,388,0,556,STRING_v12,No,No,,
VAPA,LAMP1,0,0,0,0,0,42,0,109,0,0,0,367,116,458,STRING_v12,,,,
KPNB1,IPO11,0,0,0,0,0,78,0,0,0,0,0,768,350,848,STRING_v12,,,,
ESX1,EOMES,0,0,0,0,0,0,0,0,71,0,0,241,68,285,STRING_v12,,,,
CBSL,LINS1,0,0,0,0,0,0,0,0,0,0,0,379,0,379,STRING_v12,,,,
GFAP,NFASC,0,0,0,0,0,127,74,0,0,0,0,229,0,322,STRING_v12,,,,
ZBTB40,NFXL1,0,0,0,0,0,95,46,0,0,0,0,205,167,351,STRING_v12,,,,
RORB,ARNTL2,0,0,0,0,0,56,0,0,113,0,0,517,65,571,STRING_v12,,,,
MAPK13,TRPV1,0,0,0,0,0,0,0,0,0,0,0,222,91,262,STRING_v12,,,,
RDX,TYK2,0,0,0,0,0,0,47,0,44,0,0,370,45,378,STRING_v12,,,Yes,No
PTPRG,PTPRU,0,0,0,0,628,81,0,0,113,0,0,214,115,357,STRING_v12,,,,
TRIM43,PRAMEF6,0,0,0,0,0,129,57,0,105,0,0,418,0,514,STRING_v12,,,,
QRICH2,USP35,0,0,0,0,0,260,0,0,52,0,0,0,0,268,STRING_v12,,,,
LAMP3,CXCL5,0,0,0,0,0,48,0,0,0,0,0,409,57,423,STRING_v12,,,,
SYPL2,PTPRU,0,0,0,0,0,74,0,0,67,0,0,255,0,300,STRING_v12,,,,
SDC3,SRGN,0,0,0,0,0,0,0,0,0,0,0,325,75,348,STRING_v12,,,,
RPS4Y1,NFXL1,0,0,0,0,0,0,0,0,287,0,0,0,0,286,STRING_v12,,,,
IL5,LAMP1,0,0,0,0,0,0,0,0,0,0,0,323,0,323,STRING_v12,,,,
MRPL21,PCBD2,0,0,0,0,0,49,103,0,0,0,0,221,0,277,STRING_v12,,,,
DOT1L,SETDB2,0,0,0,0,0,0,55,0,117,0,0,353,115,458,STRING_v12,Yes,No,No,Yes
LAG3,LAMP1,0,0,0,0,0,0,0,0,0,0,0,506,72,521,STRING_v12,,,,
SLC5A8,SLC13A2,0,42,0,0,0,44,74,0,0,0,0,391,182,500,STRING_v12,,,,
HJURP,PRAMEF6,0,0,0,337,0,0,0,0,0,0,0,0,0,337,STRING_v12,,,,
UBB,POLN,0,0,0,0,0,0,55,0,0,500,0,0,0,507,STRING_v12,,,,
MTG2,CARD14,0,45,0,0,0,141,142,0,0,0,0,0,115,293,STRING_v12,,,,
NFATC2IP,CHD8,0,0,0,0,0,212,0,224,152,0,0,0,77,457,STRING_v12,,,,
H2AX,CHD8,0,0,0,0,0,0,0,292,153,0,0,73,54,403,STRING_v12,,,,
SLC6A14,SLC13A2,0,0,0,0,0,50,55,0,0,0,0,197,100,264,STRING_v12,,,,
SERAC1,CARD14,0,0,0,0,0,0,0,0,0,0,0,0,349,349,STRING_v12,,,,
HNMT,PTPRU,0,0,0,0,0,0,0,0,0,0,0,372,0,372,STRING_v12,,,,
DDX20,TRPV1,0,0,0,0,0,0,0,0,0,0,0,0,282,282,STRING_v12,,,,
MORF4L2,MRGPRE,0,0,0,0,0,0,0,0,0,0,0,358,0,358,STRING_v12,,,,
VWF,CXCL5,0,0,0,0,0,49,0,0,0,0,0,299,0,304,STRING_v12,,,,
IRF8,SRGN,0,0,0,0,0,162,140,0,0,0,0,119,0,309,STRING_v12,No,Yes,,
FGFR4,CXCL5,0,0,0,0,0,0,0,0,0,0,0,356,0,356,STRING_v12,Yes,No,,
RARS1,RPL9,0,0,0,0,0,245,291,0,0,0,0,0,281,581,STRING_v12,,,,
BGN,MFAP5,0,0,0,0,0,83,107,0,0,0,0,373,0,441,STRING_v12,,,,
HDAC1,EOMES,0,0,0,0,0,0,75,0,91,0,0,201,91,307,STRING_v12,Yes,No,,
B3GALT2,GNPTAB,0,0,0,0,0,0,0,421,0,0,0,121,90,496,STRING_v12,,,,
EPOR,TYK2,0,0,0,0,0,65,0,0,91,650,0,698,53,899,STRING_v12,Yes,No,Yes,No
SYP,PLEKHG4,0,0,0,0,0,0,49,0,0,0,0,350,0,355,STRING_v12,,,,
ACIN1,CHD8,0,0,0,0,0,297,103,0,0,0,0,0,0,342,STRING_v12,,,,
P3H2,CRTAP,0,0,0,0,767,0,0,0,83,400,0,164,74,517,STRING_v12,,,,
PKD2L2,TRPV1,0,0,0,0,0,0,0,0,0,0,0,479,115,519,STRING_v12,,,,
FANCG,POLN,0,0,0,0,0,0,0,292,0,500,0,322,51,741,STRING_v12,No,Yes,,
RBM15,DTX1,0,0,0,0,0,0,0,0,0,0,0,352,0,351,STRING_v12,Yes,Yes,No,Yes
CBX8,LINS1,0,0,0,0,0,0,0,0,0,0,0,278,0,278,STRING_v12,,,,
SLX4,POLN,0,45,0,0,0,60,0,0,0,500,0,368,67,687,STRING_v12,No,Yes,,
REEP5,LINS1,0,0,0,0,0,44,0,0,0,0,0,418,0,419,STRING_v12,,,,
MRPS35,RPL9,0,0,0,0,0,127,107,0,808,0,0,0,0,837,STRING_v12,,,,
HAVCR2,CXCL5,0,0,0,0,0,43,0,0,134,0,0,286,0,356,STRING_v12,,,,
FBL,RPL9,0,0,0,0,0,182,150,126,85,0,0,181,0,461,STRING_v12,,,,
RPL39,NFXL1,0,0,0,0,0,0,0,0,319,0,0,0,0,319,STRING_v12,,,,
NCR3LG1,LAMP1,0,0,0,0,0,0,0,166,0,0,0,313,72,421,STRING_v12,,,,
FARS2,PRAMEF6,0,0,0,0,0,0,205,0,0,0,0,0,116,267,STRING_v12,,,,
LEF1,DTX1,0,0,0,0,0,48,0,0,0,0,0,264,0,269,STRING_v12,Yes,No,No,Yes
NUBPL,SETDB2,0,0,0,0,0,67,0,0,0,0,0,90,250,307,STRING_v12,,,No,Yes
GAD2,NFASC,0,0,0,0,0,129,85,0,0,0,0,234,71,356,STRING_v12,,,,
HOOK3,SCAMP1,0,0,0,0,0,67,0,0,0,0,0,416,64,445,STRING_v12,No,No,,
ABCC8,TRPV1,0,0,0,0,0,0,74,0,0,0,0,227,52,262,STRING_v12,,,,
CD79A,TYK2,0,0,0,0,0,63,74,226,0,0,0,413,0,553,STRING_v12,Yes,No,Yes,No
LYSMD2,LYSMD3,0,0,0,0,0,43,0,0,0,0,0,380,120,432,STRING_v12,,,,
EIF4E,RPL9,0,0,0,0,0,163,108,0,0,0,0,105,73,297,STRING_v12,Yes,No,,
PSMC6,RPL9,0,0,0,0,0,270,0,0,73,0,0,0,52,302,STRING_v12,,,,
UBE2K,RPL9,0,0,0,0,0,65,67,0,64,0,0,102,208,313,STRING_v12,,,,
M6PR,LAMP1,0,0,0,0,0,81,84,0,0,0,0,506,67,560,STRING_v12,,,,
ISLR,LAMP1,0,0,0,0,0,44,0,0,0,0,0,0,306,308,STRING_v12,,,,
FLYWCH2,GLRA3,0,0,0,0,0,0,0,0,0,0,0,265,91,303,STRING_v12,,,,
PPFIBP1,ARNTL2,0,0,0,0,0,68,0,0,0,0,0,223,192,363,STRING_v12,No,No,,
PAX9,TBX22,0,0,0,0,0,0,57,0,0,0,0,472,133,530,STRING_v12,,,,
BDKRB1,TRPV1,0,0,0,0,0,0,67,0,45,0,0,570,0,583,STRING_v12,,,,
CD163,EOMES,0,0,0,0,0,84,67,0,0,0,0,192,89,286,STRING_v12,,,,
FAHD2A,PCBD2,0,83,0,0,0,54,140,0,0,0,0,0,162,291,STRING_v12,,,,
RPL22L1,NFXL1,0,0,0,0,0,0,0,0,297,0,0,0,0,297,STRING_v12,,,,
JAK1,EOMES,0,0,0,0,0,54,86,0,0,0,0,246,49,297,STRING_v12,Yes,Yes,,
RDX,NFASC,0,0,0,0,0,0,55,0,0,0,0,297,100,349,STRING_v12,,,,
ZNF451,NFXL1,0,0,0,0,0,56,46,0,0,0,0,166,328,427,STRING_v12,,,,
CA4,SLC13A2,0,0,0,0,0,56,89,0,0,0,0,213,42,264,STRING_v12,,,,
STX16,LAMP1,0,0,0,0,0,64,0,73,0,0,0,224,65,286,STRING_v12,,,,
PHOSPHO2,IAH1,0,0,0,0,0,44,0,0,0,0,0,0,334,336,STRING_v12,,,,
PTGES3,PPIAL4C,0,0,0,0,0,0,191,0,112,0,0,0,87,286,STRING_v12,,,,
GMFG,SRGN,0,0,0,0,0,337,58,0,0,0,0,129,57,418,STRING_v12,,,,
GEMIN2,FXR2,0,0,0,0,0,58,0,0,0,0,0,194,125,277,STRING_v12,,,,
PLEKHA4,CHD8,0,0,0,0,0,0,0,292,66,0,0,89,84,374,STRING_v12,,,,
NCKAP5,OR2T27,0,0,0,0,0,0,0,0,52,0,0,418,0,424,STRING_v12,,,,
TRIM33,EOMES,0,0,0,0,0,0,0,0,45,500,0,111,63,549,STRING_v12,No,No,,
NR3C1,TRPV1,0,0,0,0,0,0,0,0,0,0,0,461,0,461,STRING_v12,,,,
GLS,PYCR1,0,0,0,0,0,42,0,0,0,0,0,322,0,322,STRING_v12,,,,
HLX,EOMES,0,0,0,0,0,42,0,0,71,0,0,553,46,569,STRING_v12,,,,
DDX21,RPL9,0,0,0,0,0,80,67,214,167,0,0,85,67,408,STRING_v12,,,,
TCOF1,CHD8,0,0,0,0,0,250,0,0,107,0,0,0,44,303,STRING_v12,,,,
LACC1,IAH1,0,0,0,0,0,0,0,0,0,0,0,0,290,290,STRING_v12,,,,
CDY1B,RPL9,0,0,0,0,0,0,0,0,312,0,0,0,0,311,STRING_v12,,,,
SPINK8,CHD8,0,0,0,0,0,0,0,0,0,0,0,0,301,301,STRING_v12,,,,
H7C2Y5_HUMAN,RPL9,0,0,0,0,0,0,63,0,261,0,0,0,53,286,STRING_v12,,,,
IL3RA,LAMP1,0,0,0,0,0,0,45,0,0,0,0,326,0,328,STRING_v12,,,,
LYPLAL1,IAH1,0,0,0,0,0,55,0,0,0,0,0,202,116,275,STRING_v12,,,,
KCNC2,GLRA3,0,0,0,0,0,242,57,0,0,0,0,322,110,510,STRING_v12,,,,
RPL24,PRAMEF6,0,0,0,0,0,0,411,0,422,0,0,0,129,677,STRING_v12,,,,
VARS1,POLN,0,42,0,0,0,0,72,0,0,0,0,0,234,259,STRING_v12,,,,
KCNAB2,NFASC,0,0,0,0,0,0,0,0,0,0,0,277,52,285,STRING_v12,,,,
FAAH,TRPV1,0,0,0,0,0,47,0,0,0,0,0,842,115,855,STRING_v12,,,,
H3BN98_HUMAN,NFXL1,0,0,0,0,0,0,0,0,287,0,0,0,0,286,STRING_v12,,,,
LRRC25,TRPV1,0,0,0,0,0,0,0,0,0,0,0,0,348,347,STRING_v12,,,,
PIAS1,TYK2,0,0,0,0,0,55,55,0,71,0,0,366,101,440,STRING_v12,,,Yes,No
SLC26A3,SLC13A2,0,52,0,0,0,143,86,0,0,0,0,690,121,760,STRING_v12,,,,
H3-2,CHD8,0,0,0,0,0,0,0,0,189,0,0,482,91,584,STRING_v12,,,,
BCL2L1,LAMP1,0,0,0,0,0,49,0,0,0,0,0,290,0,295,STRING_v12,No,No,,
FKBP8,USP35,0,0,0,0,0,88,0,0,0,0,0,276,213,434,STRING_v12,,,,
SLC6A19,SLC13A2,0,0,0,0,0,177,58,0,0,0,0,123,100,306,STRING_v12,,,,
DIP2B,RPL9,0,0,0,0,0,47,0,0,249,0,0,0,115,311,STRING_v12,,,,
MMP1,CMA1,0,0,0,0,0,0,55,0,0,400,0,244,64,545,STRING_v12,,,,
RPS11,PPIAL4C,0,0,0,0,0,0,334,0,303,0,0,0,52,521,STRING_v12,,,,
MCM3AP,IPO11,0,0,0,0,0,83,0,232,73,0,0,0,52,298,STRING_v12,,,,
BCL2L11,EOMES,0,0,0,0,0,0,102,0,0,0,0,290,0,335,STRING_v12,No,Yes,,
ATP7A,ATP13A5,0,53,0,0,0,0,55,0,91,0,186,75,114,330,STRING_v12,,,,
SELENOS,PRAMEF6,0,0,0,0,0,0,68,0,0,0,0,275,0,295,STRING_v12,,,,
VCL,LAMP1,0,0,0,0,0,49,61,0,0,0,0,307,103,370,STRING_v12,,,,
PEBP4,RPL9,0,0,0,0,0,0,77,0,443,0,0,0,51,469,STRING_v12,,,,
NLGN4X,CHD8,0,0,0,0,0,0,55,0,46,0,0,475,0,485,STRING_v12,,,,
GRIA1,NFASC,0,0,0,0,0,138,48,0,0,0,0,201,79,315,STRING_v12,,,,
COL18A1,CRTAP,0,0,0,0,0,74,55,0,0,500,0,0,90,548,STRING_v12,,,,
PUM1,RPL9,0,0,0,0,0,68,77,0,221,0,0,69,0,292,STRING_v12,No,No,,
ATP5MC2,PRAMEF6,0,45,0,0,0,0,299,0,0,0,0,0,74,325,STRING_v12,,,,
ICOS,EOMES,0,0,0,0,0,97,104,0,0,0,0,542,73,610,STRING_v12,,,,
TNFRSF10B,LAMP1,0,0,0,0,0,49,0,143,0,0,0,222,0,310,STRING_v12,,,,
EPO,TYK2,0,0,0,0,0,0,0,0,46,0,0,700,51,704,STRING_v12,,,Yes,No
RBM8A,RPL9,0,0,0,0,0,67,140,189,0,0,0,0,0,292,STRING_v12,,,,
